10,25,893,43,0,202,18,208
8,24,892,45,2,558,1023,975
10,23,891,44,3,162,0,113
9,27,888,44,3,379,677,632
8,24,885,44,1,475,994,906
11,27,885,45,3,134,67,83
9,24,896,45,2,482,1023,792
9,24,903,44,2,151,42,0
9,27,898,44,1,213,220,67
8,25,897,44,2,748,1023,774
8,24,894,46,3,319,0,0
10,22,891,49,0,388,227,190
8,24,894,26,0,655,1023,0
8,23,890,12,3,268,0,0
8,24,893,11,2,344,227,203
9,22,899,12,3,615,1023,1009
9,23,907,16,3,240,0,0
9,23,905,15,2,576,570,524
11,22,906,17,3,695,1023,964
9,23,905,17,3,396,268,250
10,24,906,13,2,641,1023,913
10,23,906,14,2,229,2,12
8,23,904,13,0,526,968,911
11,25,904,15,2,435,726,624
11,24,900,13,5,310,484,460
10,23,903,16,2,469,1003,924
11,22,900,19,3,223,350,356
10,22,901,17,2,444,1020,1019
10,26,903,17,2,213,398,420
9,23,902,16,1,420,1017,1013
8,23,899,19,1,152,271,284
9,22,901,18,2,417,1023,1023
7,25,898,15,3,40,9,36
9,27,896,18,3,246,625,612
10,27,899,18,0,373,1009,992
10,24,901,19,0,122,316,353
9,22,899,18,3,353,1023,1020
11,22,898,22,3,68,209,219
8,22,899,48,0,401,1023,774
9,24,896,49,0,2,0,0
9,23,897,45,2,42,67,126
9,23,892,45,3,349,1023,961
11,24,897,44,2,129,342,258
8,24,902,21,2,236,725,672
10,23,900,17,0,318,968,915
11,24,899,11,1,158,258,249
9,23,903,11,1,401,1023,1023
8,23,905,13,2,83,152,148
8,25,900,13,1,385,1023,1023
10,23,905,14,3,0,0,0
10,23,902,12,3,111,157,168
10,23,905,12,0,409,1023,1018
8,23,904,13,2,91,193,204
9,22,904,12,2,380,1023,1023
11,25,900,15,5,0,0,0
11,27,899,20,2,71,195,190
8,22,894,21,1,383,1023,1023
11,25,896,20,0,0,0,0
9,24,898,16,2,122,351,370
9,22,896,22,1,352,1023,942
10,25,895,22,0,0,0,0
11,22,895,18,0,117,352,363
8,24,895,49,1,340,1023,1011
9,23,897,50,0,77,238,292
11,25,899,19,0,352,1023,1023
10,23,904,20,2,0,0,0
9,26,909,17,2,133,410,397
10,25,904,17,1,336,1023,928
9,24,907,12,2,41,143,196
10,24,902,14,1,346,1023,759
10,25,902,12,3,0,0,0
11,25,905,12,5,76,146,167
9,22,903,17,0,380,1023,1023
8,24,903,14,1,0,0,0
10,23,905,14,3,56,150,167
9,24,905,19,2,361,1023,1023
10,26,907,28,0,0,0,0
10,25,900,20,3,136,326,0
11,22,897,27,0,385,1023,1011
10,23,896,20,1,16,36,55
11,22,897,21,2,324,1017,906
10,27,901,25,3,46,95,236
9,26,895,26,1,165,516,663
10,25,898,56,1,334,1023,1019
10,25,900,53,0,121,390,515
12,27,909,22,3,325,1012,881
11,27,905,22,2,83,267,248
10,25,901,15,3,346,1023,1023
10,23,901,12,2,55,166,333
10,24,897,13,0,349,1023,913
11,25,906,11,3,0,0,0
10,24,915,17,1,105,312,406
8,22,911,12,3,333,1023,1021
11,25,911,14,3,61,208,215
10,23,907,18,3,350,1023,1023
8,27,901,24,1,29,107,150
10,24,897,35,0,349,1023,1023
9,23,901,35,1,0,0,0
8,24,902,21,3,39,114,109
10,25,901,20,2,359,1023,1023
11,24,899,21,2,0,0,71
9,23,899,52,2,145,433,588
11,24,899,840,3,348,1023,1022
10,25,896,39,3,148,477,528
11,25,898,40,3,322,997,790
9,24,899,18,2,61,196,180
9,21,895,21,0,349,1023,984
10,25,893,17,3,0,0,0
9,22,902,18,0,16,55,168
10,27,899,12,3,325,1023,1023
10,27,900,12,3,0,0,0
11,24,902,9,3,10,59,69
10,22,903,9,1,263,845,782
9,26,906,8,2,288,897,851
11,25,901,11,3,13,67,90
10,25,901,11,1,327,1023,1023
10,27,896,9,2,0,0,0
11,22,893,14,0,8,0,0
11,23,891,13,0,134,336,328
10,23,893,11,3,355,1020,939
9,24,891,19,0,70,222,219
11,22,894,18,0,348,1023,1023
9,24,893,32,2,0,0,155
9,22,894,53,2,174,564,580
9,24,891,51,2,326,1016,1015
9,22,895,30,2,87,267,378
10,25,895,26,1,349,1023,783
10,23,895,25,0,0,0,0
11,27,896,12,5,86,270,278
8,24,893,16,3,348,1023,1023
10,24,892,11,2,0,8,28
9,24,902,6,2,219,638,39
11,25,898,10,0,359,1023,1010
9,24,899,8,2,52,169,179
10,27,897,10,1,350,1023,1023
9,24,898,10,4,0,0,15
8,23,895,16,0,58,175,192
9,24,892,18,5,355,1023,986
8,25,894,16,1,0,0,0
8,24,892,25,0,0,0,0
9,24,892,17,2,55,144,180
10,23,889,17,0,360,1023,1023
8,24,890,43,2,0,0,43
9,24,888,26,1,142,297,164
9,24,883,29,2,380,1023,892
9,23,899,30,0,0,0,0
10,25,899,35,0,66,154,133
10,25,898,33,1,368,1023,1023
8,27,899,12,5,6,44,122
9,23,900,12,2,266,838,988
10,24,898,10,3,293,906,890
8,24,899,10,2,110,349,342
9,23,899,10,2,341,1023,940
10,24,897,11,2,0,0,0
9,23,900,9,4,112,356,346
8,24,894,13,2,350,1023,1023
8,25,895,13,2,0,0,0
8,25,893,16,2,73,211,252
9,23,895,13,2,360,1023,1023
10,23,894,12,1,0,0,0
10,23,894,14,3,73,214,207
11,22,891,26,3,354,1023,986
10,23,893,32,2,0,0,120
11,22,891,29,2,235,734,594
8,25,885,27,0,273,816,704
8,23,894,18,2,84,263,215
9,24,902,13,2,355,1023,950
10,25,894,10,4,0,0,0
10,23,893,14,2,40,126,209
11,25,893,11,1,354,1023,1023
11,22,893,11,0,0,3,21
11,25,896,8,4,198,618,580
10,24,892,11,0,328,1008,974
8,24,893,6,3,98,318,340
8,24,894,9,2,376,1023,917
9,23,892,8,2,55,116,158
8,23,890,12,3,104,322,423
11,25,890,13,2,348,1023,1023
11,24,892,13,0,68,215,216
9,23,891,18,2,352,1023,1023
11,22,889,54,1,0,0,95
9,22,889,65,3,176,552,622
10,24,883,21,3,330,1014,1012
11,26,892,11,4,137,431,363
8,22,904,15,0,332,1008,942
10,24,896,13,2,46,159,169
7,27,894,15,0,350,1023,1023
11,25,896,11,5,0,0,0
10,23,898,11,1,103,304,289
10,24,897,11,2,338,1023,930
10,27,897,10,2,64,202,273
11,23,895,12,2,354,1023,1023
11,24,894,20,3,24,99,269
11,24,892,23,0,353,1023,970
7,25,893,15,3,0,0,134
8,25,897,18,3,82,248,346
10,24,895,16,4,357,1023,988
9,23,893,19,0,0,0,96
11,25,888,18,1,83,255,301
10,24,883,18,2,354,1023,888
9,22,893,29,0,0,0,0
10,24,903,19,3,92,262,250
8,24,900,23,2,357,1023,1023
8,25,898,16,2,0,0,12
10,25,896,21,2,140,439,412
10,23,899,13,4,328,1007,918
11,23,902,10,1,95,305,291
11,24,899,9,5,343,1023,1023
11,24,901,11,0,7,57,74
9,24,900,11,2,263,847,797
10,23,900,7,0,290,901,783
8,24,903,10,0,65,209,278
10,23,899,14,2,351,1023,1023
8,22,899,18,1,0,0,89
10,24,898,19,2,122,375,405
9,23,899,18,1,337,1017,923
8,24,896,20,3,32,118,215
11,24,897,18,3,354,1023,951
11,25,896,15,1,0,0,53
9,25,897,17,3,88,266,261
8,24,895,19,2,355,1023,883
8,24,895,19,1,0,0,0
11,27,897,19,2,0,0,0
11,24,896,17,2,138,410,412
10,24,900,16,2,340,1013,1023
10,24,898,11,2,142,457,432
10,24,896,13,0,326,1004,953
8,22,896,11,1,101,326,315
9,24,899,7,3,342,1023,1023
9,23,903,8,2,0,0,0
10,24,900,8,2,44,145,128
11,22,898,7,1,350,1023,996
8,24,895,11,2,34,75,25
10,24,898,8,1,62,199,214
9,22,896,28,0,352,1023,1023
10,23,898,19,0,0,0,85
9,23,899,18,1,118,360,446
8,24,895,19,0,346,1023,1023
11,25,897,19,1,33,109,319
11,24,897,17,2,357,1023,1023
11,24,894,21,0,0,0,219
8,23,896,19,0,252,789,793
9,23,890,20,3,304,932,906
9,23,886,19,3,49,162,146
8,24,893,20,3,360,1023,986
8,24,901,12,3,0,0,0
11,25,896,28,4,0,0,0
9,23,895,13,1,96,281,267
9,24,895,12,3,354,1023,968
9,23,900,8,2,0,0,0
10,22,900,8,1,0,0,0
10,24,898,8,3,57,170,185
8,24,896,11,0,353,1023,1023
10,24,898,9,2,0,0,0
11,25,897,8,3,0,0,0
8,24,898,8,2,76,235,222
9,24,895,15,0,351,1023,1023
11,24,896,16,3,0,0,105
9,22,893,22,0,131,410,642
10,24,892,19,2,340,1023,969
10,23,895,26,1,45,144,276
8,24,889,25,2,356,1023,1023
9,23,890,26,1,0,0,131
10,25,889,24,3,155,473,483
10,27,890,25,3,329,1000,661
10,24,892,25,2,109,346,350
8,24,896,11,2,334,1021,995
8,24,894,11,1,24,95,103
10,26,896,10,2,339,1023,1023
11,22,895,10,0,0,0,0
8,24,895,13,3,33,107,199
9,24,894,11,0,355,1023,1023
9,23,895,11,3,0,0,12
10,27,896,12,4,36,116,145
8,24,893,16,2,357,1023,1023
8,24,894,12,2,0,0,0
11,22,895,15,0,41,124,243
11,24,898,11,2,355,1023,1023
7,25,897,11,0,0,2,33
11,24,896,26,3,144,448,616
10,24,894,12,1,329,1010,957
13,25,894,20,3,101,320,402
9,21,894,32,1,338,1023,1017
10,23,892,16,1,79,216,178
8,24,892,17,2,358,1023,1015
10,23,893,22,2,0,0,76
8,24,888,21,2,180,565,593
11,23,893,37,2,330,1015,955
10,23,893,42,1,86,269,285
11,22,889,17,2,351,1023,1023
10,24,890,17,2,52,173,187
7,24,894,12,0,374,1023,933
10,23,894,13,0,0,0,49
8,24,889,17,1,110,332,302
9,22,891,25,2,346,1023,1023
9,24,891,57,3,21,84,262
9,23,894,22,2,333,1023,968
8,25,889,21,3,106,303,332
10,23,892,17,1,185,580,581
11,25,893,14,1,310,949,892
10,24,888,15,0,90,283,272
9,26,892,14,0,350,1023,1017
7,25,894,29,5,2,36,76
9,22,900,18,2,206,652,663
8,24,893,51,0,325,1000,941
8,24,892,32,2,60,199,228
9,22,894,22,3,355,1023,1023
9,23,895,16,2,0,0,0
11,24,892,13,5,18,61,69
11,25,889,12,3,328,1023,868
9,21,889,17,1,24,39,147
9,23,891,15,3,122,379,473
7,24,889,21,5,341,1023,1023
10,23,889,42,1,34,124,159
10,24,890,17,0,355,1023,1011
9,24,889,27,1,0,16,52
11,23,891,24,1,203,636,650
9,23,891,14,2,299,919,717
10,27,889,14,2,58,191,162
6,25,886,27,0,354,1023,1011
8,24,887,21,1,0,0,123
9,22,889,32,0,171,530,554
11,25,894,25,2,335,1017,997
8,25,890,28,2,79,246,248
8,24,890,19,2,353,1023,1013
9,22,888,17,0,0,0,0
10,24,886,17,3,38,119,109
11,25,888,25,3,357,1023,1023
9,23,890,18,2,0,0,158
8,23,889,20,0,199,618,699
11,25,887,25,1,330,1005,1023
11,24,887,26,0,157,497,591
11,22,887,25,3,327,993,995
11,25,887,25,4,67,214,366
8,23,885,26,2,354,1023,1023
9,23,889,25,2,0,0,111
10,23,887,25,1,182,567,574
10,24,885,19,0,316,958,930
8,24,887,19,2,87,273,301
10,25,886,50,3,351,1023,1023
11,25,882,48,2,0,20,121
9,24,882,28,1,308,1004,915
9,24,881,21,2,121,388,87
11,27,899,19,2,112,337,302
11,25,913,19,1,339,1020,880
8,25,902,20,2,71,230,259
9,23,894,16,2,351,1023,1023
11,24,892,17,2,0,0,0
11,24,891,19,0,81,247,234
11,25,891,49,3,352,1023,1023
7,24,881,25,0,42,147,192
10,23,891,15,0,346,1023,930
11,25,901,15,3,0,0,0
9,23,916,18,2,63,160,162
11,24,910,9,0,355,1023,1000
9,24,898,8,5,0,0,0
10,23,888,8,2,0,0,0
7,22,892,16,3,67,195,199
8,25,894,10,1,359,1023,1023
9,25,888,16,1,0,0,100
8,24,885,18,1,90,293,261
9,22,895,15,0,351,1023,909
9,21,897,11,3,0,0,0
13,25,895,12,1,1,9,139
9,24,890,8,2,258,810,800
10,23,887,10,2,327,1004,986
8,24,887,10,5,105,331,328
11,24,884,13,0,344,1023,925
9,24,886,48,2,23,91,208
8,25,884,15,5,332,1023,899
11,24,884,14,2,104,287,246
9,26,887,12,3,239,764,710
9,25,888,13,1,306,942,932
9,24,888,10,2,46,153,186
9,24,880,15,0,351,1023,967
9,22,880,18,0,0,0,0
10,26,886,12,1,0,0,0
11,24,882,11,1,97,281,338
9,23,883,10,2,351,1023,1023
8,26,887,11,3,5,34,70
9,23,886,12,4,208,649,607
11,22,888,12,0,324,996,957
9,22,884,11,1,62,203,231
9,23,881,10,3,351,1023,970
8,25,878,15,0,0,0,0
11,22,880,12,3,0,0,0
10,26,882,22,2,113,337,345
11,24,878,10,0,337,1021,1003
10,22,887,11,2,124,400,400
9,23,885,10,2,329,1014,1023
9,23,886,9,2,89,284,356
11,25,881,9,2,351,1023,992
9,24,878,12,1,0,0,0
10,24,878,15,0,0,0,0
10,24,880,17,0,93,268,245
9,23,883,16,2,353,1023,980
8,24,881,22,5,0,0,36
8,23,883,10,3,93,285,288
10,23,896,11,1,350,1023,950
10,27,902,11,0,0,0,0
9,23,898,10,3,96,304,455
8,24,896,11,0,349,1023,1023
8,24,893,13,2,0,0,19
11,25,891,17,4,104,322,448
8,24,894,16,2,336,1023,963
9,24,894,17,2,21,85,281
8,25,891,19,0,338,1023,1022
10,24,892,16,2,17,10,303
9,23,894,16,2,187,584,667
9,22,889,17,2,332,1013,1014
10,23,893,16,2,91,291,444
10,24,890,19,0,350,1023,1023
10,25,890,15,3,58,193,343
8,24,888,16,3,355,1023,997
8,24,889,18,3,0,0,0
10,24,891,19,3,16,61,64
10,22,893,22,1,334,1023,814
9,23,891,18,1,29,43,122
11,24,892,13,3,124,382,442
9,23,895,16,0,333,1015,986
10,24,894,12,2,39,128,130
10,26,895,12,1,352,1023,951
10,23,898,9,2,0,0,0
11,24,897,10,1,46,141,143
8,23,895,10,2,354,1023,1023
10,22,891,11,0,0,0,16
9,23,894,8,1,155,477,588
9,25,894,10,2,343,1023,1016
9,24,890,12,2,11,56,90
9,23,893,15,3,266,842,807
11,22,891,17,0,291,897,964
9,25,891,15,3,116,374,494
7,26,889,14,3,340,1023,1023
9,26,889,15,3,36,123,347
9,23,891,14,4,355,1023,1023
9,24,888,17,2,0,0,211
8,24,888,17,3,92,280,426
9,23,888,16,2,353,1023,1018
8,24,889,17,0,0,0,67
11,27,889,15,2,100,294,266
8,24,888,17,2,341,1023,771
10,24,888,16,3,10,51,64
10,23,892,50,2,328,1023,1023
8,25,889,19,0,0,0,21
9,24,892,22,0,21,68,77
8,24,889,15,5,272,859,754
8,24,890,20,1,285,882,773
8,23,893,13,2,72,233,221
8,23,894,10,0,348,1023,949
10,27,891,13,3,0,0,0
10,23,894,9,1,34,113,200
11,22,893,8,2,350,1023,896
11,24,890,12,0,3,0,112
9,23,891,13,3,88,269,347
11,21,889,14,1,354,1023,1023
9,22,889,22,0,0,20,195
11,24,889,20,1,260,823,793
10,26,888,19,2,220,654,722
10,24,889,21,2,169,523,621
10,26,889,18,2,321,982,979
9,24,886,21,2,77,247,398
8,24,885,20,2,355,1023,1016
13,25,888,21,5,0,0,68
9,23,891,19,1,143,435,319
10,23,888,21,2,340,1023,745
9,23,891,17,3,53,169,320
8,23,891,18,2,352,1023,1023
7,26,889,17,3,0,0,0
9,23,891,10,1,7,30,48
8,24,890,10,2,207,649,604
10,27,892,8,3,323,999,919
10,24,892,9,2,10,56,112
10,25,890,11,0,322,1023,926
10,24,888,10,1,22,42,1
11,26,889,10,1,71,223,230
10,27,889,10,2,352,1023,977
9,25,891,10,1,0,0,72
10,26,887,11,3,135,409,650
10,24,887,24,3,330,1008,1020
11,24,887,23,0,148,471,564
8,23,887,22,3,328,1001,1014
11,24,887,16,3,110,348,508
11,24,886,17,0,336,1022,1023
10,24,885,17,2,130,417,526
10,27,886,18,3,333,1010,961
9,26,886,17,3,93,297,284
8,24,885,27,0,354,1023,806
8,23,886,15,5,0,0,0
8,24,886,25,2,2,19,186
11,24,888,12,5,260,812,779
9,23,886,9,3,221,668,630
9,25,886,8,5,56,189,183
11,24,888,9,4,346,1023,959
9,24,890,6,2,34,70,57
8,25,888,9,1,14,63,80
11,26,889,8,5,214,674,649
11,25,888,10,3,320,988,834
8,24,888,8,2,70,227,222
11,22,885,16,2,349,1023,991
10,23,887,13,2,0,0,248
10,23,890,18,2,131,412,565
11,25,884,18,5,329,1010,1016
9,26,887,18,1,151,476,590
8,23,887,18,0,339,1023,1023
9,22,884,22,0,63,205,343
8,25,883,19,0,348,1023,519
10,23,887,26,1,0,0,0
8,24,886,30,0,26,77,99
11,22,884,24,3,278,869,924
7,26,885,19,5,194,571,595
8,23,886,20,2,126,401,403
8,24,882,49,0,338,1023,1023
11,25,888,24,2,43,144,287
10,22,890,18,2,352,1023,1021
8,23,884,19,2,5,41,55
8,24,884,21,2,211,662,616
8,24,884,61,1,330,999,1004
9,22,883,719,0,67,211,337
8,24,880,656,0,352,1023,1023
8,24,880,827,0,34,121,168
10,25,885,42,0,353,1023,865
11,25,884,39,3,0,0,66
9,23,884,40,5,147,452,479
11,21,883,683,3,341,1023,994
7,23,883,661,0,103,333,317
10,22,880,654,2,338,1022,1023
9,26,882,667,1,181,577,608
8,22,882,764,0,312,948,946
11,25,884,43,1,93,288,297
11,25,883,42,1,349,1023,1023
10,27,881,46,1,62,197,281
11,24,879,650,0,354,1023,999
7,27,879,764,0,34,105,237
8,22,882,658,0,355,1023,1023
9,24,878,822,2,0,0,49
9,27,885,35,2,195,612,555
10,25,883,45,3,327,1008,862
10,24,884,45,0,101,316,341
9,24,881,741,1,338,1023,988
8,24,879,712,0,71,222,227
9,20,881,709,3,353,1023,1023
9,22,879,721,0,40,132,200
9,21,881,36,1,352,1023,1008
11,24,884,767,5,0,0,0
8,21,882,777,3,152,472,431
9,22,882,762,3,329,999,992
9,22,881,749,3,65,203,192
9,22,880,734,0,355,1023,1023
8,24,880,734,0,32,113,159
9,20,879,731,3,352,1023,1012
10,24,881,35,1,0,1,67
10,27,885,816,0,202,622,620
10,23,886,763,2,228,689,588
9,21,884,717,1,218,683,628
8,25,880,91,2,290,886,871
9,23,882,48,2,73,230,271
9,25,881,67,2,352,1023,1023
7,23,882,741,2,0,0,0
8,24,877,744,2,82,251,327
10,22,877,753,3,352,1023,1023
8,24,877,756,1,95,300,491
9,24,876,49,3,341,1023,1023
10,25,876,58,1,7,59,91
7,39,879,54,2,270,848,700
8,26,895,52,2,297,897,808
9,24,893,16,2,73,223,341
7,27,889,28,4,349,1023,1023
8,25,880,50,2,0,0,160
8,23,883,50,1,131,406,515
11,28,874,56,2,335,1023,998
9,24,884,84,0,44,148,162
9,24,895,726,0,359,1023,926
9,25,892,12,1,0,0,0
11,25,894,56,3,0,6,145
6,26,885,54,1,254,801,782
8,25,884,50,2,300,923,949
7,26,887,24,3,54,182,155
9,22,889,21,2,350,1023,918
9,24,887,15,3,0,0,0
11,23,887,13,2,0,0,0
8,25,884,16,2,106,314,377
8,24,883,26,3,347,1023,1005
9,23,884,741,1,19,73,182
9,24,885,49,2,352,1023,1023
11,23,885,22,2,0,0,0
10,25,881,27,0,27,93,96
11,24,884,18,1,338,1023,982
9,22,882,19,0,12,1,106
10,22,884,16,2,84,258,305
8,24,878,19,2,349,1023,1013
10,26,885,17,2,0,0,136
8,24,880,25,2,249,798,727
11,24,884,27,3,298,923,778
11,24,884,25,0,102,324,312
10,25,882,14,5,332,1021,1015
10,25,881,16,0,123,391,416
10,24,882,14,2,332,1011,951
8,24,878,28,2,87,277,344
11,22,880,23,0,350,1023,1023
8,25,881,16,2,1,31,41
9,27,881,15,2,204,643,588
10,27,880,12,3,323,999,1004
11,22,881,11,0,109,353,392
10,23,879,13,3,332,1018,864
10,23,881,14,5,98,261,0
9,23,879,53,2,362,1023,883
9,24,874,57,2,9,0,186
8,25,878,24,1,39,120,266
10,25,882,14,0,350,1023,933
11,24,881,17,1,0,0,86
8,27,881,11,3,88,276,343
8,26,880,10,5,348,1023,916
11,24,880,19,0,0,0,0
11,25,877,23,5,50,151,164
11,25,874,51,3,353,1023,1023
9,24,876,49,2,6,47,211
8,38,882,51,2,264,842,873
11,30,879,50,1,290,898,937
9,27,881,35,0,126,375,550
8,26,880,37,3,351,1023,1023
10,27,889,38,0,37,126,345
11,25,879,36,2,355,1023,1023
8,25,882,37,3,0,15,192
9,22,877,39,0,260,817,642
7,24,881,37,4,295,918,444
10,24,882,10,2,59,187,378
11,24,884,47,0,351,1023,993
9,23,887,14,2,0,0,0
10,22,887,9,2,65,205,286
10,23,890,10,0,349,1023,852
11,22,885,11,1,0,0,0
11,25,885,12,1,74,223,529
10,23,886,52,3,353,1023,1023
10,24,886,32,2,38,129,312
7,25,883,51,3,354,1023,1023
10,27,883,51,1,0,0,176
10,22,885,50,2,209,639,673
9,24,884,24,1,303,915,753
10,27,884,26,2,64,192,171
11,24,882,17,2,354,1023,1023
9,20,884,15,0,26,96,125
9,22,882,13,1,337,1023,1023
10,25,879,9,3,8,0,212
10,25,882,14,0,31,115,108
8,24,884,12,2,353,1023,1023
8,27,882,15,1,0,0,70
11,25,883,15,0,88,267,384
9,23,884,16,2,352,1023,1023
8,23,882,18,0,0,19,266
10,24,883,16,2,261,817,824
9,24,881,16,0,223,663,685
8,23,883,17,3,108,341,216
11,21,884,20,3,347,1023,1023
9,25,887,12,3,76,238,377
9,25,885,13,2,350,1023,1023
11,24,883,10,3,0,0,29
9,24,886,11,2,135,423,426
8,23,884,10,1,340,1023,1023
11,23,880,13,0,47,163,401
10,23,883,15,1,354,1023,993
11,27,881,49,2,0,0,190
11,27,881,22,2,221,679,749
11,25,881,29,1,293,889,913
11,22,881,19,0,123,389,494
9,23,883,26,2,335,1013,841
8,24,882,15,0,42,134,124
10,24,887,8,2,353,1023,1023
9,23,888,12,2,0,0,87
9,24,883,13,2,48,149,276
9,23,884,10,3,351,1023,1023
10,26,883,16,2,0,0,32
8,23,882,12,2,102,316,403
11,23,882,37,1,349,1023,978
8,25,881,19,0,17,79,259
9,23,884,18,2,336,1023,1005
9,23,884,18,3,15,14,286
9,24,883,18,1,132,407,488
11,25,881,20,1,343,1023,818
8,23,883,63,2,50,148,122
8,23,883,14,1,355,1023,1023
10,23,884,15,3,0,0,75
10,22,885,14,2,102,307,392
9,23,884,13,2,337,1023,1023
10,24,881,9,2,67,213,241
10,23,883,10,1,352,1023,1023
9,24,880,14,2,0,0,32
11,24,881,15,0,127,395,439
9,23,883,15,3,334,1010,1023
9,21,882,13,3,89,280,452
10,23,882,14,2,355,1023,1023
9,24,882,13,2,3,34,158
8,24,880,23,2,265,829,492
13,25,881,16,1,298,912,830
8,22,881,14,1,111,359,437
8,24,882,12,2,341,1023,1023
6,24,877,11,2,31,114,106
9,27,877,8,3,349,1023,1023
8,22,877,19,1,2,0,125
10,24,877,17,0,39,130,149
8,25,878,14,2,357,1023,1020
8,25,879,16,3,0,0,161
8,24,877,16,2,153,466,558
9,23,881,16,3,340,1023,974
9,23,879,15,1,8,44,32
9,24,879,17,2,213,662,528
11,22,882,12,2,328,997,1004
9,24,879,13,2,115,367,506
11,25,879,11,3,342,1023,1023
8,23,880,10,2,83,263,436
9,24,877,11,0,348,1023,931
9,24,876,10,2,0,0,130
11,24,877,17,0,90,273,285
8,24,877,25,0,350,1023,933
8,23,880,20,2,0,0,104
10,24,878,20,2,155,472,518
9,24,877,21,2,330,1002,931
11,25,879,19,3,61,199,190
10,27,881,21,2,357,1023,789
11,25,879,17,3,0,0,18
10,27,881,12,3,178,548,574
10,24,881,12,1,319,965,960
9,23,881,10,0,86,264,396
11,22,880,10,0,348,1023,940
10,23,879,10,3,0,0,48
9,27,877,11,3,148,457,677
11,22,879,14,0,339,1023,956
9,22,878,17,0,56,187,299
8,24,876,19,2,353,1023,1000
8,23,878,19,1,0,0,179
8,24,875,15,3,116,355,475
11,22,878,17,2,346,1023,995
9,24,879,17,0,32,109,218
9,21,876,22,1,353,1023,694
8,22,878,12,3,4,0,0
9,23,878,9,1,0,0,63
10,27,879,11,2,35,94,166
8,27,879,11,3,357,1023,1023
9,22,877,11,0,0,0,0
8,25,877,8,3,0,0,0
8,24,877,11,2,57,172,205
8,23,879,14,2,354,1023,1023
11,24,878,15,3,0,0,107
8,22,877,15,0,124,393,430
10,26,877,13,3,341,1023,1014
7,27,877,13,0,89,278,430
8,24,876,17,0,354,1023,1023
9,23,877,13,4,0,0,72
9,23,877,14,3,98,290,224
8,25,879,13,3,355,1023,1023
9,23,878,12,1,0,0,65
11,24,878,12,0,100,305,302
22,29,8,913,824,769,824,712
23,28,9,914,662,634,405,434
25,28,10,914,855,788,870,742
26,26,8,912,485,506,53,156
24,27,11,913,877,804,924,741
24,27,11,913,450,484,0,12
25,27,8,916,811,760,798,643
24,24,10,913,685,651,436,302
26,27,8,918,940,854,1023,876
24,27,9,919,404,466,0,0
22,28,7,917,663,666,543,453
22,28,9,924,882,808,875,783
24,28,11,34,670,685,592,512
24,29,8,33,816,773,776,720
23,29,11,29,568,633,469,494
23,29,10,31,859,811,924,957
24,29,10,35,575,638,517,597
23,30,9,881,834,795,893,948
24,28,8,883,614,653,564,663
24,28,8,915,816,772,828,751
24,29,11,925,649,667,616,538
24,29,8,919,632,624,438,493
25,28,9,936,793,750,854,822
25,28,9,922,593,593,377,538
24,28,11,923,822,762,899,1023
23,28,10,929,344,405,0,223
24,28,8,928,963,842,1023,1023
26,29,9,928,319,397,0,210
23,29,11,929,983,848,1023,1023
22,28,8,930,362,445,79,277
24,28,7,930,1023,860,1023,1011
24,28,7,928,564,597,436,399
24,28,11,924,912,814,943,741
23,30,8,928,711,703,666,728
23,33,8,934,768,726,656,564
24,29,11,928,745,727,715,649
24,28,8,922,598,600,311,262
24,30,9,25,857,807,945,863
26,30,7,23,657,665,488,475
27,30,8,22,659,693,641,577
23,31,9,23,847,815,924,890
27,29,8,928,469,576,330,329
24,28,9,21,894,835,993,951
23,29,10,914,404,527,226,205
24,31,8,24,864,815,969,880
24,29,11,26,400,527,272,250
25,29,11,30,876,819,1013,943
24,28,9,900,524,608,493,461
23,31,8,894,804,777,907,913
23,29,10,892,561,621,542,562
24,25,10,909,649,644,562,597
25,28,8,933,802,761,953,928
24,30,11,24,461,509,205,319
24,28,9,919,826,777,1011,1023
24,28,7,922,274,379,0,130
25,28,10,922,865,783,1023,1023
24,30,8,925,261,354,0,279
23,29,10,923,943,795,1023,1023
24,30,7,921,359,420,159,382
24,29,10,920,935,776,1023,1023
23,33,8,923,680,639,712,737
24,30,7,921,673,618,583,601
23,31,8,922,713,671,763,600
24,30,11,926,638,601,494,286
25,28,11,924,849,770,998,806
25,28,11,930,353,407,0,0
24,30,8,915,691,657,686,597
23,28,8,912,713,658,618,471
25,29,8,920,726,683,736,638
25,28,9,913,679,635,534,574
22,28,7,915,759,708,791,831
24,28,9,908,641,602,446,578
24,28,8,918,793,722,843,825
22,28,9,920,601,568,383,467
25,28,10,926,825,734,889,899
27,26,8,925,430,431,18,227
25,26,11,924,855,744,949,1023
23,30,8,913,342,365,0,245
23,29,8,915,894,759,1010,1008
23,28,7,915,338,364,0,210
24,27,10,917,932,786,1023,983
23,31,8,914,338,374,0,0
24,26,11,905,764,681,750,516
24,27,11,930,578,540,257,0
26,27,8,920,802,726,801,642
22,26,11,906,670,617,428,422
23,26,11,917,941,820,1023,1023
22,27,10,913,345,414,0,86
24,28,9,923,1023,855,1023,1023
24,28,11,933,432,481,146,147
24,24,8,932,979,825,1008,1023
21,26,9,921,744,688,693,814
24,28,9,921,755,673,606,707
23,27,11,927,771,701,749,873
26,27,8,914,581,544,255,444
24,27,8,915,900,790,984,916
27,28,9,913,543,521,163,199
22,27,10,925,938,828,1023,731
24,28,9,924,362,429,0,0
23,27,9,929,771,718,720,548
25,27,9,914,745,684,563,467
23,28,9,906,795,742,772,710
23,29,9,874,700,662,481,526
24,28,9,868,822,766,824,961
23,27,8,917,657,627,404,441
24,27,7,917,851,777,869,802
25,26,8,936,624,603,348,457
26,27,8,926,875,788,918,925
23,27,9,912,593,569,272,450
21,28,7,921,897,805,971,968
21,28,7,919,553,542,181,332
24,27,7,915,929,830,1023,921
24,28,8,919,404,448,0,0
23,29,7,926,657,659,532,437
24,27,7,920,887,807,881,799
23,27,10,896,684,682,582,502
24,26,8,893,707,675,498,491
24,27,8,909,818,771,818,865
24,27,7,903,662,640,410,543
22,27,7,931,850,784,866,832
24,28,8,916,624,613,353,402
22,28,7,921,873,796,919,1018
27,26,10,924,446,469,0,299
23,28,11,912,899,802,975,1023
23,27,8,913,369,417,0,210
25,26,11,923,935,824,1023,967
23,29,6,922,361,421,0,70
25,24,9,918,865,777,894,686
23,26,10,914,615,590,312,120
23,27,10,923,998,884,1023,789
24,26,9,902,356,443,0,0
22,28,9,912,827,771,822,709
23,25,11,906,661,642,405,396
24,27,9,890,954,866,1023,1023
23,27,9,903,360,447,0,139
23,27,8,916,987,878,1023,1023
24,28,7,915,354,434,0,42
24,28,7,923,908,814,984,1023
24,27,8,910,417,446,0,245
24,28,9,909,841,760,854,915
23,28,9,910,629,598,371,516
22,28,9,905,869,780,905,763
25,28,10,910,607,593,297,314
25,27,10,875,1006,880,1023,999
25,28,10,18,349,460,30,54
24,29,8,16,1009,882,1023,1023
24,27,9,51,353,476,86,147
24,28,10,44,989,876,1023,1023
23,27,7,901,380,492,130,287
23,28,9,27,955,849,1023,993
23,25,10,834,391,496,172,168
26,28,8,23,903,822,1000,937
25,28,7,23,466,560,365,336
25,28,9,20,906,829,1023,1023
23,27,9,840,491,586,427,461
26,27,8,17,826,794,944,933
26,29,8,14,400,526,303,360
24,30,9,12,882,820,1023,1018
25,28,8,11,401,531,349,363
22,28,7,11,852,802,1023,991
24,28,7,11,324,480,245,218
25,28,9,10,857,800,1023,1014
26,26,10,17,329,488,287,267
24,26,9,15,793,773,1008,1017
24,28,7,16,439,563,513,692
24,29,11,14,757,754,992,982
24,29,7,15,338,494,388,428
24,31,8,14,767,751,1017,876
24,29,11,15,263,441,271,235
25,32,9,15,743,731,1009,911
24,30,11,13,271,442,313,352
26,29,9,14,717,711,997,1022
25,28,9,15,276,442,361,703
23,28,11,877,738,696,1020,1023
24,28,11,867,536,564,779,972
24,28,11,852,307,363,184,472
22,31,8,866,763,682,1023,1023
25,29,8,859,107,230,0,245
23,32,8,892,787,679,1023,1023
24,29,7,867,116,230,0,259
26,37,5,868,806,683,1023,1023
25,29,10,861,139,250,11,292
23,31,8,861,832,684,1023,1023
24,30,7,858,341,399,368,523
25,32,9,856,753,652,974,964
23,31,11,856,380,426,427,484
23,33,6,872,647,580,754,547
23,32,8,854,535,520,656,525
24,29,10,857,607,552,668,618
24,29,8,850,672,611,886,913
24,32,6,861,435,426,319,487
24,28,11,843,705,628,943,917
24,28,11,830,262,296,0,235
23,33,6,828,746,648,1002,926
27,33,6,827,249,283,0,126
27,33,6,824,692,607,868,722
25,27,7,829,468,444,347,272
24,29,9,806,716,634,916,761
23,30,8,821,441,426,270,335
24,30,7,814,751,655,978,953
25,28,11,814,401,390,162,324
24,28,8,806,870,723,1023,1023
25,27,8,800,204,279,0,0
26,30,11,803,727,636,901,740
25,28,8,822,324,337,7,6
24,27,11,817,448,462,422,386
24,28,9,812,716,624,768,804
25,28,9,806,599,554,651,717
23,28,8,815,673,589,676,727
24,28,8,824,636,578,705,701
24,28,10,823,632,560,584,546
24,29,8,802,765,669,940,721
24,30,8,816,463,443,226,205
22,28,8,821,804,704,1007,913
24,28,11,824,299,342,0,190
25,29,10,809,841,729,1023,1023
23,30,8,812,236,309,0,108
24,28,7,822,923,757,1023,1023
26,30,9,823,249,321,0,73
25,28,11,811,907,754,1023,893
24,27,7,814,252,317,0,0
23,31,8,812,748,662,858,737
24,25,8,824,542,508,368,426
25,31,9,806,777,685,905,978
23,27,9,815,513,480,286,438
24,27,11,821,811,705,968,923
23,26,11,821,342,360,0,170
22,34,7,816,851,729,1023,917
24,39,8,820,327,345,0,0
24,34,9,823,581,541,533,429
25,32,12,840,822,682,874,957
24,34,29,855,728,612,770,812
24,38,929,851,523,434,221,441
27,37,935,846,989,756,1023,1023
26,38,938,860,508,456,376,515
26,34,935,852,690,544,534,660
27,35,936,846,965,747,1023,1023
27,38,935,846,416,401,197,402
24,34,938,874,842,692,879,898
26,35,938,869,841,702,948,861
25,36,937,881,331,333,0,150
26,34,939,881,992,796,1023,1011
26,35,12,880,502,500,369,405
26,31,15,917,827,712,854,763
26,34,16,982,756,672,785,684
27,33,8,970,515,480,193,110
26,34,9,957,890,775,1023,820
27,33,8,969,370,395,0,0
27,38,8,972,623,603,530,438
26,38,10,61,835,747,881,810
25,36,9,957,646,625,585,533
25,34,8,958,815,727,785,747
24,36,6,980,683,652,639,647
27,38,9,977,770,693,691,717
25,36,7,981,717,676,692,750
27,34,7,976,729,667,605,568
26,36,6,984,752,702,741,643
27,37,6,970,694,642,520,541
24,36,5,976,790,729,800,690
27,36,4,986,655,610,426,449
25,39,7,984,828,753,850,787
25,34,6,908,617,589,370,493
26,35,6,899,853,769,902,922
27,37,4,960,587,567,296,389
24,34,6,974,885,795,957,815
27,34,7,979,551,538,198,148
28,36,5,978,923,823,1019,975
25,32,6,972,407,434,0,0
27,35,6,916,653,636,529,460
27,39,4,982,884,789,882,873
26,35,7,987,684,662,586,539
26,35,6,910,851,767,792,783
27,35,4,979,715,689,638,646
25,36,7,981,803,734,696,716
26,36,5,970,748,711,692,677
26,36,7,77,738,692,608,534
25,36,6,77,642,652,569,499
25,36,10,77,905,822,964,904
25,35,4,78,539,605,451,375
24,36,4,956,933,843,1012,861
26,36,7,958,586,634,500,498
27,33,6,952,854,801,901,879
26,35,4,954,622,650,552,580
26,35,4,978,833,783,854,832
27,35,6,976,659,666,601,650
26,34,9,977,805,751,761,780
27,32,8,977,697,685,652,641
26,35,6,974,766,719,679,582
24,34,5,913,730,709,702,602
26,36,9,971,728,693,597,632
24,34,5,998,761,730,749,770
25,34,9,994,693,661,513,636
26,34,7,991,795,744,807,985
26,35,7,71,629,598,416,649
25,34,8,69,690,667,678,847
27,34,9,69,831,766,902,946
24,35,6,68,473,543,369,545
24,37,5,980,930,819,1023,1023
24,34,6,980,622,643,601,698
26,34,7,979,772,729,765,823
25,34,9,979,659,669,654,722
27,37,7,978,733,698,674,763
26,36,7,980,696,690,703,753
25,34,9,978,696,670,590,699
27,37,6,978,732,716,757,773
27,35,7,980,661,646,506,616
26,39,9,979,767,743,815,738
24,38,6,973,626,621,417,497
23,39,6,973,807,770,858,765
27,32,8,65,570,592,366,330
27,35,9,61,703,706,731,587
26,31,9,29,791,770,855,885
27,35,6,35,489,584,428,534
25,34,7,13,883,826,1017,1001
27,34,7,65,498,595,480,439
28,35,9,73,847,810,1005,906
29,33,6,65,420,540,345,414
27,33,6,65,867,813,1023,911
26,32,7,61,335,490,239,258
27,33,6,72,867,812,1023,997
27,35,7,70,269,436,141,287
27,31,7,67,880,811,1023,1003
27,30,7,63,273,437,180,246
26,33,7,65,851,792,1023,1012
27,33,6,62,273,446,222,343
25,32,7,61,817,781,1023,960
26,34,7,61,204,399,128,240
27,32,7,59,829,778,1023,1020
26,31,7,61,212,402,167,278
26,32,8,61,808,761,1023,975
24,32,6,65,136,340,64,130
26,33,4,66,786,748,1023,990
25,32,7,70,100,288,0,160
27,32,8,70,606,645,907,857
26,31,6,63,451,529,540,608
28,32,11,61,417,529,608,642
26,34,6,60,542,592,741,783
27,32,6,60,328,465,485,544
26,32,6,60,678,669,1001,939
26,32,7,62,239,396,352,340
27,30,9,68,687,667,1023,959
25,31,7,69,164,344,244,370
27,32,7,66,695,668,1023,1012
27,35,5,62,176,354,287,418
29,33,4,62,672,652,1023,1023
27,31,8,61,186,355,333,441
27,29,6,58,655,634,1023,919
26,32,6,59,121,297,224,170
26,31,7,61,664,625,1023,872
27,31,6,97,57,248,125,228
26,31,6,68,674,627,1023,1023
27,31,8,62,0,181,11,273
25,29,6,63,538,548,997,990
25,30,7,60,283,347,399,570
24,29,6,61,364,430,689,711
25,32,6,62,510,517,889,860
26,32,7,60,174,304,381,370
27,30,10,61,610,558,1016,846
26,29,7,63,205,312,437,330
26,31,7,63,597,550,1007,714
26,30,7,61,136,272,309,277
25,32,7,65,623,562,1023,1023
24,32,7,67,160,287,354,341
28,35,4,63,615,556,1019,1023
26,33,5,61,188,300,408,630
27,29,7,62,602,543,1011,1015
27,33,6,62,221,319,462,440
25,30,5,961,611,547,1005,910
27,30,7,64,260,342,510,484
25,32,8,66,586,540,992,1009
27,31,6,67,172,286,374,299
26,31,10,68,608,548,1020,911
25,35,8,66,203,308,433,405
27,34,8,63,596,547,1009,1023
27,30,9,62,235,329,479,425
26,32,6,62,587,536,998,918
26,31,6,64,78,210,194,191
27,29,8,63,667,563,1023,1023
26,33,8,65,22,160,94,172
27,32,7,63,636,548,1023,981
28,31,10,60,0,111,0,0
26,33,6,62,100,209,239,244
26,31,7,64,635,537,1023,1023
25,31,10,60,121,231,279,331
29,33,5,62,591,520,1003,906
26,32,7,61,146,244,325,308
27,31,7,61,618,527,1023,1023
26,31,7,65,170,255,375,364
28,32,8,63,607,516,1017,995
28,35,9,60,108,206,258,231
26,32,7,74,628,524,1023,1017
27,35,5,62,132,233,298,402
25,30,9,61,619,527,1023,1011
27,30,6,64,156,247,343,306
26,31,8,19,613,525,1020,959
27,32,8,22,96,203,231,289
25,29,8,62,665,539,1023,1023
25,32,8,84,46,157,127,192
27,32,6,86,657,537,1023,1023
27,31,9,92,0,110,11,104
25,32,8,76,528,480,995,1023
25,29,7,68,143,192,128,167
26,31,7,69,462,435,857,746
27,31,7,69,375,367,614,576
26,33,8,66,283,320,552,602
24,32,6,67,562,492,970,987
25,32,8,65,111,197,259,633
27,33,5,64,625,503,1023,1023
26,33,6,66,134,201,299,505
25,31,9,68,620,500,1023,1023
25,28,9,971,176,228,346,517
27,33,8,970,605,492,985,997
25,28,8,67,197,249,398,531
26,31,10,67,616,503,1012,1010
26,31,9,67,330,344,630,672
29,31,5,66,531,473,927,914
26,30,9,64,144,230,320,394
27,30,7,67,620,519,1023,852
27,30,7,69,88,204,216,194
26,32,9,17,666,556,1023,992
26,31,6,19,0,107,0,0
26,32,8,20,175,262,381,354
26,31,10,21,606,516,1016,1015
27,29,6,18,315,342,612,669
25,32,7,26,534,478,932,811
27,32,7,28,137,225,306,284
26,37,7,21,619,517,1023,986
27,35,6,63,79,186,201,204
26,36,7,69,662,539,1023,1023
26,34,7,64,29,146,101,180
24,32,6,62,655,538,1023,1023
25,32,7,20,0,93,0,139
27,35,4,34,305,326,596,649
27,32,8,67,544,470,942,959
25,33,9,64,131,206,292,274
26,34,9,64,622,508,1023,925
27,35,8,64,76,170,185,209
27,35,6,63,663,530,1023,1023
25,32,8,21,19,125,87,196
26,33,10,25,631,520,1023,1023
27,34,9,23,0,80,0,31
26,35,7,21,182,243,397,494
27,32,7,65,605,496,1010,1018
25,38,8,62,216,268,454,402
28,35,6,63,591,495,1006,877
26,36,10,60,144,219,319,293
26,34,9,59,581,492,995,978
27,31,7,64,86,178,215,331
25,32,7,60,662,528,1023,1023
26,36,8,60,35,140,112,178
25,36,10,16,655,526,1023,1023
26,35,6,20,57,152,149,198
27,36,6,63,659,527,1023,968
27,33,7,59,0,78,0,0
27,33,7,66,65,150,155,148
26,33,5,64,663,525,1023,1013
27,31,7,61,0,112,46,183
26,32,7,63,555,481,1023,986
26,32,9,18,112,153,71,248
27,35,7,22,378,366,718,773
27,33,6,65,486,442,865,851
27,32,6,71,188,248,411,378
24,32,6,65,601,498,1008,871
27,35,6,62,127,205,285,271
27,33,8,948,644,516,1023,998
25,31,11,21,150,218,328,542
26,32,6,65,580,482,988,1023
26,31,6,62,171,222,377,570
25,34,8,60,606,484,1016,1023
26,34,7,69,204,243,432,562
27,29,8,65,596,480,1007,1020
26,32,6,67,234,265,480,581
25,32,7,63,585,483,1000,995
25,32,8,64,155,217,345,368
27,34,6,75,612,502,1023,881
25,30,8,77,100,185,236,196
25,32,6,71,633,514,1023,908
25,32,8,63,50,146,133,102
26,30,9,64,659,531,1023,903
26,30,7,864,0,91,0,0
27,33,7,870,154,217,284,296
25,29,6,856,628,507,1003,752
25,28,7,872,297,308,505,459
26,30,9,963,557,467,892,863
26,31,7,84,320,319,554,724
27,29,6,969,615,498,969,1021
24,32,7,977,371,345,603,601
26,29,10,977,506,419,740,579
26,33,7,970,518,442,837,692
24,30,6,932,331,294,380,372
26,30,6,939,560,469,883,799
25,31,7,966,319,286,308,348
25,31,7,964,598,499,933,883
25,32,7,963,296,265,222,371
25,30,7,62,622,516,993,883
27,31,5,62,357,324,404,508
28,33,8,62,434,409,678,720
27,34,8,60,574,505,895,927
25,29,6,973,246,293,368,575
26,31,7,963,655,537,970,983
27,31,4,969,290,316,427,510
25,30,7,971,645,532,940,922
26,30,7,964,341,343,476,449
26,30,5,961,635,527,912,776
26,32,6,961,383,372,526,434
27,31,5,60,600,515,876,868
25,31,9,61,280,316,401,549
25,29,6,62,692,568,1016,1019
25,29,6,62,295,333,450,370
27,33,6,63,663,566,1005,824
26,30,10,66,204,286,320,275
29,31,6,63,640,560,997,881
27,29,6,62,132,243,213,178
26,29,10,67,688,584,1023,992
27,30,7,65,140,258,252,323
26,30,7,64,665,576,1023,1023
24,29,6,65,149,270,291,349
24,30,9,959,662,573,1023,1023
26,29,7,891,302,357,515,656
29,31,5,893,550,510,886,910
26,30,6,910,346,375,567,614
26,29,9,963,540,491,814,801
26,31,8,962,392,396,617,594
27,29,7,966,510,458,719,644
25,29,6,970,436,418,668,535
26,31,7,63,461,422,637,778
27,35,8,65,337,361,540,695
26,31,7,69,627,542,980,923
27,33,5,62,150,246,249,245
24,32,6,61,674,565,1023,899
26,32,8,61,87,206,141,120
25,32,6,63,690,582,1023,907
25,32,10,19,0,127,0,0
26,31,9,60,252,322,474,491
27,30,7,21,604,539,1000,935
26,32,7,67,162,269,338,373
24,30,6,67,622,547,1023,948
26,31,6,61,98,220,228,315
25,31,4,883,683,567,1023,1023
25,30,7,899,141,244,272,402
26,31,6,61,612,537,1007,1015
27,33,5,60,256,329,498,500
26,31,10,938,607,540,994,867
27,29,5,965,308,356,548,448
27,33,4,60,503,484,846,865
27,33,9,61,210,299,425,624
27,30,7,63,604,533,1008,1004
27,30,6,64,237,312,478,408
25,32,7,64,586,526,998,884
25,29,6,62,76,198,194,166
26,30,7,64,663,556,1023,916
26,31,9,64,0,102,0,0
25,28,7,64,163,250,355,317
25,30,7,65,611,522,1017,872
26,31,7,65,101,205,244,251
25,31,6,65,629,523,1023,871
25,30,6,62,50,164,143,207
27,33,4,866,672,541,1023,1023
26,30,7,64,73,172,182,318
27,34,6,62,661,534,1023,1023
27,31,4,876,28,138,78,209
26,30,7,63,661,536,1023,978
27,31,6,68,0,89,0,0
26,31,9,64,17,124,81,236
25,28,8,60,637,520,1023,1023
26,30,7,62,0,69,0,123
28,32,11,63,176,222,386,656
27,29,6,964,573,451,959,1012
27,29,6,960,341,308,620,782
24,30,5,65,435,362,712,803
27,33,6,62,246,259,493,636
27,29,6,63,582,470,995,1011
25,30,7,64,161,210,359,535
27,33,7,66,610,486,1022,1023
27,32,7,65,189,236,412,554
27,29,7,62,602,487,1009,1004
26,30,9,63,223,262,467,571
24,30,7,63,590,491,1003,978
27,31,8,63,150,216,330,439
26,31,9,62,616,505,1023,933
26,30,7,64,90,178,222,277
27,31,6,63,664,532,1023,910
27,29,6,63,0,77,0,32
24,28,8,64,177,238,381,298
26,29,7,65,607,506,1014,717
26,32,8,66,113,211,265,176
27,33,6,65,629,535,1023,919
27,33,9,19,58,182,158,165
27,33,8,22,660,553,1023,929
25,30,9,62,0,100,0,0
26,30,6,65,138,231,309,350
27,32,8,60,619,520,1023,1011
27,32,4,62,160,250,355,564
28,29,7,61,609,516,1021,1023
27,32,7,63,187,261,407,408
26,33,7,62,600,508,1013,919
26,32,7,61,128,214,283,244
26,31,7,67,624,520,1023,924
26,29,8,65,69,176,178,148
27,33,6,63,662,539,1023,919
27,33,8,64,0,86,0,0
27,33,6,66,73,174,182,446
27,33,4,94,663,532,1023,1023
26,31,7,76,14,125,80,205
26,30,7,69,633,520,1023,1014
27,29,7,62,0,76,0,0
24,30,7,22,20,117,84,104
29,29,8,18,636,515,1023,939
28,34,8,14,3,85,0,0
25,28,7,16,0,65,0,0
25,31,7,19,80,155,196,283
26,32,6,14,663,513,1023,1023
25,29,6,16,22,119,89,206
27,35,7,19,632,509,1023,1023
27,35,5,14,0,65,0,0
26,32,9,17,26,114,95,124
27,33,7,16,637,506,1023,972
27,29,8,13,1,70,0,0
27,33,6,16,0,58,0,0
26,33,10,19,86,150,206,182
27,30,6,19,641,491,1023,982
25,31,7,13,28,114,107,252
26,35,8,13,654,506,1023,1023
29,33,8,10,0,60,0,91
27,33,7,15,196,223,421,470
26,33,4,15,599,469,1008,1010
27,34,9,12,226,248,470,446
24,36,6,17,587,472,1001,904
24,32,7,17,146,201,333,311
27,32,7,15,614,478,1022,1023
26,29,10,941,188,218,377,533
25,30,7,951,503,406,825,926
25,28,7,954,346,297,608,765
27,33,6,61,464,364,738,808
26,30,8,72,245,245,478,627
26,30,9,76,595,464,997,1015
27,33,6,68,156,195,340,495
26,31,5,67,615,477,1020,1023
27,31,7,63,179,217,388,557
27,32,6,64,605,478,1013,1023
24,28,8,71,210,244,441,574
26,30,7,65,594,482,1005,1015
29,29,8,68,240,270,487,575
26,31,6,71,584,486,996,970
27,29,8,65,77,164,197,305
25,30,7,62,665,527,1023,997
24,30,7,956,0,80,0,132
25,30,7,950,412,376,715,739
25,30,8,952,393,344,561,671
27,28,6,946,453,403,762,745
26,29,8,928,369,325,485,424
25,31,10,928,496,436,816,641
25,30,10,921,214,210,125,0
26,30,6,930,544,464,856,715
26,29,9,879,326,300,350,269
26,31,7,871,578,488,906,786
25,30,7,977,314,284,279,374
25,30,9,969,619,516,958,1005
25,29,6,944,156,170,0,176
27,28,8,956,567,472,827,831
27,28,6,941,389,335,393,325
26,32,9,951,607,502,870,764
24,28,7,962,376,327,330,131
24,30,6,972,643,530,920,764
24,28,6,913,354,311,248,306
25,29,7,914,685,557,979,817
27,32,5,918,319,282,151,181
24,32,7,964,731,588,1023,976
25,33,6,966,190,201,0,108
27,31,6,920,663,545,894,793
26,30,6,909,407,352,294,376
24,30,6,903,697,578,945,885
27,32,6,848,380,335,208,256
26,30,6,847,735,604,1000,814
26,29,6,34,211,229,0,19
27,30,7,79,434,419,508,548
26,29,7,986,771,615,992,1023
25,29,7,994,475,434,556,829
26,28,7,995,674,551,832,926
25,31,7,994,510,444,610,793
25,31,7,994,645,517,740,820
26,30,9,993,549,472,658,739
25,28,7,993,610,497,659,732
26,31,6,992,589,504,707,665
25,28,7,991,581,487,579,500
27,29,6,992,625,540,753,524
26,29,9,995,554,473,503,297
26,30,8,992,662,581,806,538
26,30,9,989,527,476,422,302
24,28,6,966,703,625,849,650
26,30,9,977,500,467,377,253
26,32,8,962,736,648,892,755
27,29,6,960,487,458,309,282
