9,24,866,13,0,359,1023,999
10,27,866,14,3,0,0,149
10,25,867,14,3,172,531,568
9,22,867,15,0,324,980,924
9,24,869,14,2,25,95,246
10,24,866,12,2,343,1023,951
9,23,867,15,3,17,8,218
8,24,865,16,2,78,237,328
11,27,866,16,0,359,1023,932
8,23,867,14,0,0,0,0
8,27,866,16,3,29,96,80
8,25,866,16,2,283,884,711
11,24,865,17,0,292,875,882
10,26,869,17,2,129,401,477
10,25,866,14,5,331,1012,1007
9,23,868,23,1,142,449,428
8,25,864,15,5,336,1023,890
8,24,865,16,2,0,13,25
10,24,868,15,0,198,621,557
10,24,868,12,0,305,929,845
10,24,867,14,2,99,312,288
9,24,866,14,1,344,1023,957
8,23,866,11,1,0,0,0
11,25,867,10,4,57,168,162
8,24,866,11,1,356,1023,973
10,25,865,12,2,0,0,0
9,24,864,15,0,56,170,163
8,24,865,10,1,353,1023,964
9,24,867,10,2,0,0,0
10,24,864,11,2,0,0,0
10,25,865,12,2,93,279,254
11,24,865,10,3,351,1023,961
9,23,867,10,1,0,17,28
10,25,864,11,0,200,627,559
11,24,865,9,3,301,925,838
11,24,865,13,2,52,175,164
10,26,867,10,0,354,1023,969
10,27,866,12,1,0,0,0
11,25,865,9,3,104,318,294
9,23,867,12,3,345,1023,958
7,23,867,11,2,0,0,0
11,22,866,12,1,57,174,167
9,24,866,10,5,352,1023,972
8,24,864,10,2,0,0,0
8,24,867,8,2,2,19,33
8,24,865,13,0,148,459,412
10,26,867,9,1,337,1023,943
9,25,865,11,0,1,18,36
10,25,865,10,2,202,629,560
8,27,865,10,1,300,925,840
9,22,865,11,0,54,177,168
10,24,864,10,2,349,1023,966
11,25,866,9,3,0,0,0
8,24,867,8,2,3,19,34
10,24,865,9,0,148,457,413
11,22,866,11,0,337,1023,943
10,24,866,11,0,52,175,164
11,25,865,8,3,350,1023,975
8,25,866,11,2,0,0,0
10,24,867,8,2,1,14,30
8,24,866,11,0,202,622,555
10,25,866,9,5,326,1004,921
9,23,868,10,1,53,170,163
10,26,867,10,2,350,1023,964
9,23,868,11,1,0,0,0
10,25,866,10,1,0,15,28
11,21,866,10,3,254,803,709
11,22,865,11,1,231,692,625
9,24,866,8,1,158,492,443
10,23,866,11,0,342,1023,959
10,25,867,9,3,12,61,71
10,23,866,12,2,265,843,738
10,24,867,8,1,207,626,568
10,24,865,11,1,111,359,333
10,24,865,11,4,330,1018,933
10,27,866,10,3,75,240,226
11,25,866,9,3,348,1023,969
10,23,868,10,1,0,0,0
9,24,865,11,1,78,239,223
11,27,867,10,3,352,1023,968
11,25,866,10,1,0,0,0
8,24,866,9,1,78,237,226
10,24,865,9,0,349,1023,953
9,24,868,9,2,14,15,56
9,24,864,9,2,29,99,101
8,25,864,11,2,277,885,771
9,24,869,10,1,284,865,766
9,24,865,10,0,74,238,225
11,23,868,11,0,349,1023,972
9,23,865,11,2,0,0,0
9,24,865,13,0,30,95,103
11,24,867,10,3,338,1023,931
8,25,867,10,0,17,12,60
8,24,865,9,3,75,238,220
10,25,865,9,5,348,1023,956
9,24,869,10,2,17,18,63
11,25,866,11,0,74,236,219
11,25,865,11,3,353,1023,974
10,23,868,10,1,0,0,0
8,26,866,11,2,128,396,364
10,27,867,12,2,337,1023,947
9,22,866,13,3,36,131,124
9,24,866,11,2,349,1023,957
9,24,865,11,0,5,0,35
11,25,867,10,3,0,0,0
10,24,868,11,2,126,393,357
10,24,866,15,0,332,1016,927
9,22,867,11,0,82,265,240
9,24,869,12,2,348,1023,969
9,22,868,10,4,0,0,0
8,24,865,11,0,0,0,0
9,23,868,9,4,76,227,210
9,23,868,11,1,349,1023,951
9,24,866,11,0,20,33,70
8,25,866,11,2,70,225,206
9,23,867,10,0,350,1023,967
10,25,864,11,2,0,0,0
10,23,868,8,2,22,81,84
10,24,868,8,3,272,864,751
9,23,867,11,0,291,888,802
10,24,868,12,2,69,222,210
8,24,866,10,3,349,1023,973
10,25,865,10,3,0,0,0
9,24,868,11,2,72,223,208
10,23,867,10,1,354,1023,969
9,23,867,11,3,0,0,0
10,25,866,12,2,22,76,85
11,23,865,10,2,330,1023,913
8,24,866,8,4,23,36,81
10,24,866,12,2,20,75,81
10,23,866,11,3,329,1023,909
10,27,865,10,3,24,44,85
11,27,866,10,3,116,370,342
10,23,867,8,1,332,1017,935
8,24,866,10,1,31,108,112
11,25,865,10,1,348,1023,962
9,23,864,11,2,0,0,0
8,24,864,12,0,0,0,0
8,24,864,11,0,71,206,199
8,24,866,12,2,354,1023,972
7,24,864,8,2,0,0,0
11,24,864,11,3,0,0,0
11,24,865,11,2,58,171,162
11,25,866,13,0,355,1023,987
8,23,865,19,0,0,0,0
10,23,867,16,2,56,166,289
8,25,869,18,5,355,1023,1023
10,24,867,15,1,0,0,48
11,24,867,14,1,158,485,553
8,25,868,16,3,330,1001,990
8,24,869,13,2,61,199,361
10,23,867,14,1,357,1023,1023
9,24,868,12,2,0,0,228
9,25,866,17,0,170,524,624
9,22,866,15,5,340,1021,1020
8,24,865,18,0,72,231,420
11,24,867,13,4,355,1023,1023
11,25,867,15,0,0,0,232
11,24,865,17,0,238,743,780
10,24,867,13,2,279,822,853
8,24,868,13,0,137,432,565
10,25,866,16,2,341,1023,1023
9,23,869,14,1,97,294,464
8,25,865,16,1,358,1023,1023
10,24,869,14,1,0,0,187
11,24,867,15,0,207,643,686
8,23,868,21,1,304,921,732
9,21,866,19,3,56,179,174
11,23,869,21,2,355,1023,1023
9,24,866,17,3,0,0,4
9,24,867,16,1,59,175,216
10,25,867,19,0,354,1023,995
11,25,867,15,3,0,0,0
9,24,866,17,2,56,173,166
8,25,868,21,4,354,1023,987
10,27,868,20,1,0,0,6
8,24,866,22,0,0,5,20
10,23,870,34,3,144,448,410
10,24,868,13,2,331,1008,942
10,24,866,14,0,96,307,287
9,23,869,10,2,346,1023,979
9,24,869,13,1,0,0,0
10,24,867,13,0,54,162,160
11,25,869,10,3,354,1023,992
9,25,869,10,1,0,0,0
11,27,869,12,1,52,163,155
9,21,868,11,2,358,1023,994
11,27,867,14,1,0,0,0
9,26,869,11,1,54,163,158
9,24,866,13,0,354,1023,988
8,24,868,10,3,0,0,12
9,24,870,11,0,0,0,20
10,25,866,14,1,142,442,409
9,24,867,13,0,329,1012,949
10,25,866,15,1,48,159,161
11,25,867,11,1,355,1023,1005
9,23,870,11,2,7,46,60
10,25,866,15,0,208,656,598
9,22,868,11,0,298,914,859
11,26,869,11,3,61,194,190
10,27,867,11,0,354,1023,1007
11,27,867,12,1,23,91,96
11,24,868,12,5,333,1023,956
9,24,869,11,0,22,20,78
9,21,867,11,1,74,229,224
11,25,869,10,2,352,1023,1006
8,24,867,12,6,0,0,0
8,24,867,10,3,77,232,228
8,24,867,12,4,355,1023,1005
10,23,868,12,1,0,0,0
8,24,867,10,4,81,235,229
9,23,868,12,2,354,1023,1007
8,25,869,9,2,0,0,0
8,24,869,11,0,8,35,55
8,24,866,14,0,172,530,494
9,26,870,11,2,334,1019,971
10,24,868,11,3,25,96,105
10,24,866,10,2,350,1023,998
10,25,868,11,0,0,0,0
9,24,866,12,2,29,95,107
10,24,868,12,1,338,1023,969
8,24,868,13,0,16,8,71
10,27,871,12,3,27,99,107
10,23,870,10,1,354,1023,998
10,27,868,12,3,0,0,0
9,21,868,11,3,31,96,106
11,25,867,12,1,342,1023,973
10,27,868,13,4,17,4,66
9,24,868,13,2,79,240,234
10,24,866,14,0,354,1023,1023
9,24,868,15,3,0,0,135
9,23,870,19,1,189,582,776
11,24,868,22,1,334,1011,964
10,22,869,26,2,89,273,414
8,25,869,24,2,356,1023,1023
9,24,868,27,3,0,1,252
10,27,867,28,3,201,620,699
10,23,866,26,3,308,935,954
9,23,867,27,0,96,303,464
10,27,867,24,3,355,1023,1023
10,23,866,25,2,8,44,265
8,25,866,25,2,321,1023,979
10,25,866,24,3,126,378,533
10,23,869,26,1,223,698,735
10,27,867,26,1,293,885,895
9,24,869,25,2,121,385,491
9,25,863,44,1,343,1023,1021
9,24,866,28,5,34,118,280
10,26,869,29,3,356,1023,1023
8,26,867,33,4,0,0,114
11,24,867,34,0,140,428,493
11,25,868,27,0,335,1012,982
10,26,866,28,0,93,290,286
11,25,865,22,3,353,1023,1023
10,24,869,24,2,57,181,295
10,24,864,15,0,354,1023,1023
8,25,867,13,3,16,71,129
11,25,868,12,4,331,1023,828
9,25,867,10,5,28,50,79
10,24,865,15,1,70,211,154
11,25,868,11,3,352,1023,993
10,24,866,15,2,0,0,0
11,24,867,11,3,116,362,322
10,26,869,10,1,335,1017,895
9,24,870,12,0,77,242,225
9,25,869,12,3,349,1023,971
8,24,869,12,3,0,0,0
9,24,869,11,5,0,0,0
6,24,868,14,3,69,204,168
11,25,869,11,1,352,1023,963
9,24,871,11,2,0,0,0
11,27,869,11,2,17,57,57
9,24,867,15,0,324,1023,851
8,25,869,9,5,120,364,387
8,24,869,12,1,109,354,292
8,24,868,11,2,339,1023,969
9,24,869,10,1,0,0,0
9,24,870,13,2,63,197,164
11,24,867,11,1,350,1023,950
11,25,869,11,3,0,0,0
11,25,869,14,3,61,194,161
10,24,868,15,0,350,1023,974
9,26,871,12,3,0,0,0
11,27,871,12,2,62,192,162
9,24,870,12,3,350,1023,978
8,23,871,15,0,0,0,0
8,25,871,12,2,8,41,38
10,24,868,15,0,207,644,532
9,25,868,11,3,295,916,875
8,24,868,13,1,56,186,156
11,25,869,14,1,348,1023,908
9,23,868,15,1,0,0,0
8,22,868,12,3,7,33,32
10,24,868,13,0,205,640,529
9,26,868,13,2,296,922,841
9,23,870,12,1,55,185,152
10,24,870,16,2,347,1023,922
9,24,868,13,2,0,0,0
10,25,867,11,3,5,27,40
11,25,867,13,2,261,815,677
10,24,867,12,2,221,672,610
12,26,870,12,2,158,504,463
9,22,866,14,5,319,991,888
10,24,868,13,2,18,77,104
9,24,866,15,0,347,1023,940
9,24,865,15,5,24,38,104
10,24,866,14,0,118,375,363
8,23,867,10,3,331,1016,933
9,23,867,12,3,32,114,171
11,27,869,9,2,348,1023,1003
9,24,868,13,0,0,0,58
9,22,868,24,6,34,113,162
10,24,867,26,3,352,1023,859
11,27,861,27,2,0,0,0
10,25,858,21,2,31,112,109
10,23,861,20,1,356,1023,812
9,24,871,17,2,0,0,0
9,24,868,21,2,36,111,88
8,24,866,15,5,345,1023,777
11,25,866,18,1,102,277,236
8,23,866,18,2,246,773,558
10,27,865,19,2,312,948,721
11,26,867,18,1,90,285,212
7,24,864,19,4,351,1023,825
8,24,865,21,0,0,0,0
10,23,867,18,0,48,140,113
9,23,864,21,0,358,1023,837
9,23,867,20,1,0,0,0
8,24,864,20,4,0,0,0
11,26,866,21,1,81,243,196
9,24,866,17,2,357,1023,853
10,26,866,19,1,0,0,0
10,23,869,22,1,80,245,198
10,24,865,16,2,357,1023,856
10,27,866,16,3,0,0,0
9,26,865,19,2,135,406,325
11,23,867,18,2,346,1023,838
10,27,869,20,2,43,136,116
9,24,866,20,3,356,1023,870
10,23,867,20,2,0,0,0
8,27,865,20,4,42,132,114
10,24,864,21,0,358,1023,903
9,24,866,15,3,0,0,0
10,24,864,19,0,0,0,16
8,22,864,18,3,188,574,522
10,23,864,22,3,336,1014,953
9,23,866,20,1,84,271,260
10,24,862,23,0,355,1023,907
9,23,865,20,1,0,0,0
9,23,866,20,2,42,126,122
9,23,866,16,2,356,1023,937
11,26,865,19,2,7,0,30
8,24,864,19,0,40,125,135
9,23,866,19,2,354,1023,961
9,26,865,18,2,6,0,63
10,23,864,20,2,0,0,0
8,23,866,17,2,127,392,370
9,27,866,19,1,346,1023,950
11,25,864,19,1,0,0,0
9,25,865,18,5,124,385,363
12,27,865,20,3,344,1023,943
9,24,867,20,1,35,120,132
10,22,867,20,1,354,1023,951
8,23,864,18,3,0,0,0
8,23,866,20,2,0,0,0
9,22,866,15,4,77,220,211
8,23,865,15,3,356,1023,959
8,23,865,21,1,0,0,0
10,24,864,20,3,0,0,0
10,24,864,21,1,110,334,306
9,23,867,20,2,342,1023,925
10,23,867,16,2,19,74,87
10,23,867,20,2,333,1023,907
10,23,867,19,0,27,36,89
11,27,865,20,3,120,376,344
10,27,864,20,3,334,1016,923
11,24,865,19,3,78,252,240
9,24,863,21,0,351,1023,970
9,21,864,19,1,0,0,0
9,22,864,20,3,32,109,125
8,23,866,16,1,354,1023,961
9,23,867,16,1,13,0,66
8,25,867,16,3,32,108,118
10,22,864,15,3,352,1023,956
11,26,865,16,2,0,0,0
10,23,864,15,3,33,106,116
8,24,864,19,0,356,1023,973
10,24,864,15,5,0,0,0
10,24,864,17,0,33,105,117
8,23,867,16,2,359,1023,966
8,24,865,16,1,0,0,0
10,23,867,17,3,0,0,0
11,24,865,19,2,121,363,340
11,27,865,16,3,336,1020,933
9,26,867,16,0,78,241,235
9,21,866,15,3,352,1023,969
10,24,864,16,1,0,0,0
9,23,864,17,2,31,102,109
11,25,865,16,2,352,1023,955
9,22,864,15,5,0,0,0
11,24,865,16,3,0,0,0
9,24,864,18,3,118,358,337
10,26,866,14,2,344,1023,962
9,23,866,19,1,26,99,116
10,24,863,19,0,337,1023,944
10,24,864,15,3,13,8,76
11,24,864,15,5,77,242,240
9,22,864,15,3,352,1023,981
11,25,865,16,0,0,0,0
11,26,867,16,0,79,243,237
11,26,866,13,2,352,1023,982
11,24,865,16,1,0,0,0
10,24,864,19,0,130,406,382
11,25,865,16,3,333,1011,932
8,24,864,18,3,86,273,260
8,24,864,15,1,351,1023,982
8,24,864,19,0,0,0,0
10,24,864,18,6,0,0,0
9,23,866,18,2,133,402,380
8,23,867,17,1,341,1023,967
8,24,864,21,2,0,0,4
9,23,867,18,0,79,234,242
8,23,867,18,0,355,1023,992
8,24,865,19,3,0,0,0
10,24,866,21,0,0,0,0
8,24,864,15,1,112,345,332
11,25,865,16,4,347,1023,966
10,27,866,20,1,23,86,100
11,25,865,15,3,350,1023,952
9,24,864,19,0,0,0,0
11,26,865,16,0,0,0,0
9,25,867,18,1,114,341,296
10,27,865,15,3,351,1023,972
11,22,864,17,2,21,82,140
8,24,863,17,2,357,1023,900
10,26,867,14,2,21,29,137
11,24,865,15,3,180,558,459
11,25,865,15,3,320,965,795
10,25,864,15,3,82,256,256
9,23,867,17,2,354,1023,882
11,27,865,16,3,0,0,28
8,23,864,19,2,138,424,381
10,22,867,17,4,344,1023,869
9,24,864,17,0,44,143,182
10,25,865,14,3,356,1023,882
10,27,865,19,2,0,0,18
9,24,863,17,2,93,283,201
9,23,865,17,3,356,1023,870
8,22,865,18,1,0,0,83
8,22,866,15,2,47,139,286
10,25,865,15,0,357,1023,1023
9,23,869,10,1,0,0,0
10,24,866,9,2,43,134,199
10,22,867,8,2,356,1023,1023
9,23,865,11,0,0,0,31
8,25,864,12,3,42,132,185
8,24,863,11,0,355,1023,1023
10,27,863,14,1,0,0,13
10,27,863,13,4,89,268,296
10,23,864,12,1,353,1023,1023
9,27,865,12,3,48,161,192
8,24,864,14,0,354,1023,1023
10,24,863,15,1,0,0,0
11,25,863,14,2,51,161,182
11,25,863,14,0,356,1023,1023
7,24,863,17,0,6,37,77
11,24,864,12,0,208,651,620
10,25,864,14,0,300,919,886
11,25,864,13,1,106,333,337
9,22,862,15,0,337,1023,991
8,24,864,10,2,18,74,99
8,24,864,13,1,271,858,795
11,24,863,13,1,294,897,862
10,25,863,13,3,116,367,365
8,27,865,14,2,337,1018,981
8,25,862,17,0,29,106,119
9,24,864,16,1,353,1023,1004
8,22,864,14,0,0,0,0
8,24,862,14,1,0,0,0
9,25,863,12,3,69,206,207
7,27,863,13,2,360,1023,1011
11,25,864,13,5,0,0,0
11,24,863,17,2,65,205,196
8,24,865,13,1,359,1023,983
11,21,864,18,4,0,0,0
9,23,867,20,1,68,199,366
9,24,865,17,0,358,1023,984
8,24,864,20,3,0,0,96
10,25,865,14,5,10,44,142
9,23,868,13,0,356,1023,912
11,22,864,19,0,40,77,239
8,23,867,16,2,167,522,519
9,25,865,16,1,339,1023,943
10,23,865,15,1,20,79,226
11,22,866,15,3,353,1023,970
8,24,865,16,1,0,0,165
8,27,864,15,3,73,222,336
9,24,867,14,2,356,1023,997
11,24,865,14,4,0,0,170
9,22,867,16,2,122,381,458
9,24,865,15,3,344,1023,988
11,27,865,16,2,0,0,146
8,24,864,16,0,235,731,714
11,24,865,15,3,320,971,927
11,25,866,15,1,80,251,367
10,25,865,16,3,354,1023,1010
9,24,867,14,2,43,144,291
7,26,865,16,3,353,1023,1006
10,24,864,16,2,0,0,160
10,24,864,17,1,148,458,525
9,24,866,12,2,332,1007,970
8,24,863,16,2,55,170,313
10,22,864,22,3,353,1023,1023
9,22,867,16,1,0,0,220
8,22,867,11,2,161,488,597
9,21,864,14,4,338,1023,1023
11,23,865,15,2,61,199,401
10,26,865,14,3,352,1023,1023
8,22,864,14,1,25,92,325
8,25,866,12,5,332,1023,999
10,23,867,18,3,108,315,489
10,23,867,20,1,234,740,758
11,24,866,15,2,268,809,807
8,25,864,17,0,135,430,534
8,22,866,20,3,336,1023,991
10,24,865,21,0,0,0,217
10,24,863,21,2,244,777,755
11,27,863,19,1,250,747,700
9,24,865,23,0,151,465,326
8,24,864,18,3,337,1023,769
9,24,863,19,0,0,24,39
8,23,864,20,1,200,635,468
7,27,864,18,3,324,1004,768
11,25,864,19,3,53,177,158
8,24,867,19,2,352,1023,828
8,24,864,20,3,0,0,5
8,24,864,23,0,1,18,57
12,25,865,20,0,203,629,486
10,23,867,19,2,304,927,728
11,24,865,21,1,99,313,276
8,24,863,19,0,344,1023,842
10,27,865,20,1,0,0,8
8,24,863,19,0,100,310,280
8,24,863,21,2,347,1023,857
8,24,864,21,2,0,0,0
10,22,866,19,1,55,162,117
10,24,864,21,2,357,1023,1023
10,27,866,12,2,7,47,277
9,24,865,24,2,322,1023,836
8,24,866,28,2,123,375,255
8,24,863,23,0,165,521,381
13,25,865,17,3,335,1021,785
10,25,865,18,3,70,228,169
11,24,865,19,5,352,1023,821
9,22,866,25,3,0,0,0
11,24,865,21,3,73,224,167
9,24,863,23,1,356,1023,823
9,21,864,20,3,0,0,0
10,23,863,21,2,21,79,65
11,22,865,18,3,334,1023,770
11,22,863,18,0,25,34,80
8,24,863,19,0,120,377,284
8,23,863,21,1,346,1023,786
9,23,865,24,4,0,0,0
11,23,865,21,2,70,210,192
8,23,863,25,0,358,1023,867
9,25,864,23,0,0,0,0
10,24,864,22,2,17,55,79
9,23,863,21,2,331,1023,794
9,25,865,20,1,126,361,339
10,23,865,21,3,169,529,431
10,24,864,18,1,327,984,803
9,25,863,19,2,71,230,210
9,23,863,23,0,356,1023,882
10,22,866,20,2,0,0,19
10,24,864,19,0,76,227,214
8,24,864,21,2,357,1023,887
8,24,863,20,1,0,0,11
10,25,864,19,2,78,225,222
9,24,862,20,3,356,1023,886
11,22,864,19,5,0,0,20
11,25,864,20,3,124,383,347
9,23,863,22,3,336,1016,848
11,27,865,20,1,35,117,152
9,23,865,19,0,358,1023,892
9,23,866,18,1,0,0,38
10,23,866,20,2,36,115,144
9,23,866,20,1,360,1023,895
9,25,863,21,2,0,0,34
11,24,864,20,3,35,110,141
10,25,864,19,3,358,1023,903
10,26,865,20,3,0,0,0
10,25,864,20,3,81,247,223
9,24,864,19,3,357,1023,920
8,24,862,16,2,0,0,0
9,23,865,20,2,32,103,108
10,23,865,20,0,361,1023,912
8,24,862,23,0,0,0,32
8,24,863,21,0,30,97,146
10,23,865,18,2,343,1023,881
11,22,864,20,3,16,9,128
10,27,865,20,1,129,406,379
11,23,863,21,0,336,1012,892
11,25,865,20,0,89,271,279
9,23,866,11,0,354,1023,1023
8,23,865,11,3,0,1,68
8,24,863,9,2,141,439,445
9,23,867,10,3,349,1023,1023
10,24,863,13,0,0,0,19
8,24,863,11,0,195,608,565
8,22,864,13,5,328,1009,952
9,23,867,12,1,48,154,155
11,24,864,18,1,350,1023,1006
8,23,862,19,2,0,0,0
9,22,864,14,0,49,151,155
9,24,864,11,4,355,1023,1006
9,23,865,11,2,0,0,0
11,27,863,11,3,0,0,5
9,26,865,10,1,139,424,405
10,25,862,15,1,339,1023,990
8,24,863,12,1,45,148,151
11,25,864,11,3,350,1023,1006
11,22,862,15,0,0,0,0
9,24,863,13,2,93,288,277
11,24,864,11,3,352,1023,1018
9,24,862,13,2,0,26,42
10,23,862,12,1,202,636,587
8,21,864,12,1,300,922,883
10,25,863,10,5,54,177,181
10,23,865,12,3,351,1023,1020
8,24,863,12,3,13,64,77
10,23,866,12,1,269,845,771
10,23,863,13,0,208,623,598
10,23,865,11,0,171,536,501
10,24,864,10,1,318,977,935
9,22,862,13,0,75,239,237
8,24,864,12,5,349,1023,1016
9,24,864,11,3,0,0,0
9,21,865,12,0,33,100,108
9,27,863,11,2,354,1023,1004
9,24,866,10,2,0,0,0
8,23,862,11,0,0,0,0
10,24,862,14,0,70,204,204
9,21,864,11,3,355,1023,1023
8,23,865,12,1,0,0,0
8,23,866,12,2,65,206,203
11,24,864,11,3,353,1023,1017
9,22,862,14,1,0,0,0
8,24,862,12,2,67,205,200
9,27,865,11,2,353,1023,1017
9,22,862,15,0,0,0,0
11,24,864,15,2,14,53,69
8,23,862,13,3,324,1023,940
11,24,864,11,0,124,370,380
10,25,863,11,3,221,703,652
8,23,865,11,3,286,877,830
9,23,863,13,0,72,232,231
11,24,864,11,3,353,1023,1023
9,24,863,13,0,0,0,0
8,24,863,13,2,75,231,231
9,23,865,12,0,355,1023,1022
10,22,866,10,1,0,0,0
9,24,863,11,2,74,228,227
10,24,864,13,0,353,1023,1021
7,23,865,11,0,0,0,0
10,24,866,11,3,74,229,222
9,27,863,10,5,353,1023,1023
9,22,862,13,2,0,0,0
7,23,865,11,0,75,222,229
10,23,863,16,2,354,1023,1023
8,24,862,19,1,0,0,7
10,25,865,18,3,72,223,215
9,24,862,16,2,356,1023,982
9,24,866,13,2,0,0,77
10,24,863,18,1,74,225,308
9,22,866,13,2,361,1023,992
8,22,863,15,0,0,0,129
10,27,863,12,3,128,384,464
11,25,864,12,3,338,1016,969
9,22,863,17,0,83,261,365
9,24,863,15,0,357,1023,1009
10,23,866,13,0,0,0,128
9,23,866,15,0,197,606,632
10,23,866,12,1,334,1011,980
11,27,863,12,2,95,296,410
11,23,863,15,0,352,1023,1023
8,24,862,14,3,59,189,334
9,24,864,12,2,358,1023,1023
9,24,863,13,1,0,0,134
8,24,864,12,4,115,344,446
8,22,864,12,3,349,1023,1023
9,22,864,13,1,23,85,253
9,24,864,12,1,336,1023,999
11,24,864,11,3,112,313,454
9,24,864,13,2,235,746,756
11,27,867,12,2,317,961,958
10,24,866,12,2,85,266,386
11,24,865,12,3,355,1023,1023
8,23,862,12,3,48,159,306
10,23,863,14,1,358,1023,1023
10,24,862,14,5,0,0,112
10,23,862,17,0,213,657,685
11,25,862,14,3,300,912,916
10,23,866,13,1,111,341,452
9,24,865,13,2,339,1020,1018
11,22,861,16,1,72,225,120
11,22,864,18,1,355,1023,1023
9,22,866,20,2,35,120,308
10,23,865,18,1,350,1023,1023
12,24,864,23,0,0,0,131
11,23,863,21,0,193,601,659
11,24,863,15,3,306,942,946
8,24,862,22,0,92,289,416
10,24,862,20,2,349,1023,1023
8,23,863,17,2,3,32,211
9,22,866,18,2,257,823,811
10,26,865,18,1,297,921,915
10,23,861,21,1,102,328,424
8,23,865,18,0,332,1023,977
10,23,865,19,2,17,74,178
10,25,862,19,2,343,1023,932
8,27,865,20,2,0,0,22
8,23,863,17,4,17,73,82
10,26,862,17,4,267,853,668
10,24,866,18,2,199,601,486
11,24,862,20,3,170,550,433
10,24,862,18,1,315,969,792
10,23,865,14,0,80,250,209
8,24,864,14,2,352,1023,883
7,27,863,14,0,0,0,0
10,22,866,12,2,38,110,111
11,24,864,14,0,357,1023,897
8,24,862,13,4,0,0,0
11,22,864,14,0,38,108,133
9,22,864,14,5,357,1023,919
8,22,864,14,3,0,0,34
8,22,862,17,0,35,111,158
10,24,862,17,1,352,1023,923
8,24,866,12,2,0,0,46
24,26,5,976,699,699,686,512
27,25,4,976,845,787,746,677
24,25,7,962,721,716,727,543
23,24,4,964,810,759,673,627
23,27,4,966,742,727,769,580
23,26,4,936,779,736,605,577
24,27,4,944,763,742,808,614
23,25,7,953,746,714,534,507
22,26,3,931,787,757,853,627
21,26,3,920,716,688,459,437
20,28,3,921,810,773,901,656
20,27,2,915,687,663,385,389
27,25,3,909,831,783,948,684
27,24,4,906,656,638,325,368
26,27,2,899,857,797,978,715
26,25,6,890,626,627,279,336
24,26,3,892,867,809,1020,745
26,27,3,890,468,505,0,73
26,27,5,862,689,691,668,489
27,25,4,860,855,793,776,680
26,27,5,861,710,708,708,519
26,25,6,860,817,766,700,619
24,26,4,860,731,721,750,549
27,26,4,866,784,742,630,572
24,26,3,864,752,732,794,575
26,26,4,52,735,715,561,518
27,26,7,50,637,674,635,464
28,25,7,50,906,843,976,841
23,28,6,51,436,555,294,222
22,29,5,54,950,864,1023,903
23,28,6,52,358,507,169,128
23,28,6,59,963,866,1023,926
25,27,4,79,270,440,23,25
22,27,4,57,900,847,1023,899
22,29,2,53,308,436,0,11
21,28,3,53,508,605,562,419
25,26,5,54,838,807,1000,871
25,26,5,53,402,542,400,304
23,26,6,53,847,808,1023,898
22,27,5,50,319,488,268,208
26,31,4,51,852,807,1023,911
26,27,5,50,245,436,145,116
27,26,6,53,864,805,1023,935
27,26,4,54,160,366,0,8
27,27,3,52,601,659,890,659
26,28,4,54,625,667,735,664
27,28,3,52,399,529,531,409
28,27,4,56,750,738,1008,893
24,26,3,919,323,468,375,338
26,28,4,945,761,732,995,853
26,28,6,991,352,476,416,423
25,28,4,995,761,718,981,1020
23,26,7,994,498,552,663,707
27,25,4,993,671,645,768,844
27,21,4,993,536,559,710,707
20,21,4,994,646,614,687,791
21,21,4,993,573,572,760,727
22,21,3,992,626,587,610,738
22,21,4,996,609,588,806,724
20,22,3,991,603,563,537,637
21,20,6,995,644,606,855,700
21,20,4,992,585,546,463,541
20,22,3,994,674,629,897,687
22,23,0,992,565,528,388,451
27,27,1,994,706,653,943,680
20,26,3,996,539,509,318,373
20,28,4,996,743,672,984,664
27,25,4,992,518,501,265,280
27,25,4,992,769,692,1023,706
25,27,4,994,364,377,0,26
25,24,4,992,607,575,676,483
26,28,5,995,761,668,751,638
26,26,4,996,640,598,724,531
26,26,4,992,731,646,668,598
21,26,4,990,673,620,772,583
23,28,5,989,704,626,591,549
20,27,7,991,705,644,821,630
21,24,4,984,682,611,515,513
20,27,4,968,734,667,865,679
23,27,2,19,634,585,431,440
22,26,6,17,626,613,710,568
20,26,4,17,822,744,928,847
21,27,4,14,417,494,355,323
22,26,4,16,888,783,1023,984
21,26,6,15,336,449,229,204
20,28,4,13,896,786,1023,1023
22,27,7,12,332,460,266,282
25,26,5,14,867,777,1023,1023
23,28,5,14,330,467,306,312
23,21,6,16,836,765,1023,1019
23,21,4,15,333,468,338,325
21,22,5,16,811,757,1023,999
23,23,4,15,256,416,213,210
20,22,4,18,825,755,1023,998
23,20,5,16,173,364,91,102
22,22,5,14,810,750,1023,993
24,22,4,17,128,308,0,0
23,21,4,15,426,525,626,501
24,20,4,15,701,693,969,902
24,21,7,17,236,401,292,240
23,18,4,15,752,704,1023,955
27,23,3,16,169,347,168,140
24,20,5,15,772,703,1023,970
22,18,5,15,85,282,27,33
23,20,4,15,629,637,1023,868
26,20,6,13,242,343,30,155
26,23,5,16,443,513,766,596
28,23,4,15,586,603,888,834
29,19,2,16,236,385,413,332
26,19,7,14,676,639,1020,945
28,22,5,14,164,329,282,231
28,23,5,15,685,637,1023,959
26,20,7,17,96,278,159,133
27,23,4,17,700,643,1023,979
26,22,4,17,10,198,0,0
25,20,4,19,252,376,513,413
27,20,4,16,620,591,1006,936
25,20,4,18,165,313,355,289
26,20,4,20,635,593,1023,954
29,23,3,16,95,261,231,188
25,17,4,15,671,601,1023,983
26,20,5,17,0,157,0,0
24,20,4,19,163,297,398,324
27,20,4,16,611,562,1019,945
26,22,4,15,98,250,268,222
26,21,3,20,656,576,1023,980
26,21,6,19,0,138,0,0
27,20,5,22,179,290,446,361
27,21,5,19,596,534,1010,943
26,19,4,18,111,243,307,250
26,21,7,16,617,538,1023,958
26,21,7,17,58,193,183,153
26,22,3,18,652,550,1023,973
27,24,2,974,0,119,0,0
24,23,3,966,264,313,544,434
26,27,1,966,552,489,901,842
24,28,3,969,309,333,587,459
26,30,3,966,548,485,869,814
27,28,4,964,354,354,635,496
25,26,7,959,546,474,806,745
27,25,4,964,395,378,683,532
20,27,4,959,529,449,713,671
26,27,4,959,437,398,734,569
24,27,6,963,505,429,632,616
23,27,1,961,476,424,781,604
20,27,3,964,488,413,556,558
20,30,3,963,516,447,825,641
21,28,6,969,470,397,479,501
21,26,7,971,556,470,881,685
22,27,4,975,451,380,392,438
20,28,5,991,595,497,935,737
18,27,4,994,426,362,319,414
23,28,4,23,612,517,975,831
20,26,5,990,531,452,572,749
21,27,4,988,549,479,825,841
24,26,4,994,511,432,490,672
22,27,6,991,586,501,883,817
27,29,4,986,490,417,407,616
21,28,7,984,622,527,933,836
22,25,4,984,467,396,321,577
26,27,3,984,663,559,979,856
24,28,3,984,445,390,271,520
24,28,4,988,691,583,1023,868
21,28,4,985,293,270,0,263
20,27,4,987,631,537,878,762
20,27,5,986,540,456,409,584
21,29,2,986,669,562,934,798
22,29,1,983,516,433,326,549
19,28,6,987,706,588,983,831
25,28,3,987,495,422,277,512
24,28,3,987,736,608,1023,849
25,28,4,984,343,307,0,230
25,26,3,981,674,570,875,713
25,26,5,981,589,494,423,505
26,29,4,980,708,600,928,678
24,29,4,983,564,481,339,384
24,28,4,983,741,632,972,688
25,25,4,977,536,472,291,280
25,28,5,984,769,660,1017,769
18,28,4,990,384,373,0,0
20,28,4,982,496,502,461,494
24,29,3,980,869,731,958,961
25,29,6,967,530,523,513,477
20,31,3,974,853,725,931,949
25,28,3,31,544,539,557,478
22,28,3,30,878,747,1000,990
26,22,3,28,437,487,401,336
24,22,5,30,880,758,1023,1023
26,22,3,29,439,500,452,411
27,21,4,28,854,748,1016,1020
26,22,3,28,450,514,504,442
21,20,6,29,823,736,1008,1022
20,23,4,27,460,527,554,482
21,20,7,26,792,730,1000,1003
20,18,4,18,464,537,598,508
22,22,7,10,760,720,987,975
18,22,4,11,276,419,267,236
20,28,7,9,803,736,1023,1023
22,29,4,9,207,372,147,135
21,30,5,10,807,741,1023,1023
22,31,4,11,116,310,3,13
20,30,3,13,654,665,1023,907
20,28,7,12,290,394,76,184
20,28,4,9,471,543,735,622
21,33,5,7,697,681,1000,985
19,30,4,10,187,360,219,204
20,31,2,8,750,689,1023,1020
23,31,3,8,116,306,104,98
20,29,4,10,720,680,1023,1016
21,30,7,8,63,245,0,0
22,29,4,7,181,335,259,231
19,30,7,9,739,660,1023,1023
20,30,3,9,41,221,0,0
22,27,6,8,249,373,439,377
20,28,6,9,697,628,1023,1015
20,26,4,7,101,267,146,136
20,28,2,10,706,631,1023,1023
21,28,3,11,22,203,0,11
17,28,4,8,464,495,882,734
21,27,4,8,568,565,931,922
23,31,5,8,91,255,179,163
20,28,2,10,668,606,1023,1023
20,27,4,9,0,170,0,0
20,28,4,11,84,235,181,167
21,27,4,11,673,588,1023,1023
19,28,4,11,8,182,54,60
19,26,4,8,458,475,936,776
20,28,4,10,512,511,899,900
20,29,3,9,156,285,389,339
20,25,7,11,638,562,1023,1023
20,28,3,10,96,240,260,233
22,27,4,10,655,565,1023,1023
26,28,5,8,41,194,145,134
24,28,6,11,631,554,1023,1023
26,27,5,8,0,123,0,0
27,28,4,10,43,177,142,133
27,27,4,11,646,545,1023,1023
25,27,5,10,0,125,0,16
26,27,4,9,312,351,681,585
21,26,5,9,582,513,1005,1004
21,28,5,9,130,237,336,300
22,28,3,8,650,536,1023,1023
20,28,3,7,0,132,49,59
22,27,6,7,339,360,732,634
21,28,7,8,572,503,996,1008
25,28,5,8,74,186,219,202
26,28,4,11,639,529,1023,1023
27,28,5,7,0,93,0,0
25,28,7,5,51,158,163,154
27,27,4,9,617,516,1023,1023
27,31,4,13,20,111,0,0
24,28,4,13,74,169,211,198
26,28,5,14,652,523,1023,1023
27,29,4,28,11,123,87,213
24,28,5,28,622,510,1023,1023
20,28,4,29,0,67,0,123
21,24,4,981,189,228,427,527
20,31,4,982,592,475,962,974
23,27,5,980,234,251,476,534
25,26,4,983,593,472,937,963
26,26,7,983,282,275,531,566
27,27,4,987,589,473,910,966
26,29,5,984,326,304,577,602
26,26,6,987,582,475,880,922
22,27,4,986,365,332,628,623
25,28,3,989,578,474,832,868
26,28,3,987,407,360,686,650
27,26,3,984,563,454,733,789
23,28,3,988,451,389,735,610
24,26,4,982,539,431,644,608
23,25,4,982,497,413,784,585
20,26,6,986,514,412,560,572
20,27,4,985,533,439,837,634
24,27,5,987,495,394,485,510
24,27,5,983,572,465,888,643
24,28,3,985,475,378,397,389
25,30,1,979,611,500,942,692
25,26,2,983,450,365,322,332
20,28,3,985,647,532,981,764
27,26,3,983,430,364,271,383
23,30,2,983,678,560,1023,848
27,27,2,982,276,245,0,104
24,28,3,990,618,517,882,654
21,28,6,975,521,427,400,269
24,29,2,29,633,541,932,821
22,30,1,28,598,515,655,718
24,27,2,30,426,423,577,557
25,28,4,31,742,631,988,978
23,26,7,27,237,309,246,233
27,29,2,28,784,653,1023,996
27,31,2,29,164,265,126,128
25,28,5,32,789,661,1023,1023
25,26,6,998,164,280,167,181
27,29,4,27,731,641,1023,1023
26,29,4,28,241,347,373,356
26,32,4,30,704,634,1023,1018
26,30,5,48,248,356,424,408
26,32,4,28,683,621,1020,1016
24,32,3,30,259,370,475,455
26,30,3,29,656,611,1015,1009
27,30,7,25,276,384,529,546
27,34,3,27,633,603,1005,1006
29,28,4,27,290,396,576,576
30,29,4,27,607,592,994,1011
25,30,3,25,196,335,425,440
26,30,5,14,622,591,1020,1023
26,28,4,32,209,346,482,504
27,28,6,37,602,579,1012,1015
26,27,5,895,250,362,536,541
26,27,5,890,546,542,911,920
27,26,4,889,298,371,583,585
27,27,5,864,543,527,880,887
26,28,5,854,339,385,629,631
26,29,3,851,539,512,824,807
26,30,5,843,380,400,683,675
24,27,4,848,521,482,730,717
26,26,4,851,420,420,734,719
26,31,2,840,498,456,645,641
25,28,4,26,441,436,781,763
26,26,4,23,564,527,884,893
27,27,5,21,233,314,426,438
25,28,7,17,661,572,1022,1023
26,27,4,19,249,332,480,489
26,28,5,16,636,569,1009,1019
27,27,4,16,263,346,533,530
28,28,6,32,614,559,1004,1014
26,30,3,29,280,360,585,578
27,31,3,28,589,551,991,995
26,28,4,29,105,241,253,267
27,31,4,27,644,566,1023,1023
29,28,3,30,113,247,293,307
28,28,4,27,624,554,1023,1023
25,27,5,25,130,255,336,347
24,28,2,26,612,547,1023,1023
27,29,4,26,143,266,384,394
26,30,4,27,600,541,1023,1023
27,26,4,22,165,279,436,448
27,28,4,17,592,533,1016,1023
27,27,4,18,195,296,488,498
27,28,5,15,583,527,1008,1021
26,27,4,17,224,311,540,540
27,29,4,15,574,524,1001,1012
27,26,4,18,248,326,585,583
26,27,6,17,562,517,990,995
25,28,3,23,86,210,256,270
26,27,4,22,650,551,1023,1023
26,28,5,22,31,170,132,152
25,28,5,22,645,548,1023,1023
26,31,4,31,0,113,0,6
27,28,5,31,193,279,483,495
26,28,4,33,583,512,1008,1022
26,28,5,30,220,293,533,541
26,27,4,35,570,510,1001,1013
26,28,5,33,248,312,581,585
26,27,3,17,559,507,988,997
26,27,4,14,84,203,250,273
26,29,4,16,649,541,1023,1023
26,28,4,19,32,159,133,157
27,28,7,28,643,540,1023,1023
26,28,7,29,0,104,0,13
27,27,4,16,308,338,689,691
24,27,7,950,544,483,932,947
27,29,4,31,232,292,541,550
27,28,4,31,575,502,1000,1005
27,25,4,30,257,306,588,585
25,25,4,29,563,496,984,992
27,28,5,29,88,191,261,274
27,27,4,30,652,530,1023,1023
27,30,5,28,37,149,145,160
27,29,6,28,645,528,1023,1023
25,30,2,31,0,91,0,22
28,31,1,30,202,258,502,440
27,27,4,29,580,495,1007,1002
25,28,3,959,251,283,554,443
25,27,2,975,528,464,898,848
25,26,6,991,295,306,598,471
25,28,6,990,523,459,866,822
26,27,4,988,340,331,655,524
27,27,1,971,516,442,776,763
24,27,2,967,385,355,710,614
27,27,4,963,492,413,678,743
26,27,3,966,431,379,765,671
25,29,4,964,468,391,588,692
25,28,7,970,476,403,820,725
23,35,4,972,448,367,502,641
26,32,4,972,523,430,876,764
25,31,5,971,435,349,410,572
20,30,4,973,567,464,931,795
20,28,7,970,410,333,327,518
25,30,5,971,606,500,971,823
21,27,7,965,388,335,271,467
26,27,5,964,638,534,1023,846
25,26,4,966,232,222,0,179
25,27,4,962,581,501,885,734
24,28,5,964,473,407,393,512
24,28,3,966,619,532,940,761
26,28,4,962,442,391,318,457
27,29,4,953,657,565,984,775
26,29,2,955,424,386,255,377
24,30,4,954,685,591,1023,789
29,29,1,953,262,264,0,87
24,30,7,955,529,484,692,539
26,31,5,952,643,552,699,657
26,27,4,955,570,510,752,568
24,28,4,953,614,526,605,569
26,28,4,955,609,535,806,604
25,28,5,956,588,504,520,504
25,25,4,952,648,560,859,671
27,28,4,958,563,482,432,429
27,25,5,956,684,586,916,971
24,28,7,925,531,458,340,552
25,28,6,894,720,610,969,1023
25,26,7,879,372,335,0,220
26,28,5,871,650,562,819,720
25,27,3,868,612,526,502,597
25,28,4,879,681,591,870,707
25,27,4,878,580,507,412,476
25,26,4,879,714,619,930,705
26,29,4,29,529,477,326,388
25,28,6,29,610,566,772,571
25,28,3,30,737,660,886,800
26,28,5,30,397,445,424,320
27,27,5,32,822,708,1022,902
26,29,2,29,317,401,292,220
27,27,7,31,824,712,1023,918
29,27,4,31,244,356,175,131
26,27,6,862,859,723,1023,933
25,26,3,862,278,371,214,163
26,26,7,862,819,706,1023,910
24,26,4,863,385,444,433,328
25,28,7,863,773,682,970,861
23,28,5,862,421,465,489,369
27,27,4,862,759,671,938,842
24,26,4,864,460,486,539,409
27,27,4,864,738,663,908,822
25,27,4,862,497,505,587,441
27,27,7,26,706,647,877,790
26,26,7,26,386,445,440,336
24,28,4,29,799,697,1022,905
26,28,4,27,303,397,305,232
26,30,4,29,805,702,1023,920
24,28,4,32,232,352,185,143
27,30,4,29,821,708,1023,932
26,27,4,29,152,297,61,56
29,25,5,28,771,697,1023,917
27,26,4,31,157,275,0,0
27,27,7,26,293,403,397,306
26,28,4,27,733,669,1023,909
24,30,4,31,217,354,269,209
25,29,4,29,741,672,1023,916
26,31,4,28,153,306,154,119
25,29,4,31,756,677,1023,935
27,28,6,32,68,246,17,16
26,27,4,35,609,611,1023,827
26,27,4,30,227,316,38,155
27,31,2,31,428,486,755,571
26,28,4,30,566,581,893,822
26,25,7,30,223,358,409,320
25,28,5,28,660,619,1021,921
23,28,5,27,152,307,279,226
26,33,2,29,670,620,1023,936
24,30,7,32,90,258,162,137
26,29,5,30,686,625,1023,950
26,28,5,34,0,172,0,0
24,30,4,33,148,293,324,255
26,28,5,28,634,587,1023,926
25,28,4,30,85,242,204,169
26,31,5,28,665,593,1023,951
25,29,6,28,0,143,0,0
24,30,4,30,154,280,372,296
24,28,4,29,608,553,1022,944
27,28,5,31,90,230,254,313
25,28,7,32,659,567,1023,976
25,27,6,969,0,122,0,0
24,28,7,960,322,353,637,551
27,26,4,960,504,466,791,811
24,28,4,960,367,376,693,649
27,28,5,959,479,433,690,773
24,30,4,962,414,394,747,698
25,31,4,960,452,405,598,713
25,28,4,962,458,419,804,739
24,28,4,957,434,380,513,664
25,28,6,953,500,444,856,783
25,33,2,960,411,360,420,583
25,30,3,954,543,472,912,809
27,29,5,960,384,338,334,527
26,33,4,960,586,499,957,837
24,34,4,962,365,329,282,465
25,32,3,959,620,523,1009,862
26,35,4,960,211,206,0,146
23,33,5,958,564,486,869,711
25,29,5,961,452,385,395,428
24,28,5,959,611,514,929,689
26,31,4,958,425,363,320,340
24,30,4,933,649,537,974,769
27,31,4,944,410,357,248,298
26,28,7,936,682,568,1023,924
27,29,4,929,252,241,0,16
27,29,4,946,530,464,697,649
27,29,4,951,627,520,682,692
24,28,4,948,569,494,756,706
27,29,4,962,591,499,587,610
26,28,6,983,610,523,809,734
24,30,4,984,564,476,496,524
24,29,3,978,651,553,869,791
24,28,4,983,536,456,397,442
25,29,5,980,691,585,927,828
25,28,4,972,506,436,324,393
24,30,2,970,729,608,972,870
24,30,4,969,489,429,254,322
24,30,3,960,762,635,1023,915
26,31,5,947,328,309,0,0
24,28,6,947,494,464,500,464
27,26,4,944,807,661,928,940
26,27,7,954,536,492,556,502
25,26,3,956,791,659,896,908
24,29,4,957,573,518,608,551
25,28,4,50,753,651,841,836
26,29,4,53,464,471,472,438
26,31,4,52,848,711,1017,1020
24,30,4,59,476,494,531,482
27,31,4,66,817,710,1007,1011
27,29,4,932,506,521,579,528
25,28,7,937,737,667,878,891
25,28,7,933,546,541,637,578
27,29,4,928,719,649,789,789
23,31,4,929,588,563,693,631
27,29,4,928,684,616,686,700
24,27,4,924,624,585,752,676
23,26,4,927,650,587,593,619
22,26,7,925,662,607,808,729
21,27,5,926,617,561,498,535
21,27,7,927,699,633,868,780
23,28,5,932,584,533,401,442
22,30,4,930,738,659,929,825
21,27,4,929,551,508,326,394
23,27,4,926,776,678,977,872
26,29,4,928,535,493,250,317
27,29,4,926,807,704,1023,922
26,29,5,29,348,368,0,0
26,28,5,58,409,457,314,296
27,28,4,31,900,757,1023,1023
24,29,4,999,430,477,365,350
25,26,4,964,869,747,998,1023
25,26,3,968,573,565,620,653
25,29,3,962,772,696,833,861
27,29,2,973,612,587,677,685
24,28,5,975,740,660,725,793
27,26,4,972,655,610,738,703
24,28,4,973,701,629,622,725
24,28,7,973,691,634,797,729
24,28,3,976,670,601,525,651
25,28,5,976,728,660,862,769
26,32,4,974,639,575,428,579
25,31,5,976,765,688,923,815
26,31,6,976,600,546,332,527
24,29,3,980,805,712,975,843
24,28,3,976,579,532,266,462
25,28,7,977,835,735,1023,877
24,28,3,980,411,406,0,184
25,27,4,976,781,694,898,782
25,26,5,971,642,577,368,509
26,31,4,970,821,722,954,797
25,28,5,969,607,561,300,441
24,29,7,971,847,744,1010,813
26,30,5,968,447,434,0,131
27,28,4,961,786,705,869,847
25,28,5,950,681,611,411,541
27,28,4,952,825,731,929,833
27,27,3,942,643,582,331,428
25,27,5,935,857,753,978,778
24,27,5,916,614,572,256,322
24,29,3,867,880,779,1023,812
26,29,4,873,447,448,0,68
24,29,4,869,715,668,697,577
24,28,7,860,805,725,687,672
26,30,5,867,742,693,752,619
24,30,2,27,740,688,594,596
24,31,2,27,634,642,616,509
25,29,6,25,902,816,982,919
27,31,4,25,440,528,292,265
23,30,4,29,943,837,1023,981
25,29,4,25,371,482,182,185
26,31,5,26,954,844,1023,1000
23,31,4,25,368,492,226,228
23,29,4,24,919,829,1023,1000
23,27,4,24,368,503,274,272
23,30,5,24,884,817,1023,997
23,26,4,24,300,455,165,188
22,28,5,15,898,817,1023,1015
21,26,4,18,304,461,214,227
24,28,4,20,863,802,1023,1007
23,28,5,17,304,466,262,269
25,27,5,15,832,784,1023,1004
23,27,5,16,312,474,312,310
24,27,7,17,802,769,1023,1004
22,28,4,19,320,480,369,359
26,27,4,17,774,754,1023,999
25,28,5,15,252,424,255,269
23,30,4,16,781,746,1023,1011
25,28,5,17,258,429,307,305
24,29,4,18,755,726,1023,1004
26,29,4,16,266,433,358,352
23,31,2,16,727,711,1023,999
21,30,3,15,199,381,246,249
21,28,5,17,737,704,1023,977
25,27,3,44,136,331,140,142
22,28,4,870,770,709,1023,1023
26,29,4,962,251,399,351,424
23,28,5,956,701,669,1001,1018
24,27,6,958,509,546,806,759
24,28,7,958,471,496,499,639
21,28,4,956,558,564,872,788
23,28,6,959,441,459,387,551
22,28,7,956,604,590,938,807
22,27,4,960,408,429,312,477
22,27,4,960,646,607,991,844
23,27,7,961,394,406,223,404
23,27,5,958,689,628,1023,879
21,26,7,961,238,279,0,73
22,27,4,961,541,517,721,541
20,27,7,963,600,544,640,593
22,29,5,960,581,543,785,606
22,27,6,961,567,519,538,519
21,28,6,958,622,570,845,673
23,26,6,943,536,490,435,430
24,27,2,936,666,599,909,775
24,30,1,932,500,466,338,411
24,29,6,949,706,626,961,871
25,28,4,942,480,448,271,334
24,28,4,932,741,647,1021,898
26,30,4,960,318,325,0,8
26,27,7,943,478,475,496,460
23,27,2,926,793,671,930,938
22,29,4,927,524,499,560,505
23,28,4,946,779,663,891,910
20,28,4,948,565,526,615,553
23,29,4,948,756,654,823,819
22,28,4,948,605,556,681,608
21,27,4,951,717,621,702,723
23,28,4,948,650,585,746,662
21,26,5,952,675,592,597,632
21,27,6,953,687,613,809,717
20,27,6,945,640,567,495,544
20,27,2,948,728,640,873,766
22,28,3,944,603,537,387,450
26,30,5,945,769,669,942,811
25,27,7,945,564,514,310,394
24,25,5,937,805,694,996,860
23,29,5,941,542,494,219,304
25,26,4,937,841,723,1023,915
26,27,5,938,381,382,0,8
23,27,5,935,578,555,534,474
25,28,4,935,852,731,908,930
24,28,5,934,618,582,596,524
24,25,4,936,832,725,867,865
25,29,5,935,658,610,659,576
25,27,6,942,801,697,747,764
24,28,5,934,701,639,724,628
25,28,3,929,759,667,638,671
24,28,4,934,737,667,786,683
27,29,2,934,716,640,531,577
26,28,4,935,775,698,856,738
25,27,5,931,674,609,421,473
24,26,4,942,815,727,925,783
23,27,4,939,631,580,330,421
26,29,6,27,831,746,980,957
24,28,7,24,693,650,534,634
25,29,6,27,631,638,654,723
27,29,4,28,859,791,952,967
26,29,4,27,433,521,327,414
26,31,3,26,915,821,1023,1023
27,39,2,29,434,541,384,440
24,37,4,26,877,816,1023,1021
25,38,6,27,442,555,451,484
26,33,7,26,843,801,1022,1005
26,31,5,25,454,574,514,521
26,32,5,24,803,793,1014,991
27,32,6,24,360,517,375,420
24,33,8,24,807,792,1023,1007
26,31,7,25,365,529,434,464
25,31,9,25,774,777,1021,993
24,31,9,24,284,477,306,365
26,33,6,24,777,771,1023,1000
27,29,5,26,289,481,362,400
26,31,7,25,749,756,1023,998
25,33,9,22,222,430,253,324
24,31,10,21,755,748,1023,1007
