24,14,878,18,2,339,1011,918
24,12,878,18,3,94,301,384
25,12,878,18,1,354,1023,949
25,12,877,19,0,6,46,212
26,13,877,18,3,324,1023,883
24,14,876,19,3,39,69,267
23,14,879,18,1,170,534,536
24,12,878,17,3,331,982,886
21,12,876,15,4,75,240,334
24,13,879,18,2,358,1023,953
25,13,877,19,1,0,0,147
23,13,878,16,2,245,769,696
25,12,877,15,3,268,771,720
24,13,879,16,2,145,467,482
25,13,876,19,0,338,1008,910
26,12,878,19,1,100,328,386
21,12,877,19,1,346,1023,920
22,14,876,19,0,67,220,273
23,15,878,10,6,359,1023,870
24,14,877,17,0,0,0,64
25,13,877,13,0,180,562,510
23,15,878,9,2,324,972,729
22,14,879,12,3,32,122,93
24,13,876,12,2,357,1023,848
24,13,876,12,3,0,0,0
24,14,876,13,0,38,124,99
24,12,876,11,2,357,1023,856
26,15,877,13,2,0,0,0
25,12,878,12,1,39,128,101
27,13,877,11,0,362,1023,870
24,13,878,12,0,0,0,0
24,12,876,12,2,87,272,208
24,14,878,11,1,359,1023,863
26,15,878,9,0,0,6,8
22,13,876,11,2,86,275,208
24,13,875,11,2,356,1023,867
24,13,878,13,2,0,10,12
24,12,876,13,2,253,807,619
26,17,877,12,0,247,712,576
23,15,879,14,0,157,495,380
24,13,875,13,0,334,1000,823
26,13,877,13,3,110,358,283
22,13,878,12,1,342,1022,847
26,15,877,14,1,75,244,194
23,14,878,11,2,356,1023,882
24,13,876,15,0,0,0,0
23,13,877,12,3,131,413,327
21,14,878,10,2,339,1015,847
24,12,878,12,1,88,289,233
23,13,876,13,2,355,1023,888
23,13,878,10,2,0,27,44
23,13,876,11,0,260,829,656
24,14,876,13,2,235,683,577
24,14,876,15,1,160,511,410
24,14,876,13,3,330,994,831
24,14,878,12,1,67,221,182
25,12,877,13,3,357,1023,891
22,12,877,15,1,0,0,0
27,12,877,12,3,120,381,311
26,17,877,14,0,343,1019,862
24,14,876,17,0,82,261,279
27,17,875,11,1,358,1023,1023
23,14,876,18,5,44,157,362
24,13,878,20,2,359,1023,1022
21,12,877,19,0,8,45,268
23,15,879,18,2,325,1023,954
24,12,876,22,0,41,71,340
22,14,875,21,0,169,529,610
22,14,879,18,3,330,988,968
26,17,876,17,3,72,236,405
24,13,875,20,1,360,1023,1023
24,13,878,21,2,36,134,335
25,13,877,22,0,360,1023,1023
23,14,878,18,2,0,8,249
21,12,877,20,2,256,811,792
24,14,878,17,2,246,714,753
24,14,877,21,1,156,496,574
23,14,878,17,4,335,1001,967
23,13,877,19,2,115,361,483
26,15,878,16,1,342,1022,981
22,14,877,18,3,77,248,399
25,13,876,19,3,357,1023,1012
22,14,876,19,0,43,143,325
22,14,876,21,0,360,1023,1008
23,13,875,19,3,0,27,239
24,12,876,22,1,318,1009,911
21,12,877,20,3,52,102,325
26,13,877,15,3,218,688,681
24,13,875,19,0,303,894,862
24,13,876,18,1,118,379,384
24,13,876,11,3,346,1017,962
22,14,876,9,4,81,260,264
23,12,876,11,1,357,1023,965
25,17,878,12,2,0,0,55
23,13,877,12,1,140,434,451
24,13,876,13,0,339,1010,946
24,14,875,12,1,92,298,319
24,13,875,11,0,354,1023,959
24,14,878,10,2,4,40,111
23,15,879,10,2,320,1023,870
24,13,876,11,2,45,79,179
24,12,876,10,3,165,525,469
24,14,876,11,0,330,987,875
24,14,878,10,2,69,234,229
24,13,877,15,3,356,1023,931
22,14,874,13,6,0,0,7
24,13,877,15,3,128,397,345
26,15,878,13,0,341,1016,871
23,15,875,12,1,86,272,221
24,14,877,14,1,356,1023,886
22,12,876,11,4,0,9,16
24,14,876,12,1,199,626,491
24,14,875,14,3,312,933,776
21,12,876,11,4,97,312,252
24,13,876,15,1,352,1023,882
24,13,876,11,2,9,57,56
25,17,876,12,2,272,851,669
24,14,878,12,2,220,635,536
22,13,878,12,1,168,537,428
24,13,876,12,1,328,984,826
25,13,878,12,2,72,242,196
27,13,875,11,1,358,1023,897
26,17,878,12,0,0,0,0
23,12,875,13,4,132,410,334
23,12,876,14,4,342,1013,861
23,12,875,13,2,87,279,229
24,12,876,14,1,356,1023,994
22,13,876,43,3,0,16,356
25,15,877,44,2,314,999,927
24,13,876,43,0,144,397,555
24,14,876,42,3,214,677,710
23,14,879,40,2,306,905,915
24,13,877,43,2,115,368,509
24,13,878,42,2,343,1020,1016
23,12,875,42,0,130,418,548
23,14,878,40,1,340,1013,1014
25,12,878,44,1,144,461,572
24,14,876,32,0,338,1008,1004
20,15,870,42,1,165,502,606
18,15,913,27,0,332,994,988
15,18,921,43,1,68,215,389
15,14,919,44,0,362,1023,1023
17,15,916,41,2,27,112,313
18,17,911,37,0,358,1023,1023
15,15,914,42,2,0,0,203
16,14,910,36,0,246,773,745
19,19,913,16,2,262,770,530
17,15,912,9,2,146,464,399
15,18,914,10,1,343,1023,902
16,16,908,10,5,53,180,144
15,15,910,11,1,356,1023,898
15,13,910,10,1,0,0,0
17,15,912,11,0,105,330,274
17,15,911,9,2,343,1023,879
19,17,911,10,1,15,76,73
17,15,910,10,2,332,1023,845
18,16,908,9,4,33,40,91
19,14,907,9,3,68,217,183
17,13,908,10,2,359,1023,902
16,14,906,11,0,0,0,0
15,15,910,8,2,70,221,184
18,14,908,11,1,357,1023,906
18,13,906,11,1,0,0,0
16,14,906,11,3,69,218,187
18,14,905,11,0,360,1023,918
19,13,907,10,3,0,0,0
16,12,907,9,3,121,375,315
16,15,908,8,2,349,1023,895
16,12,906,12,1,0,0,0
18,13,908,8,2,119,377,317
16,12,906,10,5,349,1023,895
17,13,906,10,1,32,115,104
15,13,905,10,4,359,1023,915
18,17,908,9,2,0,0,0
16,12,907,9,1,37,113,106
18,14,906,10,2,357,1023,898
19,16,907,9,2,0,0,0
19,14,906,12,1,0,0,0
16,14,906,10,4,125,380,320
17,14,906,11,0,342,1018,877
16,12,907,11,1,79,261,219
15,15,908,9,2,355,1023,917
18,13,905,11,0,0,0,0
19,14,906,13,3,83,257,219
16,12,906,10,3,359,1023,914
18,17,906,10,1,0,0,10
17,14,908,8,2,191,604,496
15,17,907,11,2,339,1011,879
16,13,906,11,1,91,291,249
19,16,905,11,0,355,1023,919
17,14,906,13,3,3,34,56
16,14,906,12,4,263,830,701
16,14,904,15,0,232,671,703
16,15,904,35,0,161,511,546
15,14,908,33,2,331,992,940
17,15,904,33,0,67,220,352
15,14,908,29,0,360,1023,1023
18,14,907,29,4,31,111,305
17,13,908,32,2,360,1023,1023
18,14,908,29,0,0,0,226
18,13,907,33,0,247,774,779
17,12,905,30,3,264,760,796
17,12,905,29,5,147,464,560
17,13,907,32,1,338,1008,989
19,15,907,30,2,101,323,462
18,14,904,33,1,344,1023,1005
15,14,908,29,2,115,366,494
16,14,904,32,0,343,1017,999
18,12,903,30,0,78,250,398
17,13,905,20,2,359,1023,1023
15,14,902,23,1,40,142,316
18,14,904,23,1,360,1023,1023
17,13,903,20,1,0,23,225
17,18,906,21,1,315,1003,924
19,13,907,24,2,56,113,228
19,17,908,19,2,219,681,864
18,18,910,14,3,301,901,925
16,16,908,35,0,113,365,464
17,14,906,31,4,341,1019,1001
18,16,905,37,5,128,413,479
15,15,907,31,0,337,1012,988
16,16,905,31,3,88,278,359
15,19,906,35,3,355,1023,1008
19,17,905,30,2,50,174,266
18,15,907,35,2,356,1023,1011
17,15,907,33,3,8,57,176
15,15,907,32,2,325,1023,927
17,15,908,28,2,39,68,221
17,13,906,27,3,168,528,533
15,19,907,27,0,331,984,926
18,19,904,29,2,74,233,297
15,15,907,28,1,356,1023,995
18,16,904,29,5,0,0,83
17,15,906,28,2,185,572,556
16,16,904,28,3,323,963,900
16,16,904,30,1,82,267,314
17,15,904,33,1,356,1023,985
19,17,904,37,2,0,1,105
16,17,904,37,3,250,793,720
15,15,906,37,2,252,730,702
17,15,904,37,0,150,479,480
15,18,906,37,2,333,1003,936
17,15,904,34,1,105,338,372
16,14,904,28,4,343,1023,953
16,16,903,36,1,70,227,279
15,19,905,36,2,356,1023,987
18,16,903,37,0,0,0,64
19,17,903,35,1,182,562,539
17,15,906,36,1,324,972,897
15,15,906,34,2,79,262,302
18,16,904,35,0,356,1023,977
19,17,904,36,2,0,0,90
16,16,904,26,5,192,603,568
19,17,904,28,1,318,945,877
19,19,903,23,3,92,293,326
17,16,904,26,3,353,1023,971
18,17,904,37,3,1,32,124
20,17,906,25,0,318,1012,881
16,18,906,16,2,49,102,209
18,16,902,39,0,218,688,613
16,16,903,15,3,301,896,787
18,16,904,43,0,116,374,301
16,16,904,39,3,340,1018,800
18,16,904,23,0,80,252,187
19,17,904,20,3,357,1023,845
16,16,904,21,0,0,0,0
15,17,907,17,2,134,421,329
15,19,906,20,1,342,1014,811
16,13,904,22,1,88,284,240
19,19,905,22,1,358,1023,845
15,15,907,20,1,0,20,58
16,16,905,20,3,259,814,619
15,18,907,22,1,243,697,564
16,14,904,22,3,157,499,398
18,19,904,22,1,334,999,797
19,16,905,21,3,64,206,194
16,16,905,21,2,362,1023,857
16,16,904,27,3,0,0,8
18,16,903,22,3,118,361,305
19,15,903,20,2,346,1022,817
16,16,904,20,3,74,242,220
16,18,904,22,1,358,1023,851
15,15,906,17,2,0,0,23
15,15,906,19,1,187,583,444
16,16,904,15,3,317,956,414
15,15,907,11,0,90,275,386
16,15,904,13,4,355,1023,1023
16,16,903,10,3,49,168,245
16,17,901,11,1,357,1023,986
15,15,903,11,2,0,0,35
18,17,902,11,1,158,491,469
17,16,902,12,3,333,1001,914
15,15,905,9,2,109,353,357
16,15,904,10,2,347,1023,945
16,16,903,9,4,26,97,145
19,19,903,9,0,338,1023,904
15,15,904,12,0,113,305,342
17,15,902,13,1,235,752,648
15,15,904,9,2,275,798,709
19,19,903,10,2,85,274,260
17,16,903,10,2,355,1023,935
17,15,903,12,1,0,1,50
16,16,903,11,1,196,616,529
17,16,903,10,1,315,939,825
16,16,902,12,6,93,302,281
15,15,903,11,0,355,1023,922
16,15,903,10,2,7,45,78
16,16,902,14,1,264,836,689
17,17,903,12,1,228,660,586
17,14,903,13,0,164,518,447
17,17,903,12,1,332,991,866
16,16,902,15,1,68,223,215
19,16,902,11,5,356,1023,933
16,16,901,11,2,0,0,0
15,15,905,12,2,121,378,340
17,15,905,12,2,340,1021,897
15,15,904,13,0,77,255,243
18,15,902,12,3,357,1023,937
17,14,903,12,2,0,0,31
18,15,903,10,2,188,592,510
19,16,903,12,2,320,952,839
17,14,902,11,1,87,278,267
17,14,904,11,1,354,1023,932
16,16,902,11,4,0,12,60
16,16,901,12,1,254,807,680
19,19,903,12,1,245,710,634
15,15,904,11,1,156,493,439
19,19,903,10,2,332,1000,905
17,15,904,10,2,110,355,380
16,16,902,12,2,343,1021,1011
16,16,901,12,5,124,400,569
17,15,903,19,0,339,1014,1023
18,16,902,18,1,140,451,584
17,16,901,18,0,337,1010,1017
17,14,902,15,3,152,488,593
16,16,902,21,0,334,1001,1004
17,17,902,18,1,167,527,623
16,16,901,19,0,331,985,990
16,16,901,15,3,69,230,402
15,19,902,17,3,357,1023,1023
16,13,903,17,2,35,122,325
16,18,904,18,2,359,1023,1023
18,17,901,18,3,0,0,233
19,16,902,15,3,248,784,792
15,15,903,17,0,260,748,787
17,15,903,14,2,149,474,560
16,16,903,15,1,336,1006,990
16,15,905,16,3,101,331,448
15,15,903,16,2,345,1023,1000
18,18,906,27,0,118,369,684
16,16,908,14,3,341,1019,1023
15,15,907,17,0,128,411,503
18,15,906,16,3,336,1015,1001
16,16,905,16,2,143,454,512
17,16,904,18,1,335,1008,982
16,16,904,15,1,96,310,392
16,16,904,15,0,353,1023,1010
19,16,905,17,2,58,198,294
17,15,904,17,2,357,1023,1009
16,17,906,17,2,20,86,203
17,15,906,14,2,355,1023,976
19,14,904,17,0,0,0,108
17,19,904,14,3,118,377,415
17,17,905,16,2,339,1021,954
17,15,908,17,1,81,253,310
18,17,904,15,3,356,1023,984
17,16,904,15,3,0,0,94
18,19,905,16,2,187,592,565
18,15,906,14,2,320,953,882
15,18,905,14,1,87,279,319
17,16,903,16,2,354,1023,971
16,16,902,17,2,0,11,112
15,15,906,13,2,308,981,855
17,15,905,13,2,149,421,467
18,17,903,14,3,206,656,605
16,15,906,14,2,307,916,844
17,15,906,14,1,104,339,358
17,15,903,14,3,343,1023,936
16,15,903,15,3,66,220,267
15,17,905,14,1,357,1023,969
14,17,901,17,0,0,0,49
16,17,903,16,2,174,544,515
16,16,901,15,3,328,977,888
18,17,901,16,3,75,243,280
16,16,902,17,2,355,1023,967
17,17,903,20,2,0,0,66
15,19,905,16,1,186,577,536
17,16,902,19,1,321,960,868
16,15,904,19,3,80,268,270
18,15,903,21,2,355,1023,915
14,15,904,37,2,0,0,7
18,19,902,25,3,138,434,321
15,15,903,20,2,337,1012,788
15,17,903,39,3,92,293,221
17,16,900,23,1,353,1023,816
16,16,903,39,2,0,29,33
15,18,906,37,2,261,820,590
16,15,907,35,1,241,689,532
15,16,904,40,1,159,505,376
17,16,904,43,1,335,995,779
14,17,904,49,2,63,208,167
14,15,907,45,2,360,1023,834
19,19,906,48,2,0,0,0
16,16,905,27,0,114,351,275
17,14,908,29,2,344,1023,803
16,16,904,31,0,71,228,171
15,15,908,39,0,358,1023,828
17,19,905,12,3,0,0,153
16,16,904,15,1,237,733,744
17,19,905,12,4,291,836,824
16,14,905,9,4,131,421,447
15,19,907,11,3,345,1023,948
19,16,908,12,3,40,142,192
18,16,904,14,3,356,1023,946
19,17,906,10,3,0,0,35
18,16,906,11,1,146,452,467
15,15,905,15,1,337,1009,980
16,14,904,31,2,96,308,349
17,15,907,32,2,352,1023,943
17,13,905,31,2,7,45,145
17,17,905,20,2,322,1023,883
17,13,904,21,0,49,86,229
17,18,907,20,1,164,518,433
17,14,904,20,3,332,992,825
17,16,905,18,5,66,218,234
19,18,903,20,0,360,1023,903
16,14,904,21,1,0,0,76
17,15,906,20,2,175,546,509
16,16,904,21,0,330,978,861
18,19,905,41,2,75,241,186
19,16,905,11,2,361,1023,965
17,14,906,9,3,0,0,38
19,18,907,10,3,124,393,364
19,16,905,13,0,339,1016,879
18,15,904,11,0,80,262,241
16,17,904,11,1,355,1023,903
16,16,904,10,3,0,0,22
15,15,906,8,2,190,595,488
16,16,904,10,3,337,1012,858
17,15,907,11,1,87,287,240
18,16,904,11,1,352,1023,892
19,16,904,9,3,0,14,38
16,16,904,11,3,197,625,504
18,16,904,13,0,310,934,782
17,17,906,9,1,96,306,256
15,19,904,11,1,357,1023,891
16,16,903,11,1,0,0,0
17,15,904,12,2,94,297,244
17,15,905,13,1,353,1023,884
15,18,906,8,2,1,31,48
19,17,903,10,1,202,639,510
19,14,904,10,0,308,926,778
19,17,904,10,3,100,319,269
18,19,904,10,1,343,1023,862
15,19,903,11,2,61,204,174
16,16,902,11,0,355,1023,894
17,15,905,10,2,0,0,0
16,15,906,11,0,112,342,281
17,15,904,10,1,345,1023,857
15,15,906,8,3,66,225,188
18,15,906,11,0,357,1023,881
19,17,904,11,2,0,0,0
17,15,906,8,2,67,214,181
19,16,904,10,3,359,1023,894
17,14,904,14,1,0,0,0
19,17,904,10,3,65,202,218
18,16,901,11,0,359,1023,981
16,16,903,15,3,0,0,60
19,16,904,33,0,168,520,522
19,17,903,20,2,334,991,941
17,16,903,23,1,65,219,287
18,19,904,40,2,359,1023,1013
17,14,904,19,3,29,107,260
16,15,906,17,2,359,1023,1015
16,17,902,20,2,0,0,184
18,18,904,19,0,242,756,748
18,16,904,19,0,279,801,808
18,16,902,18,2,137,440,530
16,16,903,19,0,337,1009,982
14,15,905,18,3,91,292,427
16,16,903,19,2,359,1023,999
19,17,903,19,3,0,23,162
18,19,903,19,0,315,1001,835
18,18,905,18,2,60,126,272
15,15,906,17,2,213,671,608
15,18,903,18,2,305,914,813
16,16,902,19,3,109,348,386
17,14,902,18,2,346,1023,904
15,15,903,19,1,70,225,258
17,16,903,20,2,356,1023,898
16,16,902,11,0,0,0,77
14,16,902,15,1,177,550,512
15,18,905,10,1,327,977,900
17,15,904,8,2,74,247,266
17,13,902,10,5,355,1023,955
17,16,903,10,1,0,0,2
18,15,904,12,0,75,233,232
19,16,903,11,0,358,1023,940
18,16,901,11,0,0,0,0
17,14,902,13,0,120,378,328
16,15,905,10,1,344,1018,887
16,15,904,10,1,77,244,213
17,16,902,9,1,356,1023,915
15,19,905,10,2,0,0,0
15,17,905,10,1,76,235,192
16,17,902,11,2,357,1023,906
17,15,903,10,2,0,0,0
15,18,905,11,0,123,378,309
17,19,902,10,5,341,1018,869
16,14,903,12,3,74,246,201
16,17,901,9,1,359,1023,907
15,14,903,8,0,0,0,0
18,16,902,9,2,27,95,83
16,17,902,11,0,279,878,703
15,19,903,9,3,204,589,508
17,14,901,11,3,117,382,312
17,14,904,10,2,339,1020,874
19,16,901,10,3,76,251,204
16,17,901,14,3,356,1023,910
15,18,904,12,0,0,0,106
16,15,903,13,1,243,755,834
15,19,903,19,2,281,809,846
18,15,905,18,1,139,436,563
16,16,902,19,2,337,1014,1019
19,16,902,16,3,148,470,582
16,16,901,19,2,336,1010,1007
19,17,902,15,3,160,501,598
15,18,905,18,1,334,1002,1001
14,17,902,19,2,167,534,622
17,15,902,19,0,330,984,985
14,15,904,21,0,69,228,390
15,17,902,22,3,358,1023,1023
14,16,900,21,2,31,115,292
15,15,903,19,0,361,1023,1023
16,14,903,20,2,0,0,182
14,17,901,20,5,240,756,759
14,17,901,19,3,278,803,812
15,15,903,18,2,139,441,528
17,15,902,35,2,337,1014,995
13,14,907,18,2,89,293,420
13,14,901,19,2,356,1023,1023
16,14,909,24,2,52,179,307
16,14,904,43,1,360,1023,1023
18,17,904,13,2,11,52,275
16,16,904,19,2,351,1023,1023
17,14,905,19,1,0,0,122
17,15,901,19,2,165,514,564
16,16,904,19,3,333,993,976
17,14,907,16,1,66,213,323
15,17,907,14,1,355,1023,1023
16,14,904,15,3,25,96,228
16,14,904,17,2,354,1023,1007
17,12,903,14,5,0,0,91
14,12,902,18,1,123,385,444
19,13,902,14,1,340,1017,982
16,12,903,14,2,79,253,329
19,13,901,15,4,358,1023,1005
18,13,902,14,3,40,140,228
16,17,903,13,2,357,1023,995
17,15,900,19,1,0,0,52
19,13,902,15,3,142,443,456
19,14,901,17,0,337,1012,935
18,17,901,16,0,95,295,310
19,16,901,16,1,353,1023,938
15,15,903,18,0,1,28,85
17,14,900,16,0,258,817,693
19,17,900,14,0,240,696,623
17,15,902,14,2,155,496,445
16,15,900,15,1,332,999,881
16,14,901,15,4,63,201,216
15,15,901,16,2,357,1023,940
17,13,900,16,0,0,0,5
16,14,901,15,3,109,337,326
15,15,903,13,2,343,1023,913
17,12,899,18,1,66,218,235
17,12,900,14,2,357,1023,947
18,15,902,13,2,0,0,17
16,13,899,10,2,173,542,487
16,14,903,16,1,327,977,849
18,14,899,13,2,75,241,201
16,16,899,19,3,354,1023,876
18,13,900,35,2,0,0,0
17,12,903,34,1,127,395,300
17,13,902,21,2,341,1017,796
16,13,903,19,4,83,263,191
13,14,906,20,4,359,1023,828
14,12,903,31,5,0,0,6
16,16,905,36,1,135,425,326
17,17,905,25,1,343,1015,797
16,14,904,20,1,86,279,227
16,13,903,20,3,354,1023,825
16,15,901,21,2,0,11,41
17,13,904,22,1,254,801,592
16,14,904,22,1,253,733,573
19,16,903,20,2,151,476,368
16,14,903,20,3,335,1005,783
18,13,902,22,1,100,328,268
19,13,902,20,2,346,1023,800
18,14,901,23,0,63,209,184
17,15,903,24,3,359,1023,830
15,15,904,28,2,0,0,0
16,14,902,33,0,112,348,282
17,13,905,28,1,347,1023,798
15,12,903,33,0,71,226,201
17,16,904,33,2,359,1023,832
18,14,902,22,3,0,0,10
18,16,903,20,1,178,555,426
16,14,902,23,0,329,972,763
18,14,901,23,0,77,248,219
19,13,902,21,4,360,1023,836
16,16,901,21,0,0,0,29
15,14,905,20,2,186,578,447
18,15,901,23,0,325,960,751
19,15,903,19,0,84,267,181
17,12,898,14,1,360,1023,1023
17,14,904,13,2,43,155,321
16,14,901,15,0,358,1023,1023
17,13,902,11,1,0,27,149
17,14,901,12,6,313,995,885
16,13,900,15,1,142,402,476
16,16,900,15,1,210,667,617
17,15,901,11,2,303,907,841
17,14,902,10,2,108,349,366
19,16,900,12,2,343,1023,933
15,17,900,13,3,68,227,270
16,14,900,15,0,356,1023,972
15,14,903,12,2,0,0,60
18,16,899,15,1,176,551,523
15,13,900,15,1,326,975,890
17,15,901,12,4,79,245,281
18,14,898,14,3,357,1023,958
19,13,899,11,1,0,0,60
17,13,900,15,0,184,578,521
15,15,899,12,1,323,962,853
18,17,901,13,1,86,268,266
17,13,899,12,3,355,1023,930
17,13,898,13,2,0,0,57
16,14,898,13,4,193,604,536
16,14,898,14,5,316,945,894
19,17,903,16,2,90,289,387
18,14,900,17,2,354,1023,1023
16,12,900,15,1,51,173,290
15,15,899,15,3,356,1023,1021
16,14,898,15,2,11,53,188
18,13,898,17,1,353,1023,984
16,12,897,15,2,0,0,134
16,12,898,15,4,112,344,397
14,14,900,15,1,342,1021,972
15,17,899,16,1,68,223,302
18,13,900,13,3,356,1023,1019
19,12,900,14,5,28,110,226
17,14,902,13,0,359,1023,1004
16,14,899,15,1,0,0,102
16,12,899,13,2,241,757,698
19,15,898,16,3,273,796,747
17,15,897,25,2,137,444,447
15,15,899,24,3,335,1012,928
17,13,897,26,1,92,300,316
15,16,899,24,2,353,1023,947
19,17,897,19,1,2,33,102
15,14,899,20,1,317,1005,852
15,14,899,24,1,54,115,203
17,14,899,22,1,215,673,593
15,15,897,45,2,304,907,813
19,17,899,42,1,110,353,341
15,17,897,18,1,343,1021,901
17,14,897,25,0,70,230,220
17,12,897,11,3,356,1023,906
16,14,892,10,6,0,0,0
19,12,896,12,2,121,376,311
17,14,893,16,1,341,1018,850
16,14,888,17,0,76,250,202
15,14,903,10,2,358,1023,877
18,14,900,13,0,0,0,0
17,12,902,11,3,131,404,318
15,14,903,13,0,340,1013,838
15,14,902,12,2,83,269,215
17,13,901,13,1,355,1023,879
16,14,903,20,2,0,0,36
18,18,901,60,1,194,607,528
16,14,899,23,0,317,944,885
15,17,901,21,2,89,288,316
17,13,900,21,2,355,1023,959
19,15,899,19,1,0,23,181
16,14,898,21,2,312,997,892
17,14,899,18,1,147,407,513
17,14,899,20,2,211,664,660
16,14,898,20,5,306,913,880
18,12,902,18,2,108,344,448
17,14,898,21,2,344,1023,975
17,12,899,20,3,66,220,365
15,15,899,19,4,359,1023,1006
17,12,899,18,0,29,107,276
18,13,898,22,0,361,1023,983
17,14,903,16,2,0,0,0
19,15,901,10,0,80,235,259
15,15,902,11,2,360,1023,937
17,13,903,10,2,0,0,0
17,14,904,8,2,121,384,310
17,15,901,9,2,350,1023,883
15,14,903,10,0,0,0,0
16,14,902,9,1,121,368,300
18,14,900,11,0,350,1023,887
17,14,903,9,2,26,103,84
17,12,903,11,2,340,1023,858
17,13,903,8,3,19,13,65
18,14,901,11,1,74,231,190
15,13,903,8,1,358,1023,908
14,14,900,9,2,0,0,0
17,12,900,11,0,21,77,69
16,13,899,11,0,333,1023,843
17,13,902,12,2,33,51,118
16,13,903,12,1,175,540,568
17,15,901,13,3,328,982,1005
16,15,900,23,0,124,400,596
15,17,903,19,0,342,1017,1023
17,12,901,19,1,138,436,568
14,14,900,20,3,338,1011,1020
16,14,900,23,2,148,474,588
16,12,901,21,3,337,1006,1005
17,13,903,21,2,160,502,604
15,14,903,20,1,336,999,994
19,13,901,21,0,63,203,389
15,14,903,20,2,360,1023,999
15,17,903,20,0,0,0,147
16,14,900,19,0,225,703,684
17,14,902,20,2,301,888,856
17,12,900,20,3,119,380,466
16,15,900,23,0,342,1020,959
17,13,901,20,3,79,251,342
19,13,901,19,1,361,1023,978
15,15,903,16,1,0,0,120
16,12,904,10,3,245,758,825
15,15,905,12,3,275,792,822
19,16,903,11,0,141,444,515
17,14,904,10,2,336,1010,989
15,14,904,11,2,93,300,384
16,16,900,13,3,351,1023,1003
16,13,903,12,2,55,185,280
19,14,901,12,5,356,1023,999
15,14,903,10,1,0,0,66
15,13,902,12,5,161,501,504
15,17,902,11,1,332,1000,926
17,12,900,15,0,112,357,387
17,12,901,12,3,338,1021,936
18,14,900,15,0,70,233,279
17,13,903,11,5,356,1023,965
15,15,903,11,1,0,0,57
17,13,902,10,1,179,557,520
16,13,902,13,0,325,969,896
19,15,902,15,3,79,250,330
18,13,901,31,2,357,1023,936
19,16,901,21,2,0,0,0
18,12,902,18,1,131,411,305
15,14,903,23,0,343,1013,794
15,14,903,53,2,84,274,216
17,13,903,37,2,357,1023,851
17,12,904,20,3,0,0,51
13,12,904,21,3,193,609,479
15,17,901,20,3,318,942,757
17,14,904,15,3,92,291,256
12,14,902,15,3,357,1023,853
16,14,903,19,6,0,26,78
16,12,902,19,3,258,816,634
17,14,901,15,3,241,696,581
16,15,901,19,3,159,498,417
19,14,902,19,0,336,1002,820
17,16,900,21,0,109,351,322
18,13,901,18,4,344,1023,845
15,14,903,19,3,69,227,198
16,14,902,17,5,356,1023,900
15,16,905,11,2,0,0,132
16,13,908,15,0,232,727,718
16,13,905,11,2,292,849,809
16,16,904,12,2,128,415,436
17,14,907,11,1,338,1015,937
17,13,905,11,3,84,275,300
16,13,908,11,0,354,1023,946
18,16,905,11,1,0,10,81
16,14,904,11,2,250,800,676
16,14,904,11,0,250,720,639
16,14,904,12,2,151,476,413
17,13,905,12,3,333,1004,864
16,13,904,12,0,103,330,295
15,17,903,11,1,340,1023,878
15,16,904,10,5,64,213,193
15,16,903,11,2,356,1023,904
17,13,907,10,2,0,0,0
16,14,904,15,0,114,355,363
17,13,904,15,2,343,1019,922
19,13,902,21,2,72,237,303
15,17,902,31,3,357,1023,960
18,15,904,19,2,0,0,116
18,15,901,23,0,236,743,617
18,13,902,25,0,288,827,706
19,16,903,19,0,133,429,412
14,12,902,17,1,340,1015,863
18,14,900,23,3,88,287,323
17,12,902,19,1,358,1023,903
16,14,900,33,1,0,17,155
17,13,900,25,0,314,1001,813
18,14,900,25,0,61,123,273
17,13,901,19,3,213,673,596
15,13,903,20,1,307,910,800
19,13,901,18,3,109,353,390
18,14,900,20,2,342,1021,893
18,15,902,19,1,70,231,309
15,16,900,17,3,358,1023,927
17,13,903,26,2,0,0,123
16,13,902,22,2,236,744,653
19,15,903,20,2,291,840,749
19,16,901,18,5,130,425,442
17,14,900,21,2,338,1016,889
18,17,901,18,1,91,282,344
14,18,966,29,226,296,337,318
16,15,967,30,573,619,1023,842
16,15,971,28,0,49,0,0
15,19,972,27,180,265,417,316
14,18,972,24,453,496,800,435
14,17,971,974,436,475,831,661
12,18,972,968,65,101,0,26
16,15,974,970,480,500,866,610
14,18,972,28,49,95,0,0
15,19,971,31,172,266,346,244
17,16,972,31,505,582,896,690
16,16,967,29,391,493,758,531
16,20,969,28,209,317,260,220
16,15,966,29,601,688,1023,798
16,15,966,29,0,109,0,0
16,19,966,30,323,439,653,465
16,17,966,28,264,356,397,342
16,16,961,29,541,617,1023,763
16,17,962,28,0,93,0,0
14,18,957,28,152,281,359,258
15,19,961,29,477,561,889,689
16,17,964,29,385,456,765,551
15,19,963,31,190,251,239,219
14,24,972,28,602,631,1023,809
17,28,973,29,0,67,0,0
15,19,972,30,222,321,480,351
16,19,972,30,401,467,690,556
15,19,969,30,450,529,881,637
16,15,970,30,102,198,41,100
14,24,966,31,576,650,1023,810
14,21,964,32,0,118,0,0
14,21,969,31,292,424,594,438
16,18,968,32,323,436,504,430
16,19,958,32,513,635,1005,739
17,17,965,33,0,166,0,0
16,17,960,28,229,402,489,363
15,19,962,31,402,537,685,552
18,17,960,30,459,587,888,650
16,18,959,28,103,236,26,83
16,15,967,30,472,582,930,682
16,18,964,32,72,187,0,57
15,19,967,29,292,410,600,448
17,20,962,30,305,399,491,418
16,17,964,32,503,581,1014,751
16,16,958,30,0,107,0,0
17,16,964,29,225,341,488,378
16,17,963,31,392,457,680,587
15,18,959,31,452,498,886,700
17,17,958,34,98,151,28,141
17,17,960,31,471,489,925,764
15,19,959,37,79,110,0,151
16,17,960,32,397,419,778,687
18,17,960,36,195,211,212,320
16,18,959,34,611,585,1023,943
16,18,959,35,0,40,0,10
12,30,964,40,341,370,674,562
11,20,963,37,252,277,376,392
12,19,956,40,556,564,1023,844
16,21,954,44,0,57,0,0
14,19,948,33,160,269,379,308
15,19,10,31,460,524,856,699
27,17,11,30,291,373,598,461
24,16,8,34,451,479,794,652
16,17,6,33,209,286,462,364
17,17,7,30,576,573,1013,853
17,15,10,28,129,219,312,262
16,15,8,31,572,558,1006,871
15,17,7,35,140,215,341,400
15,19,6,39,596,556,1023,1023
24,18,7,51,160,217,379,491
19,16,5,51,591,544,1023,1023
21,16,6,53,183,232,420,518
26,17,9,39,586,546,1016,1023
27,17,6,42,209,266,457,546
27,16,7,46,580,557,1013,1023
27,16,7,49,232,296,494,571
25,18,5,52,573,561,1008,1016
25,18,7,41,252,315,532,592
26,18,9,36,562,560,997,1006
26,17,7,38,163,249,382,482
19,17,7,39,595,576,1023,1023
16,16,8,38,184,265,421,510
16,16,6,40,588,563,1019,1019
16,16,8,36,213,276,462,534
14,18,7,37,580,556,1015,1015
18,15,8,36,236,291,501,559
15,19,6,34,575,546,1005,1006
19,17,6,34,257,292,532,588
16,18,7,34,564,526,995,1006
19,16,6,34,170,204,386,485
17,15,11,32,599,522,1023,1021
16,15,11,36,300,293,608,634
14,18,9,36,442,417,777,808
15,19,8,36,212,238,465,519
17,15,10,34,578,523,1014,991
18,15,10,37,238,261,503,516
14,17,7,36,495,485,912,833
16,17,7,40,152,209,355,327
17,15,8,40,605,561,1023,945
17,16,5,41,88,159,228,181
15,19,7,38,655,583,1023,901
16,18,7,38,0,31,0,0
15,18,4,38,86,149,216,175
15,17,8,37,655,581,1023,904
16,19,6,37,0,25,0,0
14,16,7,37,84,142,209,165
16,17,9,36,655,576,1023,900
18,17,6,40,0,20,0,0
17,16,8,31,80,133,203,161
15,15,11,28,655,568,1023,900
19,17,11,23,19,74,88,73
16,15,9,24,567,531,1023,845
15,15,11,36,84,89,11,65
16,18,11,35,175,212,390,311
15,17,10,37,548,513,975,821
16,16,12,35,193,234,433,345
14,18,12,29,527,504,950,801
16,17,11,22,218,256,473,372
15,19,7,38,510,494,930,787
19,16,8,40,135,186,325,255
15,15,11,36,606,546,1023,876
15,18,8,38,153,205,360,288
15,19,8,37,600,543,1023,875
16,16,8,39,92,149,235,189
15,19,7,39,655,571,1023,905
16,18,8,38,0,17,0,0
16,15,11,36,94,142,232,182
15,17,8,37,631,555,1023,886
18,17,7,38,35,91,116,99
15,17,9,37,583,546,1023,859
15,19,6,36,65,80,0,53
16,17,9,36,29,85,103,86
18,16,8,39,576,540,1023,856
15,15,8,35,74,84,0,65
17,16,8,37,21,81,92,78
17,18,9,35,467,452,900,704
16,18,9,36,346,354,583,510
16,17,7,34,278,320,570,455
19,16,8,38,546,539,975,826
17,16,7,37,102,179,254,207
16,17,9,36,620,570,1023,898
17,15,9,36,45,119,137,149
18,17,7,37,649,577,1023,1023
17,14,6,40,0,34,2,213
15,17,8,35,318,320,630,799
15,18,6,34,523,484,940,974
17,16,6,35,126,159,305,434
17,19,6,31,611,530,1023,1023
16,16,7,33,142,179,339,469
19,17,7,31,605,529,1023,1023
16,15,9,33,162,201,377,498
17,15,8,34,596,530,1023,1023
16,16,7,33,185,220,418,535
17,16,8,32,590,525,1017,1023
14,17,7,33,208,236,457,559
15,18,8,31,583,517,1012,1023
18,15,8,33,235,254,491,581
17,16,7,33,573,519,1007,1013
15,15,11,32,254,273,528,601
15,19,7,34,482,472,901,928
17,17,6,33,165,214,379,492
17,19,7,34,594,540,1023,1023
16,16,7,32,186,235,419,517
15,19,6,31,590,542,1017,1021
17,18,6,33,209,260,461,544
14,17,7,32,578,545,1015,1018
18,15,6,33,232,284,496,576
16,15,6,31,573,544,1011,1012
16,15,9,32,254,299,528,598
15,19,6,35,563,537,1000,1002
19,16,8,37,274,310,560,620
17,16,7,32,553,526,979,986
16,17,4,34,96,168,248,383
16,17,9,34,654,578,1023,1023
15,19,6,36,41,122,132,286
17,15,8,34,649,582,1023,1023
15,18,8,34,0,60,0,158
16,17,7,34,313,342,620,576
17,16,8,35,531,518,948,805
16,17,7,32,129,201,294,295
16,15,9,35,616,556,1023,899
16,16,6,35,68,135,179,187
17,16,8,33,655,566,1023,922
17,15,8,35,0,27,0,0
16,17,7,36,65,121,169,166
16,16,6,40,655,558,1023,867
17,16,9,43,0,27,0,0
16,16,7,37,62,122,163,122
19,16,8,38,652,569,1023,863
17,15,8,37,0,40,0,0
17,17,7,40,56,130,155,120
17,15,4,37,653,576,1023,876
17,16,6,37,0,41,0,0
17,15,8,36,56,120,145,114
17,16,5,36,653,566,1023,859
18,16,8,37,0,26,0,0
16,17,7,36,49,103,132,104
16,16,8,37,652,552,1023,860
18,17,8,34,0,15,0,0
17,17,8,34,48,92,127,101
16,17,7,33,634,546,1023,846
16,17,7,35,0,29,0,0
15,19,6,35,0,18,0,0
19,14,6,36,94,137,226,174
16,15,9,35,658,555,1023,867
17,18,6,37,0,21,0,0
17,19,7,36,88,139,217,166
16,15,8,35,657,556,1023,869
17,15,9,36,0,22,0,0
15,19,6,37,83,132,206,158
18,17,8,38,656,557,1023,865
17,15,11,34,0,23,0,0
17,15,8,36,153,201,351,271
15,19,6,36,605,535,1023,835
17,16,7,37,89,157,228,175
16,17,7,34,653,577,1023,867
17,15,6,36,0,44,0,0
16,17,7,36,88,162,220,172
16,17,7,34,656,574,1023,869
16,16,5,37,0,37,0,0
15,18,6,36,87,145,210,164
15,17,8,37,658,562,1023,868
15,18,6,35,0,23,0,0
15,17,7,35,80,131,203,156
17,16,8,35,656,554,1023,865
19,17,7,34,0,20,0,0
17,15,10,32,76,131,191,154
15,19,7,35,642,551,1023,865
16,15,7,34,11,90,78,77
15,16,8,35,460,446,881,674
12,17,7,33,359,364,611,516
15,16,8,35,272,307,555,432
15,16,7,35,555,519,982,806
14,17,9,32,99,163,244,199
12,15,9,36,657,563,1023,878
14,15,9,37,0,33,0,0
13,15,8,36,99,146,234,237
12,18,6,37,657,552,1023,987
14,15,8,38,0,8,0,187
13,17,7,37,172,197,391,555
15,16,8,38,595,512,1020,1023
14,19,6,37,195,212,431,560
16,17,7,34,589,503,1014,1023
17,16,7,36,222,226,470,575
16,18,6,37,578,500,1014,1017
16,15,9,36,244,251,509,598
15,18,5,37,570,507,1002,1008
17,16,5,37,267,277,546,620
16,17,6,38,558,507,987,995
17,15,10,36,94,138,238,399
14,17,7,36,628,536,1023,1023
15,15,6,36,114,148,273,417
17,16,7,36,621,531,1023,1023
16,15,10,36,130,165,305,435
18,16,7,37,577,521,1009,996
14,16,6,39,144,189,343,459
17,15,10,34,603,542,1023,1009
15,15,8,36,277,301,568,616
15,15,9,36,550,519,979,968
16,17,6,37,104,156,258,396
16,16,7,37,622,548,1023,1020
16,16,8,38,121,169,291,420
14,16,7,36,615,546,1023,1016
16,16,7,38,138,180,325,443
16,14,7,37,611,538,1023,1013
17,15,7,39,157,196,366,476
17,16,6,38,602,535,1022,1012
15,14,7,40,180,218,412,505
15,19,6,38,590,535,1018,1002
15,19,5,38,207,240,455,529
16,17,9,36,582,534,1014,994
19,16,8,38,131,178,311,421
16,16,7,39,611,549,1023,1003
16,15,8,37,149,198,345,431
19,16,6,38,605,553,1023,969
15,19,6,39,88,159,227,180
17,15,8,38,657,596,1023,991
16,18,7,38,0,45,0,0
14,17,7,36,88,163,216,179
14,16,7,36,658,591,1023,914
13,18,11,34,0,34,0,0
13,15,9,36,162,220,370,296
14,17,7,37,605,550,1023,870
17,17,9,38,98,157,246,196
17,15,9,38,656,576,1023,910
19,16,10,38,0,24,0,0
16,15,9,38,182,224,406,327
16,15,9,36,593,541,1019,875
16,16,8,39,109,166,271,221
16,16,6,39,615,555,1023,890
16,17,7,37,57,115,158,130
17,14,10,39,652,567,1023,915
15,18,11,36,0,45,32,35
15,15,14,36,437,418,852,671
16,17,8,39,250,245,385,368
17,17,6,36,358,363,704,561
15,17,9,37,484,482,899,777
17,16,8,34,164,217,382,314
15,19,8,37,594,548,1021,884
17,17,8,38,101,161,255,209
15,17,8,37,620,556,1023,899
16,17,8,39,48,106,142,120
17,15,9,36,650,566,1023,920
16,17,11,37,0,7,0,0
16,16,11,37,51,90,140,121
19,14,10,39,653,552,1023,920
16,17,11,36,0,16,9,19
15,17,12,36,324,311,638,511
15,15,13,36,413,389,717,619
15,17,9,37,342,343,678,543
15,15,10,34,493,483,915,793
16,17,7,35,261,286,538,433
16,15,10,36,558,525,992,854
16,17,7,37,172,220,398,326
18,15,6,37,592,537,1020,884
14,16,7,37,109,156,267,218
17,16,7,37,617,544,1023,900
17,19,7,35,58,104,153,130
18,17,8,35,648,566,1023,926
16,16,8,37,0,12,0,0
16,15,9,36,53,106,148,127
17,16,7,39,651,569,1023,927
18,19,8,36,0,15,0,0
14,16,7,34,54,106,145,124
15,17,8,36,652,569,1023,922
16,17,6,37,0,14,0,0
14,16,9,36,52,100,141,121
17,15,7,36,651,566,1023,922
16,15,8,36,0,15,0,0
17,16,7,37,48,95,137,118
17,16,8,37,635,559,1023,909
19,17,8,36,0,24,0,0
13,17,7,35,0,14,0,0
15,18,6,37,98,142,235,206
15,19,7,36,657,563,1023,963
17,15,8,36,0,11,0,118
16,15,7,36,287,291,576,941
16,17,9,36,542,499,969,992
17,18,8,37,106,147,262,444
16,17,6,37,616,540,1023,1023
17,16,8,37,124,161,296,458
19,14,8,39,610,536,1023,1023
15,19,6,36,140,176,335,480
16,16,7,35,603,535,1023,1023
15,19,8,36,161,200,373,510
16,16,8,37,598,536,1023,1023
14,16,7,37,186,222,421,538
15,18,8,35,590,532,1018,1023
16,16,6,35,216,244,467,563
16,17,7,37,579,527,1014,1017
15,15,9,35,242,263,504,590
15,19,6,35,573,523,1004,1011
17,16,9,37,264,281,542,614
16,17,7,36,559,521,991,992
17,16,7,36,93,143,235,389
16,16,6,37,654,570,1023,1023
15,16,7,36,40,93,124,313
16,17,7,34,631,568,1023,1023
17,15,11,34,0,13,0,174
16,14,9,36,313,322,617,667
16,18,7,39,524,502,946,958
16,16,8,36,128,171,298,417
16,15,8,36,615,546,1023,906
16,17,10,39,70,125,184,174
15,18,6,19,646,569,1023,1023
17,15,12,13,84,148,216,251
15,18,8,38,630,570,1023,968
16,17,11,36,29,96,107,98
16,16,7,41,627,573,1023,928
17,16,8,42,0,38,0,0
16,15,13,40,0,19,0,0
16,16,10,47,164,206,363,324
16,17,11,40,560,524,985,877
17,16,11,41,182,226,413,347
16,18,10,36,541,510,964,853
16,19,8,37,211,246,457,385
18,15,11,39,578,536,1017,910
15,18,10,37,237,269,495,416
16,15,12,38,494,487,915,816
17,15,14,36,261,287,537,450
19,17,11,36,476,472,889,783
19,17,11,36,287,304,580,485
15,19,10,37,455,448,814,714
17,17,10,36,314,324,626,523
14,18,10,39,418,408,730,650
15,19,10,36,342,343,670,560
16,18,9,38,381,370,656,592
15,17,10,39,258,281,531,445
16,16,12,39,479,473,892,795
17,16,7,36,280,302,572,478
16,14,8,42,543,517,971,869
17,16,6,39,105,162,263,227
19,17,8,39,615,555,1023,943
15,17,6,38,54,112,154,140
16,15,10,34,650,573,1023,968
17,15,9,38,0,51,34,43
15,18,8,39,338,340,663,562
16,18,9,40,504,484,925,840
19,16,12,38,147,187,337,296
18,15,12,41,563,520,998,903
17,15,13,39,167,209,384,334
17,15,13,38,547,512,973,877
15,19,8,37,195,230,432,371
16,17,7,40,582,533,1017,966
15,19,5,901,139,172,293,405
16,17,6,907,603,533,1014,1023
16,15,9,911,385,357,695,732
16,16,6,911,405,359,620,717
16,15,10,911,422,378,735,774
16,15,11,912,265,215,286,483
16,15,11,911,662,566,1023,1023
16,17,13,909,44,49,9,240
16,15,12,908,693,574,1023,1023
15,17,10,908,83,79,57,277
14,14,10,906,737,596,1023,1023
16,15,9,907,195,182,242,409
17,16,7,911,698,580,1022,1023
15,15,9,909,429,381,639,688
16,16,8,908,527,457,716,789
16,15,7,912,467,411,685,715
15,19,5,908,502,433,641,732
15,15,10,907,505,439,731,744
15,16,8,908,355,290,296,487
15,15,7,907,642,551,960,908
16,16,7,910,335,263,206,416
14,15,9,908,678,587,1014,941
14,16,8,906,192,140,0,226
17,16,6,910,623,540,874,831
15,19,7,906,407,348,356,524
17,19,6,908,652,570,914,863
16,16,6,906,400,334,290,471
15,19,6,907,687,600,962,900
18,19,6,910,378,308,207,405
16,17,7,910,723,633,1020,927
17,16,8,906,234,185,0,137
13,16,13,938,672,595,877,784
16,15,10,921,322,268,50,189
16,16,8,929,810,713,1023,899
14,14,8,924,233,202,0,34
14,17,7,933,641,576,785,659
16,15,8,928,545,475,473,457
14,19,11,920,681,602,834,667
14,17,10,912,392,323,113,145
15,16,9,914,881,755,1023,857
14,17,6,920,239,215,0,0
17,17,6,921,648,583,740,570
15,18,8,920,606,535,552,471
17,17,8,915,680,611,788,602
16,16,10,922,580,507,474,400
15,15,9,920,811,722,1023,786
16,17,11,919,314,266,0,2
16,14,11,911,651,585,701,533
16,16,11,907,531,464,352,312
17,18,11,904,888,781,1023,831
17,16,10,903,277,251,0,0
16,16,10,902,815,721,977,729
17,16,11,904,355,299,0,3
16,16,11,900,656,592,664,487
16,16,12,912,579,501,392,325
16,15,11,912,891,792,1023,787
14,16,10,910,304,279,0,0
16,17,10,903,820,732,934,667
15,15,11,911,399,340,0,4
17,16,11,912,657,600,625,449
13,14,11,905,634,557,438,343
17,16,12,913,893,797,1023,755
16,16,11,906,335,305,0,0
16,15,11,903,827,738,898,644
16,15,14,903,445,384,15,56
17,15,14,904,854,768,946,684
17,14,11,904,426,372,0,30
15,17,10,899,793,719,817,594
14,17,10,903,530,464,151,144
16,16,11,907,997,877,1023,821
13,14,12,908,342,334,0,0
15,17,11,909,959,864,1023,803
15,15,14,913,360,340,0,0
16,14,10,916,881,798,952,719
14,16,12,917,442,392,0,121
17,16,8,920,911,826,1008,1023
18,17,5,922,377,339,0,233
19,17,8,920,946,847,1023,1023
17,19,6,918,371,336,0,186
16,16,8,920,978,872,1023,1023
15,19,6,920,366,337,0,177
16,14,8,920,1002,888,1023,1023
16,15,11,924,370,363,21,232
17,17,6,922,1023,899,1023,1023
16,15,11,921,664,631,565,610
14,15,11,920,725,667,553,654
17,15,7,923,894,822,980,914
16,15,9,920,567,508,191,392
17,14,9,920,927,853,1023,955
13,16,7,923,417,379,0,201
13,17,7,922,859,793,895,788
17,15,15,953,625,580,341,0
18,17,6,875,784,745,757,706
16,15,9,885,722,684,535,566
17,19,5,888,807,775,803,699
12,18,7,886,682,652,455,431
15,15,8,894,834,797,853,690
14,17,7,890,647,616,394,385
16,16,8,890,862,816,892,720
15,18,8,894,622,595,336,317
15,19,5,896,879,838,939,754
13,16,8,892,592,567,254,247
17,19,6,896,906,863,996,802
16,14,7,900,552,526,156,176
14,17,7,899,938,890,1023,853
16,16,7,901,413,407,0,0
17,16,8,894,664,659,544,443
17,16,8,896,877,846,892,777
14,16,8,896,689,677,594,484
16,15,7,898,849,813,804,694
14,17,7,899,717,700,646,523
16,16,6,898,806,771,718,629
14,16,7,896,743,724,691,563
15,15,7,898,765,732,639,563
16,17,11,895,771,743,741,601
14,16,6,897,606,576,295,276
15,19,5,902,891,846,974,780
13,16,6,915,570,532,201,226
15,18,9,925,923,868,1023,1023
13,14,8,928,374,369,0,191
17,16,8,924,955,892,1023,1023
17,17,6,927,371,363,0,172
17,14,8,922,987,908,1023,1023
15,18,11,925,368,359,0,166
15,18,9,923,1023,924,1023,1023
18,16,8,924,466,480,199,333
15,18,8,914,999,901,1023,237
16,16,7,915,570,588,404,567
17,16,8,938,941,880,978,990
18,16,8,914,597,607,453,565
16,15,10,906,919,862,951,963
14,18,6,905,733,707,679,706
14,18,6,904,778,736,662,719
15,17,6,904,762,730,723,697
16,16,7,895,742,702,584,621
16,15,10,892,787,754,775,706
15,19,7,892,585,550,232,309
15,19,8,889,914,857,1010,875
17,13,10,891,429,408,0,91
16,15,13,905,848,799,869,725
14,15,12,899,504,470,61,143
16,15,11,901,975,906,1023,865
17,16,8,876,368,377,0,0
16,17,7,876,799,759,784,600
16,16,7,874,701,660,483,410
17,16,6,875,825,785,836,639
18,17,8,874,659,622,402,368
17,19,6,876,853,810,879,671
16,16,7,874,625,602,352,320
16,16,7,874,871,828,929,706
16,16,8,873,600,574,283,257
18,17,8,869,899,849,977,747
15,16,9,874,566,535,187,187
16,16,7,875,929,877,1023,794
16,15,15,879,416,409,0,4
16,16,15,879,760,731,716,547
15,19,12,877,623,592,330,305
15,18,13,880,989,923,1023,849
14,16,13,887,364,379,0,0
15,15,16,880,910,856,1002,768
14,19,12,877,383,383,0,0
16,14,16,879,845,800,864,659
16,15,14,880,510,481,73,111
16,19,8,881,974,910,1023,846
13,16,6,884,398,397,0,0
17,14,9,884,689,678,592,459
15,15,9,884,855,815,811,665
16,15,10,883,717,701,644,496
16,17,7,885,668,633,417,380
14,16,8,881,847,808,871,666
17,16,8,881,631,609,365,336
14,16,8,884,870,824,922,703
17,14,8,878,608,579,290,272
18,16,8,881,898,851,972,746
15,15,7,886,568,545,197,197
16,16,8,880,926,879,1023,794
16,16,7,879,418,414,0,11
16,15,9,872,755,734,708,542
14,15,11,881,755,723,611,509
19,14,9,884,882,835,939,717
14,19,12,881,594,564,257,242
17,14,14,878,1006,927,1023,855
16,15,15,886,383,418,47,45
12,16,12,885,1023,940,1023,893
16,16,12,879,571,593,407,323
17,12,9,884,853,820,817,671
15,17,8,880,713,700,638,491
16,17,11,880,810,777,728,606
15,17,7,880,846,806,869,663
15,19,8,884,630,609,368,339
15,18,9,884,867,828,919,715
15,15,10,881,604,580,294,375
13,16,8,917,995,926,1023,1023
16,15,10,918,357,373,0,191
14,17,8,913,1023,937,1023,1023
16,15,10,914,476,504,227,404
16,13,7,913,948,882,983,991
16,16,7,915,591,598,445,555
16,14,8,912,923,864,955,972
14,17,6,915,623,622,494,588
15,19,6,913,900,851,929,953
15,17,8,912,653,647,538,615
16,17,7,917,874,840,899,918
15,19,5,914,680,674,591,657
16,16,6,916,851,814,816,856
16,15,8,914,711,700,640,678
14,16,6,892,806,776,726,719
15,18,8,901,745,725,688,701
13,16,8,904,769,735,640,703
15,15,7,903,772,745,738,725
15,19,6,896,728,699,557,628
14,16,7,898,799,771,790,749
16,16,6,875,689,661,470,544
17,16,6,872,831,795,844,762
16,16,7,875,648,622,403,490
16,16,8,881,861,814,887,780
14,17,7,919,622,600,338,426
14,18,8,856,882,835,939,805
16,16,7,843,586,568,253,350
15,15,9,839,905,861,998,835
15,15,9,847,544,531,155,272
17,15,9,851,937,895,1023,873
16,16,8,839,406,419,0,117
13,14,7,831,868,826,909,754
17,15,10,839,608,588,302,358
13,13,7,838,997,922,1023,879
15,18,6,836,387,391,0,60
16,16,8,832,827,784,841,674
17,14,7,838,654,620,401,414
13,16,8,835,855,811,888,700
16,15,7,842,619,604,335,351
16,16,6,797,877,837,940,729
19,17,7,796,585,567,252,279
15,18,8,790,904,857,995,757
16,17,7,794,544,520,157,200
15,15,11,792,938,884,1023,794
15,15,9,791,369,387,0,6
18,19,6,794,766,741,730,559
16,15,7,798,728,699,566,480
17,14,8,793,795,765,785,593
15,17,8,792,686,662,470,408
15,15,9,792,821,791,841,624
17,17,6,792,649,621,400,369
17,17,7,790,854,809,882,650
15,18,6,791,615,599,338,311
18,16,7,790,874,831,934,684
16,17,7,792,584,568,259,246
14,16,6,792,899,853,995,720
15,17,6,790,548,526,162,175
14,16,6,798,930,879,1023,758
14,18,9,816,405,408,0,13
15,15,9,873,765,738,724,573
16,17,7,892,732,699,575,476
15,15,10,932,788,761,783,589
17,16,6,880,571,552,211,275
13,16,6,883,913,876,1023,807
14,16,7,880,414,424,0,108
14,19,8,881,853,821,890,724
17,17,12,885,625,579,341,401
27,14,15,882,995,868,1023,891
16,16,15,884,373,326,0,64
15,18,17,881,1007,876,1023,902
14,15,17,884,384,387,49,144
16,16,15,882,1023,920,1023,929
17,19,15,881,675,687,600,541
13,16,10,884,694,689,492,521
16,15,11,880,905,886,1023,842
17,14,10,884,369,405,0,91
14,16,9,884,942,911,1023,887
17,14,10,881,400,419,0,118
16,18,9,884,973,928,1023,916
14,16,9,884,383,403,0,108
15,18,8,884,898,856,1003,835
16,14,9,886,426,423,0,158
15,18,9,885,828,789,870,740
16,16,10,885,636,596,379,464
15,18,8,883,957,881,1023,917
16,17,7,885,394,372,0,120
15,17,9,885,881,813,972,822
16,15,11,886,579,528,214,341
13,16,9,887,1006,900,1023,935
14,15,9,888,362,357,0,83
15,15,9,882,947,868,1023,898
16,19,9,883,410,385,0,128
16,15,9,885,872,809,942,792
17,16,9,881,601,562,267,381
16,17,8,882,899,839,996,835
14,15,11,882,563,527,171,309
16,16,9,890,1009,918,1023,935
