15,23,901,18,515,429,505,433
16,22,900,22,805,616,1020,746
12,20,901,20,0,125,0,0
14,22,900,23,410,380,519,383
14,21,900,19,589,464,607,509
12,22,903,20,754,574,946,692
13,20,903,18,84,167,0,54
15,23,903,18,509,430,638,466
12,22,903,20,442,373,409,369
12,20,899,20,860,630,1023,788
16,20,900,18,0,112,0,0
11,27,907,17,4,355,567,422
6,58,907,19,3,545,978,797
6,55,909,23,0,155,119,112
5,56,908,19,2,536,1023,877
7,58,908,18,3,48,0,4
4,54,905,19,0,111,129,116
7,55,907,20,3,494,1023,876
6,55,905,18,0,12,0,0
4,57,906,20,3,80,138,123
5,54,907,19,2,462,1023,857
6,55,908,17,2,15,0,52
6,47,907,18,1,67,147,126
6,47,907,19,1,447,1023,854
6,47,904,19,0,9,0,40
4,46,901,22,0,0,0,11
9,46,901,20,3,184,452,344
7,45,903,20,1,427,1023,843
4,46,899,19,1,0,7,25
6,48,900,18,5,177,466,359
7,49,901,19,2,415,1023,845
4,46,901,18,2,0,19,38
5,46,899,19,0,246,664,501
7,45,899,19,3,402,1005,824
4,46,898,22,1,72,194,168
4,46,902,19,2,428,1023,866
5,46,903,20,1,0,0,23
6,49,900,20,3,17,52,61
7,49,899,20,1,331,877,654
6,44,897,19,0,360,896,739
4,44,898,19,3,80,220,186
7,47,897,19,2,427,1023,870
6,44,897,19,5,0,0,12
4,44,898,20,0,30,86,87
8,45,899,18,0,335,908,679
7,45,902,17,2,351,877,705
6,45,899,18,0,93,246,200
8,44,899,19,0,424,1023,870
5,44,897,23,0,0,0,2
8,43,897,19,0,0,0,0
8,45,898,20,2,91,222,178
7,45,898,18,1,428,1023,863
6,45,896,19,0,0,0,4
6,44,899,19,3,0,0,0
9,44,897,22,0,79,203,158
6,46,899,20,1,427,1023,858
6,44,896,21,0,0,0,13
8,44,898,18,4,17,60,62
9,42,898,21,0,325,884,656
9,43,897,19,2,359,890,725
6,47,898,19,0,84,228,184
6,47,899,19,1,428,1023,865
8,43,900,20,3,0,0,9
5,46,900,16,2,0,0,0
7,46,899,18,0,85,209,164
6,47,897,20,2,432,1023,860
7,43,899,18,1,0,0,10
4,44,898,20,3,24,72,69
8,44,900,21,2,335,895,665
7,43,898,20,3,358,885,719
6,45,898,16,2,91,236,192
4,44,896,21,0,428,1023,871
6,44,900,20,1,0,0,6
6,44,899,18,3,0,0,0
6,47,897,18,4,85,218,172
6,45,897,19,3,430,1023,863
6,45,899,20,2,0,0,10
6,45,898,20,1,26,75,72
6,46,897,18,3,334,896,668
6,44,900,18,1,359,883,718
5,44,895,20,2,88,237,197
7,42,897,21,0,428,1023,870
9,45,898,20,1,0,0,3
6,45,898,20,3,0,0,0
6,45,896,20,1,85,214,170
6,45,897,19,3,428,1023,863
8,44,897,23,0,0,0,6
8,44,897,18,1,0,0,0
12,47,900,20,2,73,194,149
10,44,897,19,1,434,1023,865
14,47,899,18,1,0,0,0
12,43,900,20,1,142,368,277
14,47,898,19,2,414,1020,828
12,42,901,18,1,98,259,197
10,46,901,18,2,433,1023,865
11,44,897,19,0,0,0,8
12,43,898,21,0,174,455,344
11,44,897,20,4,410,1008,825
13,42,898,19,1,123,323,253
12,44,898,20,1,415,1023,844
11,45,898,19,2,83,223,179
12,44,899,19,3,432,1023,878
11,45,898,17,5,0,0,0
10,43,901,17,2,153,402,313
10,44,897,22,0,409,1018,834
11,42,897,19,1,108,284,228
11,42,898,18,1,416,1023,851
9,44,899,18,2,70,187,156
12,44,900,21,0,432,1023,868
11,44,898,18,2,0,0,0
10,44,897,21,0,78,202,171
10,44,896,20,2,434,1023,879
11,46,900,18,2,0,0,0
12,44,897,19,1,145,386,304
12,47,899,20,1,417,1017,838
12,43,896,21,2,104,277,220
12,43,896,19,2,426,1023,853
12,43,896,21,0,67,179,152
13,44,896,19,3,442,1023,881
9,41,897,19,2,0,0,0
9,44,895,22,0,77,193,165
11,44,896,17,3,442,1023,873
11,45,896,18,0,0,0,0
10,44,895,19,0,83,209,172
11,47,897,18,5,442,1023,880
9,44,896,22,0,0,0,0
9,44,897,18,2,87,225,184
11,43,896,18,0,442,1023,868
10,44,899,19,2,0,0,0
10,44,895,19,2,93,244,194
10,42,896,22,0,448,1023,878
13,45,898,19,3,0,0,4
11,44,897,21,2,171,434,337
10,44,895,19,2,429,1013,833
10,45,896,20,3,125,310,246
11,43,898,21,0,437,1023,850
12,43,895,19,0,84,211,175
11,41,895,19,3,450,1023,880
12,45,897,19,1,0,0,0
11,44,896,18,3,156,396,313
10,45,895,20,2,426,1016,841
6,44,899,18,1,110,282,230
7,43,903,18,1,451,1023,881
7,41,901,19,0,0,0,0
7,41,901,19,1,68,150,143
6,40,900,22,2,455,1023,874
6,43,903,18,1,2,0,53
6,42,902,19,2,0,2,33
5,43,901,19,2,185,464,364
7,45,901,18,3,429,1023,856
8,43,903,18,1,1,22,47
6,44,902,21,2,257,664,513
4,43,902,18,1,425,1004,833
4,43,900,19,2,103,201,180
4,43,903,20,1,483,1023,892
6,42,903,19,2,0,0,0
6,43,900,20,3,44,62,89
5,41,902,16,2,369,890,680
6,42,900,21,0,366,889,748
6,43,901,19,3,95,231,208
6,42,900,22,0,438,1023,890
6,43,901,19,3,0,0,23
4,42,904,19,0,46,104,111
6,43,903,18,2,442,1023,871
4,43,901,19,2,20,0,82
6,43,901,20,3,48,122,121
5,42,900,19,0,447,1023,868
5,40,901,19,3,10,0,67
4,42,900,21,2,56,145,128
5,40,902,18,3,447,1023,861
4,42,900,21,0,5,0,50
5,40,901,19,5,0,0,18
6,41,903,18,1,182,455,350
4,44,903,20,2,433,1023,850
5,42,901,19,3,0,12,39
8,41,901,20,2,261,657,500
7,40,900,22,3,419,1006,828
5,43,900,19,1,78,196,170
7,46,900,18,1,450,1023,871
5,42,902,18,2,0,0,24
6,42,903,19,0,25,62,72
7,43,901,18,1,349,891,666
5,41,900,19,1,372,888,735
9,40,899,19,1,92,235,196
4,42,901,19,3,446,1023,876
6,41,902,20,1,0,0,9
6,41,903,20,2,0,0,0
7,43,902,19,2,93,220,181
5,42,904,19,4,448,1023,869
6,43,903,16,2,0,0,10
7,41,901,18,0,34,91,89
4,44,900,21,2,352,922,686
7,46,903,20,0,365,862,693
5,42,902,19,0,101,260,215
5,42,902,18,2,446,1023,879
3,42,901,18,4,0,0,0
7,45,901,19,2,59,135,124
6,43,903,21,2,448,1023,866
4,43,901,20,1,7,0,55
5,41,901,17,3,0,0,11
4,43,902,18,2,180,446,346
8,41,902,20,1,433,1023,850
6,42,899,19,2,0,3,30
6,42,900,20,2,187,473,364
4,42,900,19,2,431,1023,851
5,43,900,21,2,8,28,53
8,41,900,20,3,268,673,515
4,40,901,19,3,421,1001,827
6,42,902,19,2,85,210,179
6,44,898,20,1,466,1023,870
11,43,896,18,3,0,0,13
7,42,897,17,2,116,231,185
8,44,898,18,1,480,1023,873
9,42,896,20,3,1,0,0
8,44,895,19,1,79,106,97
9,42,895,19,0,467,1023,825
7,44,896,16,3,156,235,250
9,41,896,19,3,264,632,477
6,44,894,22,2,425,1012,829
9,44,896,19,0,72,179,146
6,44,894,22,0,432,1023,864
8,44,896,16,1,1,0,30
8,42,894,19,0,14,35,46
8,44,894,20,2,327,864,641
8,42,894,19,2,364,910,742
5,44,896,18,5,79,210,174
6,42,893,19,2,422,1023,867
8,44,897,19,2,0,0,14
8,43,894,20,0,29,78,78
8,42,895,19,5,329,902,672
9,43,896,20,6,350,875,706
7,43,893,22,1,90,247,201
8,40,895,19,3,419,1023,871
8,40,894,21,0,0,0,2
11,42,896,18,3,0,0,0
8,43,894,21,0,150,399,312
8,42,895,21,0,408,1023,853
8,42,893,23,0,0,0,1
11,43,896,18,3,96,255,204
7,41,895,18,5,419,1023,873
7,42,897,18,2,0,0,0
5,42,894,18,3,49,127,113
10,43,895,20,1,422,1023,856
8,43,897,20,2,0,0,0
10,42,896,17,3,0,0,5
7,43,897,19,2,171,440,340
7,43,897,18,2,410,1023,849
9,43,894,17,4,0,0,27
6,42,896,16,1,175,470,362
6,42,896,17,2,407,1023,851
5,40,895,19,3,5,28,50
8,42,898,20,2,249,676,515
11,43,895,19,0,397,1000,823
6,42,894,22,3,136,368,298
7,41,895,19,5,412,1023,867
7,42,897,17,2,0,0,0
7,43,895,19,2,93,232,196
10,43,897,20,2,427,1023,876
9,42,895,19,3,0,0,0
7,40,895,21,0,42,105,108
10,42,894,19,0,454,1023,869
10,43,895,23,0,0,0,18
8,42,894,19,1,110,273,235
8,41,898,17,2,421,1023,887
8,44,895,19,5,0,0,0
9,40,897,17,2,58,149,146
10,42,895,20,0,422,1023,877
11,41,896,19,2,0,0,0
8,42,894,21,1,64,171,157
11,43,897,19,2,423,1023,875
9,42,898,18,2,0,0,0
8,42,894,18,2,10,33,62
8,42,895,20,3,316,866,656
10,43,897,22,0,359,904,756
10,41,894,20,3,136,372,311
10,41,894,18,1,403,1018,853
11,40,895,18,2,99,267,231
7,43,895,19,5,418,1023,891
9,41,896,19,4,0,0,0
10,41,893,19,2,54,142,144
8,42,894,19,0,423,1023,891
8,42,896,20,2,0,0,7
11,43,896,19,4,0,0,34
9,40,895,22,0,237,636,500
10,42,894,19,2,396,1008,846
9,40,896,19,1,123,331,280
9,43,897,19,1,415,1023,879
8,41,893,22,0,0,0,0
10,41,896,20,1,79,201,185
8,42,893,19,0,423,1023,898
8,42,893,21,2,0,0,0
9,41,898,18,1,26,70,93
6,42,894,19,0,328,895,690
11,43,896,22,0,351,881,737
10,43,895,18,3,148,411,345
8,42,897,19,1,400,1013,856
9,43,896,18,5,52,148,154
9,41,898,18,1,419,1023,885
11,43,895,19,0,2,0,65
10,43,896,16,2,63,170,165
10,43,898,17,2,422,1023,896
8,42,894,19,0,0,0,0
9,41,893,19,0,74,188,176
10,42,894,20,3,421,1023,882
8,42,898,18,2,0,0,2
9,42,894,22,1,18,56,84
11,43,897,18,1,324,886,679
7,43,896,19,3,248,592,524
8,42,894,21,2,144,398,329
10,41,896,18,3,408,1023,872
8,40,896,18,3,49,141,143
8,40,893,22,1,418,1023,880
9,42,896,19,0,4,0,71
10,41,896,18,2,0,0,33
8,42,894,18,2,235,633,499
11,43,896,19,2,398,1009,846
10,43,896,20,2,121,331,280
8,42,897,20,2,402,1023,863
10,41,894,21,2,25,86,105
11,40,895,20,3,417,1023,873
8,40,894,19,1,0,0,29
9,43,896,18,2,39,110,122
9,40,895,19,2,423,1023,876
11,40,896,18,1,17,0,86
9,40,896,16,2,104,278,235
8,43,896,18,5,419,1023,889
11,43,896,20,2,0,0,0
9,40,893,19,0,114,293,250
8,41,896,18,5,418,1023,880
11,44,898,18,3,0,0,0
10,43,897,18,1,116,316,264
13,45,897,19,2,401,1023,854
12,43,898,18,1,79,221,192
13,42,894,19,2,417,1023,887
13,43,896,19,3,0,0,2
15,41,895,19,307,186,410,330
12,42,898,18,1,330,772,640
14,43,896,20,1,174,478,376
12,42,898,16,419,447,1005,834
11,42,894,21,27,266,721,558
12,41,896,19,372,278,555,494
15,43,896,19,705,437,981,744
11,40,896,19,0,18,0,62
11,41,895,19,0,122,302,250
9,42,894,19,2,409,1023,855
12,42,895,19,0,12,55,70
9,43,897,19,2,391,1023,811
11,41,896,19,2,151,324,332
11,40,896,19,3,276,762,586
15,43,896,18,5,331,805,662
9,40,896,18,3,169,464,369
13,40,896,20,1,406,1023,861
10,40,896,19,114,83,190,175
12,40,895,16,361,451,1023,857
12,40,898,18,407,266,597,470
11,41,895,18,0,210,469,433
11,41,897,18,31,247,658,513
14,41,896,20,0,270,664,566
13,39,897,17,373,246,541,428
12,42,897,20,135,254,556,494
9,41,891,20,2,346,974,739
8,41,892,21,1,304,760,639
5,41,897,18,3,112,303,261
7,40,898,18,2,435,1023,890
6,41,897,19,2,0,0,0
6,43,897,20,3,74,176,171
6,42,900,18,2,438,1023,886
6,39,902,20,2,0,0,52
5,42,901,19,2,11,34,72
4,42,898,19,0,328,868,667
9,41,899,20,3,369,906,765
5,41,900,18,0,83,214,201
6,43,901,20,0,435,1023,892
5,38,898,19,0,0,0,40
6,40,898,20,2,26,85,108
6,40,901,18,1,411,1023,844
5,41,899,19,0,140,288,318
5,40,897,19,0,227,604,488
5,40,900,18,2,410,1014,859
6,41,897,22,1,58,154,163
5,40,900,18,2,433,1023,889
6,42,900,17,2,1,0,68
4,40,898,19,3,0,6,54
6,39,900,18,2,183,473,388
6,40,900,17,2,421,1023,876
5,39,899,18,1,6,33,76
6,40,900,18,4,255,679,543
4,41,897,21,2,405,1004,847
5,39,899,20,1,81,213,204
5,40,897,20,4,437,1023,899
9,41,900,19,0,0,0,44
6,41,897,19,3,28,81,112
6,39,896,19,0,413,1023,851
5,39,899,18,2,140,283,322
4,41,900,19,2,229,607,490
7,41,897,19,2,414,1013,861
6,41,898,21,2,59,157,168
7,41,897,19,2,437,1023,893
6,43,898,18,3,1,0,73
5,39,900,18,2,1,9,60
7,39,900,17,2,185,471,395
7,42,899,19,1,423,1023,877
5,41,899,19,0,11,32,82
7,41,898,18,3,328,862,678
6,41,898,18,2,369,910,776
4,40,897,22,1,80,211,211
5,41,898,18,5,433,1023,901
6,40,897,22,0,0,0,51
6,39,899,18,1,28,83,117
6,40,897,22,1,412,1023,854
6,41,897,22,3,138,283,322
7,41,899,19,3,228,604,497
4,21,900,16,2,410,1015,866
4,18,898,20,5,56,156,170
6,19,898,19,2,435,1023,898
6,18,899,18,1,0,0,74
4,18,897,21,2,0,7,65
6,19,899,17,2,184,472,399
5,15,900,20,2,420,1023,879
8,16,897,23,0,5,31,82
7,17,900,18,2,256,676,547
5,18,897,21,0,405,1001,856
7,19,898,19,3,79,207,210
4,19,900,20,3,433,1023,908
5,18,896,20,3,0,0,54
7,16,898,20,0,24,71,112
6,19,899,18,3,407,1023,851
6,17,898,19,0,148,304,344
4,18,900,16,2,225,587,487
7,19,897,20,3,414,1013,871
4,17,899,18,2,57,140,162
7,17,899,19,0,440,1023,898
5,17,897,19,3,8,0,87
6,15,899,20,0,0,0,49
6,19,898,18,3,177,447,380
7,17,897,19,0,427,1023,883
5,16,896,19,2,0,1,67
6,15,900,17,2,190,466,395
6,17,897,18,2,432,1023,881
9,15,894,18,2,7,25,77
11,19,892,19,3,262,667,539
11,16,893,19,3,377,911,778
8,18,893,19,0,139,359,315
7,19,893,20,2,431,1023,888
11,17,892,22,0,0,0,7
9,17,892,18,3,150,381,330
8,17,894,18,1,427,1023,884
7,19,891,19,2,0,0,15
9,16,891,19,0,153,402,345
8,17,894,16,2,423,1023,883
8,17,894,20,0,0,0,26
9,17,893,18,3,157,422,360
7,19,889,18,3,422,1023,884
8,18,890,21,1,0,0,40
7,19,891,19,3,167,437,375
9,17,890,18,5,434,1023,886
7,19,892,19,3,0,0,54
8,18,892,21,0,181,459,387
7,17,894,18,1,438,1023,883
8,18,892,20,3,0,13,72
11,19,895,19,0,279,655,533
11,19,898,18,1,528,922,786
9,27,896,18,2,237,349,309
4,24,893,20,3,504,1023,894
10,32,891,23,0,0,0,9
7,33,896,18,3,185,366,327
7,29,896,18,1,459,1023,893
4,32,898,19,0,0,0,17
9,29,901,19,3,300,387,342
7,31,905,16,4,491,1023,895
6,31,906,16,2,0,0,32
6,32,903,20,1,196,407,363
4,31,902,18,2,457,1023,893
6,31,902,21,0,0,0,49
7,29,903,18,2,206,431,377
6,31,902,20,2,444,1023,892
8,32,901,19,2,0,0,60
7,34,904,18,1,213,449,393
7,29,902,20,2,442,1023,892
6,32,900,19,1,6,6,80
4,32,902,20,1,218,468,407
6,32,901,19,2,436,1023,894
7,35,897,19,1,15,27,95
7,33,899,19,1,375,855,687
7,35,898,20,3,384,915,795
7,30,897,19,2,108,203,218
8,30,898,20,0,468,1023,926
6,32,902,20,2,0,0,33
9,32,900,18,4,117,216,227
6,32,902,17,2,460,1023,921
8,31,900,21,0,0,0,30
5,32,900,23,0,119,230,237
7,30,900,21,0,455,1023,922
8,28,902,20,1,0,0,23
6,29,901,19,2,123,246,243
7,25,900,20,2,452,1023,918
5,24,896,19,0,0,0,21
9,23,895,21,2,130,263,252
6,25,897,19,5,454,1023,917
6,26,893,19,2,0,0,18
5,24,893,21,1,139,274,261
6,25,893,19,2,452,1023,909
8,24,895,20,3,0,0,12
6,24,893,20,2,143,291,270
9,24,894,20,3,450,1023,905
4,24,893,20,1,0,0,13
7,25,895,19,3,150,305,284
6,27,895,19,2,447,1023,904
9,23,894,22,0,0,0,9
5,23,894,20,2,93,174,187
5,22,895,18,4,462,1023,903
6,27,894,18,5,0,0,71
7,25,893,19,3,18,26,82
6,25,893,19,3,367,856,676
8,23,894,18,2,378,915,782
8,21,893,19,2,125,201,208
7,33,896,19,5,562,1023,916
8,33,898,18,0,0,0,20
7,26,893,21,2,263,221,212
9,32,894,20,1,850,1023,910
11,33,891,17,3,419,0,11
10,32,890,20,3,786,772,605
11,32,891,19,1,840,820,689
11,33,890,17,4,642,466,387
10,32,892,20,2,854,1019,863
8,31,890,21,2,534,336,294
8,32,889,19,2,808,1023,901
10,32,893,19,1,318,0,4
10,31,890,19,4,588,719,574
9,30,892,16,2,646,891,761
9,31,891,19,1,337,240,228
11,33,890,19,4,645,1023,913
11,29,890,19,4,167,0,36
9,30,892,18,1,519,974,763
10,31,890,20,2,453,769,663
11,32,891,18,0,285,484,411
9,32,893,20,1,483,1008,865
11,29,891,19,3,129,196,204
11,31,892,20,2,457,1023,900
10,33,890,18,5,54,94,135
9,30,892,17,2,425,1023,896
10,31,893,18,1,51,0,128
9,29,893,19,0,177,431,384
6,31,892,19,3,411,1023,902
7,30,892,19,0,0,0,65
6,30,895,20,1,160,445,398
6,30,895,19,2,392,1023,907
6,33,892,19,3,0,1,79
5,30,894,18,2,164,464,412
5,30,892,18,2,391,1023,905
6,31,891,22,1,0,15,99
7,30,894,19,3,233,658,558
5,33,892,19,2,381,1005,882
7,32,892,18,3,67,194,222
7,29,894,18,1,403,1023,928
5,30,890,20,2,0,0,85
5,28,892,17,4,19,53,122
6,29,894,19,1,377,1023,856
7,29,894,18,1,147,334,388
6,31,894,18,1,198,565,492
7,28,893,19,4,384,1017,894
6,31,892,19,3,41,122,172
7,29,892,20,3,402,1023,921
7,29,892,19,5,10,0,121
7,29,892,19,3,100,280,281
4,33,892,19,3,402,1023,930
5,31,893,19,3,0,0,27
4,30,891,19,2,106,293,288
9,31,892,17,3,406,1023,922
7,29,892,18,3,0,0,25
4,28,892,18,2,114,311,300
7,32,892,19,4,403,1023,918
7,29,892,19,2,0,0,22
7,30,893,18,2,117,326,310
7,30,893,19,3,401,1023,916
6,31,891,19,0,0,0,25
4,30,891,20,3,123,337,321
4,31,894,19,1,402,1023,912
6,31,893,19,0,0,0,22
5,29,893,18,2,128,357,332
7,33,891,19,2,398,1023,910
6,31,893,20,2,0,0,29
7,30,894,18,2,134,375,346
7,28,891,19,0,396,1023,907
4,31,892,19,2,0,0,34
6,30,892,18,2,139,388,358
5,31,893,19,0,397,1023,907
7,33,891,20,2,0,0,41
5,28,891,22,0,145,406,372
5,28,890,19,2,394,1023,906
5,30,894,18,1,0,0,53
6,33,891,18,1,150,419,386
7,29,890,19,2,393,1023,907
5,30,894,17,2,0,0,65
4,32,890,22,0,157,437,400
4,32,890,19,0,393,1023,908
6,31,891,20,3,0,0,79
8,28,891,19,0,162,459,412
5,30,893,19,0,393,1023,907
5,28,891,19,3,0,11,95
5,28,890,19,0,232,653,557
7,33,891,18,1,380,1005,888
6,33,893,19,0,67,186,218
4,30,890,18,2,404,1023,927
6,30,890,20,1,0,0,86
7,31,891,18,4,13,46,116
4,30,890,20,2,372,1023,851
6,30,890,17,2,149,345,398
7,29,892,18,2,195,556,484
7,33,891,19,3,385,1019,896
7,28,891,19,3,36,112,166
4,31,891,20,2,405,1023,916
6,29,892,20,2,15,0,130
6,30,891,21,0,97,270,274
7,29,891,19,1,406,1023,927
4,31,894,18,1,0,0,52
5,30,892,20,2,48,135,176
4,32,892,19,0,405,1023,915
5,30,893,18,1,7,0,106
5,29,893,20,2,51,149,177
9,29,891,19,1,406,1023,910
5,30,893,20,2,1,0,93
7,33,890,19,3,0,0,63
8,29,893,18,1,160,450,392
13,29,890,20,0,392,1023,893
9,31,889,19,0,58,172,186
11,33,890,18,2,407,1023,901
10,35,890,19,3,0,0,21
8,31,892,19,2,122,337,306
9,30,891,20,2,403,1023,895
6,30,888,19,0,0,0,4
6,30,888,18,0,75,200,199
10,32,890,18,3,410,1023,903
8,30,888,21,0,0,0,19
8,28,890,18,3,81,214,206
6,30,889,20,3,410,1023,901
9,29,890,19,0,0,0,48
11,29,890,19,3,24,77,110
8,30,890,20,3,408,1023,881
6,30,888,21,0,27,0,121
8,30,891,18,1,87,241,220
7,31,890,22,0,411,1023,899
6,30,888,20,5,0,0,32
8,28,890,20,1,36,106,126
10,29,890,17,3,410,1023,881
6,30,892,18,2,0,0,26
8,30,889,21,0,43,122,133
8,31,891,20,3,412,1023,882
6,31,888,22,0,11,0,88
7,30,892,19,2,47,132,141
9,30,891,20,2,415,1023,880
8,30,888,20,1,9,0,76
8,29,889,21,0,0,0,20
6,30,888,19,2,160,433,355
6,28,889,19,0,402,1023,869
8,30,889,19,0,0,0,38
9,29,890,20,3,164,448,370
7,31,891,19,0,402,1023,875
6,30,894,18,2,26,5,63
9,32,894,20,3,254,645,532
9,27,891,18,2,399,1007,865
7,19,891,19,3,65,182,194
7,16,890,19,0,408,1023,909
6,17,892,21,2,0,0,70
9,16,891,19,1,10,39,97
6,17,889,21,1,307,865,687
5,16,891,18,5,346,907,783
6,15,889,23,3,72,208,217
6,18,889,20,1,407,1023,913
6,17,888,20,2,0,0,60
9,17,890,19,2,24,77,121
6,15,894,18,2,386,1023,859
7,16,888,20,5,137,300,350
5,15,892,17,2,210,592,497
7,19,891,18,0,387,1013,880
8,16,890,19,2,47,143,170
7,16,890,21,2,406,1023,908
6,16,890,20,1,4,0,100
7,15,892,18,1,55,155,176
7,16,889,19,2,408,1023,908
9,17,891,18,3,0,0,86
9,16,890,19,3,0,2,68
7,15,892,19,2,168,463,402
7,17,890,19,2,394,1023,892
7,15,890,19,2,1,21,89
6,18,890,19,3,236,665,550
6,15,890,19,0,382,1001,872
7,17,889,23,0,71,200,215
5,17,892,18,2,406,1023,919
6,17,889,20,1,0,0,70
7,15,890,19,0,19,61,118
10,17,891,19,2,381,1023,851
7,16,890,19,1,37,13,157
7,17,889,21,1,139,389,353
7,17,891,18,2,397,1023,901
9,17,890,19,5,0,0,36
6,17,889,19,0,147,409,369
6,19,889,18,5,396,1023,904
5,16,889,22,0,0,0,51
6,15,892,18,1,152,425,381
6,17,890,21,0,395,1023,903
7,19,890,19,3,0,0,64
6,18,891,18,2,158,444,394
5,14,890,18,3,394,1023,902
5,16,891,19,5,0,0,76
5,15,892,19,0,164,463,409
5,13,891,19,2,396,1023,903
7,15,890,22,1,1,20,98
8,17,890,20,2,236,662,557
7,16,890,20,3,383,1004,884
5,16,890,18,1,68,195,220
6,17,890,18,2,409,1023,924
9,16,890,20,3,0,0,81
7,17,889,22,1,15,52,121
7,16,890,18,3,377,1023,853
6,18,891,18,1,149,336,386
9,16,889,20,3,199,564,491
5,15,892,16,2,389,1019,895
8,16,889,19,1,40,120,170
8,16,889,21,1,406,1023,914
7,19,891,19,1,11,0,119
10,17,890,18,5,101,280,274
8,15,892,19,0,396,1023,904
10,19,891,19,1,0,19,92
8,17,888,19,2,299,850,688
10,19,888,19,5,353,918,811
9,16,889,19,3,122,345,333
9,17,888,21,2,401,1023,916
7,18,891,16,2,0,0,28
6,16,888,20,3,129,365,341
8,16,888,20,3,400,1023,913
6,20,889,20,6,0,0,28
6,18,889,20,3,136,385,353
9,16,889,21,0,398,1023,907
5,16,888,19,0,0,0,36
8,16,889,19,2,143,403,366
6,18,890,19,2,400,1023,906
8,17,890,18,2,0,0,46
8,15,890,18,2,151,420,378
6,16,888,19,4,401,1023,905
8,16,888,19,2,0,0,58
8,17,890,17,2,158,441,393
8,15,890,16,2,397,1023,903
8,17,888,16,2,0,0,72
8,16,889,20,3,162,455,406
7,17,888,21,2,397,1023,907
7,15,890,17,0,0,8,91
7,19,888,19,3,168,473,422
9,16,888,18,3,397,1023,906
8,14,890,19,3,8,30,113
6,17,888,19,1,309,860,710
6,15,892,17,2,352,914,818
5,12,890,19,2,73,204,242
6,15,890,19,2,412,1023,941
7,19,891,20,2,0,0,90
6,19,889,19,3,21,66,143
5,14,890,20,5,387,1023,877
6,19,889,19,2,143,314,384
6,16,889,23,1,207,578,517
7,17,890,17,3,390,1017,906
7,19,891,19,1,47,131,191
7,13,891,19,3,411,1023,932
5,15,892,17,2,9,0,128
6,18,891,19,3,53,144,193
5,15,892,21,2,416,1023,927
6,19,889,19,3,8,0,117
6,15,892,18,0,61,154,196
7,18,891,19,2,419,1023,924
7,17,890,18,3,2,0,109
8,15,891,17,2,59,167,201
5,15,892,21,1,408,1023,920
4,17,888,19,2,0,0,92
7,17,889,19,2,0,14,86
8,16,890,20,2,234,657,548
10,16,888,23,1,385,1005,872
9,15,890,18,2,127,344,321
9,16,886,19,3,407,1023,910
8,14,890,18,0,0,0,20
12,15,8,867,583,519,283,361
13,16,7,868,844,759,1006,784
12,17,9,866,427,358,0,117
14,15,11,869,790,718,888,699
13,15,10,868,501,430,52,202
14,16,8,866,912,829,1023,874
13,15,7,869,385,336,0,68
15,18,9,867,753,692,820,650
13,14,7,868,653,598,447,470
14,15,9,869,783,726,889,692
12,14,8,866,607,560,360,416
14,15,8,868,815,759,945,732
13,15,7,870,575,541,273,348
12,14,8,867,838,798,1012,783
12,16,8,866,418,397,0,104
16,18,10,869,789,767,896,693
14,14,7,870,491,473,42,188
15,17,8,865,822,803,950,734
14,16,7,867,581,584,268,342
12,13,7,868,846,840,1020,785
12,16,7,866,419,431,0,101
13,15,7,870,786,793,897,694
15,18,9,867,589,612,353,407
13,15,7,870,800,814,953,734
15,18,10,868,546,580,259,334
13,15,11,868,911,918,1023,880
13,16,7,867,302,394,0,24
15,15,9,867,817,879,1023,834
12,16,7,866,315,393,0,71
14,15,11,868,663,702,764,608
14,16,7,868,470,533,253,328
5,16,6,870,286,822,1023,788
6,26,7,867,176,613,142,269
7,19,10,868,433,706,896,717
4,18,10,869,180,522,343,419
4,16,8,866,445,701,952,763
6,19,5,867,290,554,525,536
4,16,7,867,292,535,641,547
4,15,8,868,0,676,946,852
4,17,8,866,0,266,11,128
4,16,8,866,431,700,1023,857
4,16,8,866,49,343,82,257
4,18,7,866,218,470,543,503
4,17,8,866,496,700,995,912
6,16,8,866,78,321,247,304
6,19,9,867,578,705,1023,968
3,17,7,866,0,160,0,107
6,15,10,868,336,490,814,695
2,16,8,866,158,350,430,498
5,15,10,865,277,389,689,602
3,17,7,870,279,405,638,640
2,16,8,866,234,333,567,516
5,17,11,867,504,561,978,895
5,18,9,867,179,297,444,442
4,16,7,866,553,593,1015,937
4,16,7,868,125,253,317,358
4,15,10,868,575,603,1023,952
1,17,9,867,148,272,376,405
5,18,9,866,566,592,1023,949
2,16,8,867,101,218,266,330
4,15,10,867,586,595,1023,966
3,17,6,867,124,235,313,364
5,16,10,869,583,581,1023,961
5,19,9,869,160,245,369,410
7,16,6,866,586,572,1023,957
4,16,8,866,123,199,259,330
4,16,8,865,594,578,1023,967
4,15,9,867,51,149,156,259
4,18,9,867,604,586,1023,988
4,14,7,865,0,61,0,96
4,16,8,866,126,215,323,372
7,17,5,867,569,566,1023,961
5,17,6,867,97,171,219,303
4,16,7,869,620,556,1023,987
4,16,7,867,33,1,0,105
7,17,6,866,355,267,587,558
4,15,10,869,657,481,965,912
4,16,7,868,352,230,462,476
2,15,10,869,711,509,1014,951
4,19,9,869,397,262,522,516
6,19,9,868,723,513,1001,941
3,17,6,868,346,210,393,432
4,16,8,868,695,497,1017,958
6,20,10,870,80,99,279,348
12,25,8,870,527,491,1023,989
15,27,6,868,116,79,181,276
17,22,7,870,739,525,1023,983
16,21,7,870,228,129,228,312
16,20,7,870,721,533,1018,957
19,21,6,868,351,255,460,476
14,19,7,868,665,522,935,895
19,19,5,868,400,303,522,514
16,16,7,868,653,524,902,869
17,17,8,867,444,345,579,558
16,16,6,868,641,519,842,808
18,19,8,867,490,385,641,601
16,18,7,870,613,484,723,732
15,15,10,869,534,424,706,642
16,16,7,867,443,324,334,464
15,17,6,868,669,538,956,814
16,16,6,866,424,303,243,391
15,18,9,868,709,574,1023,859
17,17,7,868,271,145,0,165
13,16,8,868,673,534,896,764
16,17,6,868,483,355,336,458
16,16,8,867,707,582,958,805
17,18,9,868,456,337,233,378
16,18,6,870,747,624,1023,854
13,17,5,867,304,201,0,154
16,18,8,869,705,591,901,758
15,15,10,868,506,405,330,447
17,18,5,868,830,710,1023,931
19,17,5,868,252,199,0,113
16,16,7,870,715,672,1021,845
8,18,8,867,0,275,0,162
11,17,8,868,120,322,324,368
7,20,7,871,909,699,1003,933
8,16,8,866,152,384,387,415
8,26,8,867,833,712,1023,952
7,21,8,870,94,346,275,336
9,21,6,868,879,755,1023,986
9,19,8,867,0,224,0,147
10,20,6,870,470,588,849,740
10,18,8,868,511,447,385,501
8,16,7,867,523,618,910,777
8,16,8,868,630,540,601,639
6,16,8,868,289,481,593,560
7,15,7,870,825,692,968,909
7,18,9,867,104,340,289,350
8,17,5,868,863,715,1023,966
9,20,10,870,56,285,185,279
7,17,8,868,862,720,1023,975
8,17,6,868,122,238,80,208
8,16,7,867,748,728,1023,984
7,16,8,868,80,180,0,105
8,17,7,870,504,543,797,707
7,14,8,867,585,596,791,772
6,16,7,868,338,395,483,488
7,16,8,867,707,673,1014,950
8,16,6,867,277,329,348,396
7,15,10,870,733,678,1023,961
9,13,8,866,307,353,407,440
7,15,10,870,727,670,1021,958
9,17,8,867,345,380,474,488
8,17,8,867,725,668,1016,958
7,16,7,870,284,320,339,396
11,17,8,868,750,676,1023,971
8,16,7,867,316,345,400,440
9,16,8,868,746,671,1023,967
8,18,8,867,270,294,283,354
8,18,7,866,791,681,1023,976
7,18,11,871,51,246,179,286
7,17,8,868,745,681,1023,990
6,17,7,869,0,184,68,210
7,16,7,867,584,629,1023,935
10,19,8,868,130,203,0,241
8,15,7,870,431,479,782,703
7,16,7,870,529,552,813,797
6,14,8,868,269,339,474,491
8,19,11,871,647,622,1013,960
8,16,8,867,315,360,528,528
5,15,6,868,645,612,997,946
6,16,7,870,165,225,231,323
6,16,8,868,704,633,1023,982
6,16,7,866,126,179,129,250
7,16,7,868,734,648,1023,999
8,16,6,870,67,121,5,167
7,14,8,868,616,578,1023,894
8,16,6,868,241,226,79,296
8,19,9,867,462,443,724,665
6,15,11,870,608,568,891,866
6,16,8,867,399,397,594,576
6,16,8,866,672,618,968,924
7,19,9,869,237,277,288,362
7,19,7,868,728,656,1023,979
7,16,8,870,180,226,183,286
7,19,9,867,744,648,1023,990
6,18,7,869,97,137,72,213
17,17,7,869,732,622,1023,978
14,19,9,868,107,67,0,116
26,19,8,867,554,503,976,838
43,20,8,867,298,240,209,379
17,16,8,868,613,532,1023,879
18,19,7,870,164,110,0,166
19,19,6,868,572,491,909,783
20,15,8,870,374,309,323,460
19,17,7,870,599,523,963,817
23,17,8,868,352,287,237,396
41,15,7,867,632,557,1023,862
41,13,8,867,194,149,0,168
40,16,7,868,577,510,894,761
42,19,8,867,394,332,350,474
22,19,9,868,596,526,945,796
41,16,8,866,361,304,267,408
40,16,8,868,606,549,1000,837
40,16,7,867,177,152,0,168
42,15,11,867,520,495,873,738
18,16,6,869,166,219,74,267
16,16,7,870,424,507,917,767
5,15,11,868,0,327,315,431
2,18,6,870,687,516,592,549
3,17,7,870,918,758,974,899
7,18,10,870,420,418,286,336
4,15,7,870,887,768,1017,938
2,16,6,868,371,429,335,373
4,16,8,867,852,775,1023,951
4,14,6,868,274,375,226,295
2,17,7,870,826,771,1023,962
2,16,7,871,177,314,116,221
3,16,7,868,826,773,1023,977
2,16,6,870,91,245,0,132
4,14,8,867,647,673,1019,851
4,15,7,870,269,363,139,314
2,15,11,867,492,605,890,755
4,15,11,868,285,422,358,469
3,15,11,869,488,605,938,790
2,15,10,869,231,392,282,413
4,15,9,867,600,635,992,838
4,15,6,870,486,477,466,540
4,19,5,867,399,504,669,611
3,14,7,867,771,659,928,882
6,19,6,867,214,365,345,390
4,16,7,869,895,708,1023,960
6,19,8,867,199,322,235,313
4,18,9,868,955,724,1023,971
3,15,7,870,177,286,127,243
3,16,6,870,1007,746,1023,987
3,18,9,867,230,316,172,274
3,18,9,868,1019,754,1023,983
7,17,8,867,250,345,215,303
4,17,9,869,999,757,1023,975
2,15,10,870,178,303,109,229
6,17,6,868,969,755,1023,973
5,19,7,868,187,322,156,263
3,16,8,866,971,766,1023,990
4,15,9,867,95,264,35,179
4,15,10,870,875,748,1023,961
4,18,9,867,94,234,0,118
3,17,9,868,512,551,736,670
5,17,8,868,771,663,888,857
4,15,8,869,251,410,417,452
4,15,10,867,834,712,1021,962
7,17,8,868,248,428,473,492
4,15,10,870,813,699,1014,957
4,16,7,870,323,440,528,528
7,19,5,868,654,669,1003,950
7,17,5,868,189,295,389,436
6,15,8,868,705,560,1020,973
6,16,7,870,253,186,268,354
8,15,7,870,961,590,1023,985
11,17,6,868,491,191,163,274
10,19,8,867,1023,636,1023,979
9,15,10,871,699,403,556,552
11,17,6,867,912,613,884,866
8,16,8,868,721,465,613,589
9,17,6,868,964,687,966,927
9,15,11,871,552,364,298,371
9,16,8,867,999,736,1013,967
10,18,9,870,570,411,345,405
10,18,6,868,985,760,1004,959
10,18,9,867,698,545,590,579
11,18,10,870,889,727,845,827
9,15,7,870,823,670,840,751
8,13,8,867,847,703,742,759
9,17,5,868,649,554,520,525
9,16,7,870,983,822,1008,965
11,16,8,868,573,503,379,432
14,17,5,867,968,825,991,949
9,16,7,867,597,537,441,478
9,16,6,868,994,848,1022,980
10,18,9,867,530,490,307,385
10,16,7,868,975,854,1018,971
5,16,7,868,622,602,551,553
9,17,6,868,947,869,1002,959
8,16,8,867,551,560,411,460
12,16,8,869,918,879,1023,983
10,16,8,868,541,579,469,500
11,15,9,867,838,834,948,923
12,18,7,868,571,594,521,538
11,19,7,868,818,814,919,903
11,16,8,868,593,612,570,570
9,15,6,868,795,794,884,869
11,16,7,867,527,544,435,479
9,14,8,866,866,829,964,935
11,16,7,870,485,490,302,386
11,13,6,867,912,852,1019,977
10,19,6,868,606,594,539,549
8,16,8,868,840,804,904,894
8,17,6,870,537,533,398,457
10,19,8,868,936,862,1023,986
10,17,11,870,568,561,456,495
10,17,8,868,795,750,755,775
8,15,10,869,697,666,696,658
8,15,9,868,756,712,664,712
7,18,8,868,627,610,559,560
10,19,5,868,913,851,999,959
11,17,8,868,559,550,422,472
8,14,6,868,901,839,969,940
9,17,7,867,512,498,296,378
7,15,7,871,971,876,1023,994
6,16,8,867,473,453,185,300
8,17,5,868,1010,893,1023,1005
9,16,8,868,572,548,387,448
10,17,6,868,976,882,1023,987
7,18,6,868,602,578,445,486
7,15,11,870,975,882,1021,988
8,15,10,869,639,607,496,526
8,15,11,871,913,848,932,918
10,19,5,868,671,634,547,555
6,16,7,868,899,837,902,892
8,16,7,871,599,573,405,462
5,15,9,869,988,897,1023,990
7,17,8,868,539,525,281,371
7,19,9,868,1001,911,1023,1000
7,14,7,870,638,626,512,532
7,15,11,867,951,893,1017,979
7,15,11,870,643,646,557,569
10,17,9,868,840,837,892,892
10,19,8,868,638,653,610,603
9,15,7,870,875,806,822,823
9,13,8,867,612,591,473,509
12,16,8,866,927,876,1022,985
11,17,6,867,601,607,523,546
11,17,8,867,867,830,913,907
12,16,7,867,649,633,577,580
14,18,10,870,857,817,882,867
15,19,8,870,779,737,819,748
12,16,8,867,697,651,466,578
11,16,7,868,810,766,879,787
13,16,7,869,649,610,374,530
12,16,8,867,822,788,925,814
12,16,7,868,606,587,322,481
12,18,8,868,819,804,971,847
15,17,5,868,543,551,246,419
14,15,7,870,823,819,1023,885
12,18,10,869,383,396,0,195
11,15,6,866,848,841,1023,921
10,15,7,869,343,377,0,170
35,19,5,868,729,785,940,817
9,17,5,868,740,713,301,452
7,15,10,870,835,869,801,718
8,15,6,868,754,790,493,578
9,17,6,868,518,785,666,628
7,16,8,866,814,933,944,908
5,15,8,868,453,612,338,401
8,15,9,867,892,953,1023,983
8,15,7,870,401,539,222,320
11,19,8,868,915,942,1023,993
11,18,9,867,422,539,261,350
9,15,10,869,877,908,1022,973
8,16,7,866,528,621,489,508
9,18,6,868,869,891,1017,970
9,15,11,867,456,546,346,411
10,15,10,867,855,873,1006,963
8,14,8,866,672,720,773,706
11,17,6,868,767,807,865,844
9,15,8,868,596,650,636,613
9,13,7,866,810,833,957,927
10,16,6,868,432,502,312,388
11,18,9,870,851,847,1014,973
10,19,8,868,547,595,549,555
12,15,10,868,771,790,898,888
10,15,10,870,658,685,784,719
9,15,10,869,482,512,238,412
9,16,6,867,753,776,1023,886
9,16,7,868,449,466,144,345
9,15,9,867,694,714,890,783
11,16,8,866,652,676,665,705
11,17,9,867,616,646,743,686
10,14,8,868,618,633,586,652
11,15,7,870,641,662,792,715
10,13,6,868,587,595,504,591
9,16,6,869,663,676,843,752
10,15,7,869,679,689,738,750
9,15,9,867,581,610,699,651
11,16,6,866,739,751,919,893
12,16,8,867,497,543,557,554
15,17,5,868,707,727,887,870
11,17,6,868,509,551,608,589
14,17,5,867,674,690,818,807
9,16,6,867,530,560,659,623
9,18,9,868,738,728,942,915
8,16,8,868,374,418,329,395
11,13,8,868,834,771,1023,983
9,15,7,867,412,437,375,430
9,15,10,870,841,770,1023,983
8,14,7,867,450,464,426,467
9,15,7,870,846,772,1022,977
11,16,8,867,397,410,295,372
8,16,8,867,836,770,1017,972
9,18,9,868,410,426,333,402
11,17,8,868,853,779,1023,987
9,16,7,870,439,449,381,439
9,17,10,867,863,779,1023,986
9,18,9,867,481,473,436,478
11,15,10,868,869,779,1022,978
9,16,9,868,619,580,674,641
11,17,6,868,796,744,935,915
23,19,8,868,522,519,535,545
23,18,8,867,738,720,907,896
23,18,8,868,458,513,574,575
21,16,8,866,488,624,874,857
677,17,8,868,281,435,622,607
47,15,9,867,323,411,465,571
48,14,8,866,438,511,861,770
48,15,7,869,312,365,384,524
51,18,8,867,483,527,906,794
669,13,7,870,304,338,341,486
669,15,9,867,619,620,1023,957
673,15,8,868,73,116,0,116
667,18,9,868,660,630,1023,963
667,14,10,870,85,114,0,113
664,16,7,870,711,645,1023,991
662,16,7,870,120,158,56,202
663,16,7,868,726,642,1023,988
664,18,9,867,300,323,425,462
663,15,6,870,563,540,795,789
663,15,5,867,476,506,857,761
3,16,8,866,8,259,106,312
4,15,11,870,551,416,522,523
6,16,7,869,593,594,910,883
7,17,8,869,249,327,379,424
4,18,9,868,759,655,1023,974
4,16,8,868,208,275,253,338
6,27,8,867,762,670,1023,981
4,18,7,867,173,229,140,258
4,15,10,871,801,685,1023,995
6,19,8,868,185,252,179,284
4,17,8,868,783,688,1023,990
2,18,7,871,100,193,53,204
4,15,7,870,769,684,1023,989
3,17,5,869,76,152,0,120
4,15,9,871,498,488,754,682
2,18,7,870,625,592,877,852
6,19,6,868,305,346,426,457
5,18,8,867,734,654,1022,966
4,16,7,870,236,285,290,361
1,13,8,868,756,660,1023,983
4,15,7,870,187,235,172,281
4,19,9,869,795,674,1023,991
2,16,8,868,118,181,48,198
3,15,7,871,793,677,1023,992
4,16,8,868,107,149,0,120
7,17,6,869,629,565,932,810
6,15,11,870,513,472,570,634
5,15,7,871,548,512,793,711
4,17,6,871,649,588,815,799
3,17,5,869,390,387,465,487
3,16,7,871,799,683,1014,962
5,17,8,869,326,343,324,387
5,19,5,870,805,702,1023,980
5,15,10,870,235,296,205,305
4,18,7,871,769,695,1023,972
3,20,7,871,220,300,242,332
4,17,8,868,769,694,1023,983
4,22,10,869,144,238,134,253
4,15,7,871,745,673,1023,980
3,18,9,869,152,241,170,282
3,16,8,868,768,680,1023,993
7,17,8,869,88,180,47,197
5,16,6,870,749,667,1023,971
7,17,5,869,129,172,0,160
4,16,7,870,511,483,741,678
4,16,10,872,658,597,888,867
4,15,9,869,442,429,599,578
4,13,8,869,729,645,973,926
4,16,8,869,269,298,281,357
4,15,9,871,772,680,1023,980
6,19,4,868,152,238,161,273
7,19,6,869,808,656,1023,996
10,19,7,868,146,134,28,184
13,17,7,871,899,653,1023,1004
12,18,11,873,436,248,229,324
12,16,8,869,966,640,979,933
13,17,7,871,637,378,446,473
12,16,8,872,955,665,954,917
14,19,5,869,656,433,495,506
11,17,10,871,935,685,929,899
14,18,8,869,781,563,728,667
12,18,8,870,800,592,617,670
13,17,7,871,798,607,774,697
13,15,7,871,766,582,546,617
12,18,8,870,820,650,819,727
14,17,6,872,733,570,467,559
12,16,7,871,840,687,868,758
16,17,6,872,701,553,385,516
14,19,6,870,863,723,912,783
12,16,7,869,668,539,344,477
15,19,6,870,875,749,947,809
17,16,8,869,624,528,283,434
13,24,8,870,1023,993,992,843
4,19,6,870,346,491,0,201
4,19,6,869,599,705,652,602
5,18,11,870,818,910,951,901
4,16,8,870,513,647,504,507
5,16,6,871,840,904,1015,955
4,17,7,871,412,559,353,402
5,16,7,868,858,893,1023,969
7,17,8,868,349,489,227,317
6,16,7,871,877,891,1023,985
6,15,7,870,280,419,110,235
9,17,6,869,892,890,1023,998
6,16,6,868,218,341,0,132
7,19,6,870,821,850,1023,957
9,17,6,868,269,352,0,196
7,19,7,869,525,573,657,608
8,16,7,871,734,749,944,902
4,16,7,868,364,438,322,379
7,17,6,869,843,794,1023,971
6,16,7,870,319,378,201,296
7,16,8,868,882,801,1023,981
6,16,6,870,253,318,82,212
4,14,8,868,879,805,1023,987
7,19,5,869,223,265,0,113
5,13,6,869,725,698,960,821
5,15,10,871,597,576,537,606
8,15,10,869,661,638,816,722
6,18,6,868,577,546,468,551
6,17,6,871,593,571,666,614
7,19,8,867,796,739,937,893
6,15,9,869,413,425,331,384
6,19,4,869,879,785,1023,968
7,19,5,869,356,375,208,299
7,19,5,868,912,799,1023,981
5,14,7,868,301,319,87,216
6,16,8,868,926,805,1023,986
6,16,6,871,272,265,0,115
9,16,8,869,775,697,959,821
5,16,7,870,635,577,532,600
5,15,10,871,591,561,626,589
7,17,8,868,743,693,784,769
4,16,7,872,503,505,481,490
5,15,9,870,865,785,1017,955
5,14,10,869,426,438,329,385
6,16,7,868,866,783,1009,947
4,16,7,871,444,457,367,415
4,15,7,868,885,801,1023,968
6,16,7,870,391,406,243,325
5,15,11,869,922,807,1023,981
5,15,11,871,424,420,276,350
4,15,9,869,904,795,1018,963
7,14,8,868,465,443,310,373
8,16,7,871,955,812,1023,978
7,15,10,871,464,402,192,294
7,17,6,869,1023,825,1023,974
8,16,6,868,647,503,386,430
9,19,4,867,1022,834,1023,970
14,15,10,868,640,513,428,463
11,14,7,871,825,714,809,793
8,16,7,868,508,558,656,616
11,17,6,870,667,717,943,906
15,19,8,868,409,474,511,516
9,18,8,868,680,696,923,890
10,18,9,869,351,403,360,412
10,18,10,871,759,727,997,947
8,16,7,868,493,503,588,572
10,18,9,869,762,720,981,935
10,18,7,870,417,439,443,474
11,17,6,870,752,712,958,921
11,18,9,871,453,460,486,507
9,17,7,872,745,703,934,909
9,16,8,869,384,398,335,400
12,16,8,869,832,752,1023,980
9,16,7,870,393,415,374,429
11,17,6,869,634,735,1023,979
8,15,7,871,596,410,412,459
10,19,5,869,962,732,1023,978
9,15,9,870,573,449,453,488
9,13,8,868,942,755,1018,975
7,19,9,869,501,407,309,384
11,17,6,869,937,782,1023,988
8,14,8,868,485,433,339,410
5,13,7,868,923,789,1023,986
8,16,7,871,418,388,215,322
6,16,8,868,934,810,1023,998
8,17,8,869,347,340,98,241
6,16,8,869,931,821,1023,1003
8,19,5,870,289,285,0,133
7,15,10,870,869,803,1023,965
9,17,6,869,314,303,0,150
7,15,10,870,699,662,820,742
11,17,6,867,608,570,462,561
9,16,9,868,716,679,864,764
6,18,5,869,718,681,715,736
7,17,8,869,541,539,517,525
7,16,7,870,862,800,1008,966
8,14,9,870,459,472,359,419
6,13,8,868,892,815,1023,979
8,15,8,869,406,419,230,328
6,16,8,868,919,825,1023,991
8,15,10,871,346,364,114,244
8,16,7,871,909,825,1023,991
9,16,7,868,366,378,139,266
8,14,8,868,938,840,1023,1005
7,14,10,871,374,395,165,285
7,16,8,871,897,824,1023,990
10,19,8,869,387,407,195,301
7,17,8,868,897,822,1023,986
8,14,8,868,403,420,222,323
8,15,9,868,924,836,1023,992
9,17,6,869,349,367,98,236
8,16,7,872,939,846,1023,1004
8,17,9,870,299,309,0,130
11,17,7,868,888,825,1023,963
9,16,8,868,335,323,0,146
8,14,7,868,721,681,818,735
6,16,5,871,778,733,791,787
10,16,8,868,545,540,479,499
8,15,8,869,844,790,944,909
10,19,5,869,473,477,325,391
7,18,8,868,897,824,1010,962
7,16,7,871,489,490,356,419
6,19,6,868,924,836,1023,981
6,15,7,871,429,435,228,327
6,16,7,871,949,849,1023,995
6,18,9,870,372,386,104,241
7,17,6,869,968,865,1023,1008
6,15,9,869,392,403,136,261
4,16,5,871,969,866,1023,1007
10,13,8,868,403,418,164,284
10,16,8,868,935,850,1023,985
11,19,6,870,538,507,349,412
15,16,8,872,986,850,1006,961
33,16,7,871,601,606,575,568
34,16,8,869,813,787,883,865
35,15,10,872,652,619,614,595
36,16,8,870,695,634,504,594
33,14,7,868,781,718,840,752
33,16,8,869,686,613,442,550
35,18,9,870,806,741,878,773
36,16,8,868,669,594,384,521
37,19,8,869,833,762,914,789
36,18,6,869,650,580,354,494
35,14,7,871,855,777,943,813
38,17,6,869,643,572,306,458
36,15,9,869,875,798,977,838
36,15,9,869,627,557,250,411
33,14,7,869,897,818,1015,861
38,18,9,869,482,421,0,201
34,16,8,868,830,766,868,755
38,17,7,871,700,631,401,517
33,16,7,870,849,783,903,776
34,17,6,871,674,610,369,494
35,15,11,869,861,799,929,792
36,16,8,869,520,466,6,238
33,14,7,869,762,733,774,684
34,14,9,869,639,701,554,610
7,15,11,869,793,842,808,710
5,17,7,872,730,756,503,569
6,15,10,869,689,753,654,599
4,15,7,871,831,853,755,743
5,17,6,870,597,680,504,499
7,18,8,870,921,948,1019,949
7,15,11,870,502,607,346,392
7,17,6,870,915,938,1009,945
8,17,6,869,497,608,380,417
7,18,9,869,923,934,1023,967
5,15,11,871,422,537,246,325
5,15,11,869,902,919,1023,964
6,15,7,871,498,609,454,471
6,15,8,869,878,903,1021,963
8,18,9,871,415,532,301,366
6,15,7,871,892,895,1023,980
9,17,7,870,352,465,179,281
5,14,7,868,924,899,1023,992
7,15,9,870,274,390,36,186
5,15,9,869,909,889,1023,988
5,15,11,869,268,352,0,123
5,15,9,870,818,835,1023,928
6,15,5,870,385,438,35,260
7,17,8,869,632,679,748,672
7,17,6,869,756,785,893,863
7,17,6,869,438,517,404,442
5,17,6,870,859,833,1023,966
7,18,9,870,380,452,267,340
9,17,8,870,890,841,1023,979
8,15,7,870,316,390,142,254
6,16,8,869,906,845,1023,994
6,15,10,869,229,315,0,152
7,18,8,870,875,834,1023,983
8,16,7,871,243,306,0,128
5,15,11,871,682,686,871,761
7,17,8,870,529,541,388,511
7,16,8,869,600,617,709,645
4,16,8,868,762,754,918,881
6,16,7,871,411,463,364,412
7,16,8,869,858,803,1023,969
9,16,8,868,360,406,235,318
7,14,6,869,902,814,1023,981
8,15,7,871,308,348,106,230
7,15,7,871,921,824,1023,997
7,18,6,870,242,288,0,124
7,18,8,869,848,799,1023,952
12,14,7,871,325,333,0,206
14,16,7,871,706,626,821,726
16,17,7,869,471,504,459,544
17,17,5,870,537,599,863,748
14,15,10,869,434,456,395,506
15,19,8,869,686,689,1023,904
15,18,6,869,223,235,0,152
15,15,10,869,636,621,926,783
14,16,8,871,312,301,1,232
16,14,9,868,576,562,769,674
14,16,9,870,555,536,555,607
16,15,7,870,600,581,801,697
14,14,8,868,543,516,500,564
15,15,9,869,628,599,839,720
16,15,7,871,532,496,447,523
15,15,7,870,655,618,872,743
16,16,7,871,518,475,387,496
14,16,7,871,683,640,904,761
17,16,7,871,500,460,355,470
19,19,6,870,708,656,932,781
16,15,10,871,491,448,309,430
15,14,10,871,829,756,1023,931
17,16,6,870,256,240,0,89
16,16,5,869,756,694,1010,836
17,13,7,869,341,294,0,172
16,14,10,869,692,635,856,731
15,18,9,869,451,389,123,292
13,15,11,870,810,738,1023,887
