74,23,890,16,4,363,1023,981
75,24,885,16,4,0,0,84
73,23,886,17,3,162,518,516
74,27,885,18,2,336,995,922
75,27,883,16,2,47,210,287
74,27,865,15,3,504,1023,985
74,23,876,17,0,0,0,85
73,31,879,16,3,238,520,516
72,26,885,19,0,450,999,927
73,30,889,17,1,91,207,292
73,20,885,19,0,529,1023,986
73,20,884,19,0,28,0,91
74,23,885,17,0,430,699,648
73,22,883,16,1,588,908,855
75,21,881,16,1,255,361,406
73,19,877,16,2,529,1023,953
75,17,873,17,2,101,224,303
72,16,869,16,2,485,1023,965
74,16,868,15,0,46,101,218
74,18,869,17,0,521,1023,980
73,14,872,17,0,0,0,94
37,24,878,15,3,179,386,424
38,25,879,15,0,497,1022,951
35,27,885,17,2,109,246,321
31,965,903,16,0,515,1023,967
32,966,906,17,0,140,271,338
31,60,910,17,3,466,1016,951
72,56,918,15,3,159,289,359
74,19,913,17,2,0,1023,975
75,10,907,15,3,130,0,109
74,13,907,16,2,657,995,875
77,11,888,17,0,476,449,524
74,9,898,16,1,518,651,621
75,16,889,16,2,677,1018,951
74,12,887,16,2,354,311,377
74,14,887,21,1,625,1023,965
73,10,883,15,3,157,187,285
74,10,875,19,0,528,1023,977
77,23,874,17,3,43,59,192
73,20,876,16,4,585,1023,964
74,15,879,17,2,36,0,147
76,25,880,19,0,321,526,528
74,964,877,15,1,577,999,927
74,44,896,17,0,411,378,423
21,968,911,16,2,668,1023,963
27,60,917,15,5,278,406,448
30,45,916,19,0,538,1023,962
23,51,919,17,3,117,260,343
24,42,916,16,2,474,1023,976
32,48,912,17,0,55,138,253
44,38,906,15,2,580,1023,999
56,46,901,19,1,130,0,103
75,44,902,15,3,669,989,866
75,47,900,15,3,577,457,518
75,11,898,17,0,646,654,619
76,11,882,17,0,736,940,882
77,12,887,15,2,381,316,373
74,15,887,16,2,658,1023,962
75,9,886,14,1,175,192,281
75,10,884,16,3,612,1023,989
73,11,882,19,1,109,0,88
74,15,882,16,0,502,868,774
74,14,882,17,0,358,641,655
74,18,876,19,1,222,529,527
75,19,876,19,0,458,993,923
45,45,873,19,0,104,220,303
36,18,869,18,3,515,1023,970
34,14,871,16,2,39,101,212
35,17,875,17,2,516,1023,984
22,20,868,17,2,0,0,100
23,21,877,17,2,255,568,559
27,20,876,16,2,486,977,909
24,24,872,18,1,107,248,327
25,26,872,17,0,469,1023,968
34,40,870,15,4,55,130,241
34,23,870,17,0,512,1023,988
30,22,861,17,0,1,0,96
33,20,860,16,2,245,433,460
26,19,848,15,3,546,1017,948
21,24,837,15,3,280,285,346
21,24,824,18,1,704,1023,961
23,27,829,16,2,319,169,260
21,24,825,15,5,706,1023,977
53,23,847,17,2,164,33,168
33,16,876,15,4,592,1023,980
34,27,891,17,4,21,0,106
33,18,895,17,2,322,680,643
76,21,891,19,2,467,915,865
75,25,885,15,4,171,345,403
75,18,893,16,0,446,1023,959
74,18,891,16,1,128,221,309
74,23,888,17,0,568,1023,978
73,12,882,19,1,157,106,226
74,33,882,16,0,742,1023,996
76,19,878,16,2,236,0,123
75,15,876,17,2,766,1023,953
74,17,861,17,0,232,0,200
74,16,845,15,3,448,602,583
73,9,831,17,4,575,955,888
35,8,813,15,3,61,136,237
27,17,808,16,4,529,1023,965
33,14,822,16,2,39,0,110
35,19,821,17,3,431,621,589
34,19,823,17,0,499,945,879
23,20,826,17,3,254,296,350
23,20,845,17,4,744,1023,959
23,17,874,17,1,288,175,267
29,12,872,18,1,770,1023,975
39,15,878,16,2,407,49,174
39,15,875,15,3,867,1023,975
40,12,874,15,3,384,0,99
22,13,876,19,0,739,704,645
26,14,891,14,2,855,913,854
23,12,901,15,1,542,370,407
33,14,910,15,5,770,1023,955
35,17,909,17,3,295,235,311
35,16,913,15,3,503,1023,969
38,17,907,15,5,36,111,230
40,18,903,16,4,487,1023,985
36,17,898,17,0,0,0,98
36,17,892,19,0,240,409,444
78,34,889,16,2,543,1020,951
75,36,892,16,2,163,269,338
73,15,879,16,2,484,1023,964
75,18,881,16,2,67,153,253
74,20,889,17,0,596,1023,991
75,24,884,16,2,40,0,93
74,12,876,17,0,464,643,614
75,22,875,18,2,691,943,882
73,50,881,15,2,283,314,368
77,13,883,17,3,649,1023,958
74,13,878,17,0,205,195,281
74,12,874,16,2,499,1023,974
74,12,886,19,0,27,67,194
74,15,879,16,3,552,1023,958
74,24,882,17,3,22,0,131
74,28,889,16,2,349,544,533
75,27,876,15,5,660,991,915
76,23,873,16,2,358,236,307
74,28,867,18,0,877,1023,963
74,46,876,16,2,420,123,224
32,50,893,18,0,943,1023,990
26,61,900,19,0,313,0,123
22,62,901,17,3,943,1023,947
34,58,906,16,2,286,0,180
32,46,909,19,0,649,639,599
59,959,903,16,1,758,950,876
34,959,901,15,1,313,487,485
24,40,892,19,0,448,928,853
34,43,897,17,3,180,335,359
27,49,903,15,3,621,1023,931
33,38,905,15,5,320,215,268
19,41,901,17,1,818,1023,948
22,39,899,19,0,423,98,188
27,40,17,15,2,909,1023,949
30,38,17,18,1,529,0,109
24,39,16,18,3,667,580,525
21,36,16,18,0,726,1023,926
31,39,17,17,2,180,109,188
38,43,16,16,2,336,1023,943
32,18,15,17,2,0,0,102
34,19,916,17,3,107,239,293
23,20,908,16,2,421,1023,941
22,21,909,18,2,42,120,204
20,22,908,19,2,459,1023,956
24,18,907,16,2,0,0,67
26,17,908,17,1,177,423,421
23,15,911,19,0,399,1016,918
22,16,909,18,2,112,278,310
22,15,913,16,1,495,1023,931
23,12,912,15,2,209,165,226
23,14,912,17,3,559,1023,943
22,16,907,19,0,144,34,136
22,14,908,16,2,479,1023,940
22,50,906,16,2,0,0,64
25,27,890,16,2,97,325,344
31,23,873,18,0,408,1023,939
38,22,856,19,0,8,55,152
30,23,858,19,1,414,1023,872
32,14,845,19,0,0,63,219
20,15,842,17,2,155,347,359
20,20,839,15,3,174,1019,936
23,31,835,16,2,111,225,290
21,14,822,16,2,598,1023,952
21,9,809,17,2,85,114,211
22,11,817,17,0,813,1023,951
20,15,842,17,0,168,0,111
22,14,847,17,0,474,778,688
24,12,847,14,2,462,802,744
24,15,855,22,1,217,450,451
24,12,857,23,3,561,1014,928
24,12,864,22,3,293,304,346
24,15,877,24,0,662,1023,947
34,18,894,16,2,220,191,266
29,21,897,17,2,566,1023,964
32,72,898,19,3,66,63,187
28,30,908,15,5,524,1023,953
21,19,891,17,1,0,0,132
18,23,891,16,1,158,361,394
20,16,888,15,3,499,1023,943
22,17,888,17,3,101,236,303
20,54,886,16,0,558,1023,956
20,12,885,19,0,61,119,224
24,16,886,15,1,501,1023,973
25,16,887,17,1,66,0,85
28,19,887,17,2,329,605,573
19,12,887,14,2,451,958,882
19,11,867,15,4,99,278,335
24,10,853,18,2,419,1023,970
28,14,859,18,1,0,3,133
24,9,854,15,2,313,813,718
27,9,851,18,1,372,940,867
27,13,848,17,3,60,158,244
24,14,849,16,2,503,1023,972
24,14,846,15,4,0,0,78
25,13,847,15,2,224,476,474
21,16,848,15,3,681,1013,927
22,12,845,19,0,425,332,371
24,11,846,20,2,643,1023,945
25,13,846,15,3,225,213,283
25,13,844,17,3,703,1023,957
25,13,847,16,2,295,101,204
21,12,858,16,2,720,1023,977
22,12,872,17,4,147,0,104
24,12,876,19,0,603,1023,938
22,26,889,16,1,75,0,178
25,25,904,16,2,173,440,453
21,23,894,19,1,420,1013,936
23,31,891,17,1,133,297,347
22,23,894,19,0,581,1023,950
23,34,894,16,1,74,186,264
20,18,895,19,0,474,1023,977
23,11,894,15,3,0,0,78
21,12,896,19,0,328,510,501
22,10,894,16,2,548,1006,921
20,8,890,15,1,210,360,398
23,11,892,15,3,526,1023,960
24,14,895,19,1,100,92,200
23,17,889,18,2,525,1023,969
22,16,892,19,0,0,0,85
21,9,891,15,3,161,395,419
23,9,876,16,2,434,1023,953
21,11,866,16,1,0,0,93
23,11,856,17,4,253,570,545
23,11,853,19,3,487,971,890
26,15,851,17,2,135,262,320
23,13,848,16,2,593,1023,951
23,15,844,20,1,204,157,242
22,13,851,17,2,910,1023,974
20,12,858,19,1,298,31,160
20,12,863,18,2,794,1023,967
21,10,866,17,2,247,0,96
34,15,862,16,3,517,705,642
22,13,858,19,0,612,906,843
27,12,865,17,5,357,380,411
23,17,863,17,0,754,1023,947
20,13,868,16,1,390,261,320
21,16,871,15,3,783,1023,960
22,14,880,19,1,336,148,239
23,15,896,17,1,671,1023,976
23,13,920,16,2,166,18,147
21,15,917,17,1,666,1023,963
22,10,914,15,3,293,0,93
22,12,910,15,3,541,692,626
22,12,912,18,3,611,911,843
25,12,911,17,3,369,368,397
25,15,911,17,2,578,1023,941
23,14,912,17,0,243,249,310
24,12,912,17,2,494,1023,958
23,12,908,15,3,92,133,228
23,13,909,16,2,358,1023,975
24,13,910,17,0,46,0,81
22,23,907,18,3,408,636,593
31,22,918,17,0,373,936,870
24,26,912,19,0,140,313,364
22,23,909,19,1,530,1023,955
22,28,914,19,0,110,200,284
22,83,911,16,2,556,1023,969
21,963,904,17,2,43,88,209
21,958,904,19,1,577,1023,980
22,968,899,18,3,0,0,112
21,991,904,16,0,468,941,829
21,39,900,17,2,210,234,364
22,25,892,17,0,442,808,733
23,33,894,16,2,436,734,714
26,17,897,18,1,346,493,499
22,19,902,17,2,631,1008,935
24,12,914,15,4,358,355,392
26,13,898,18,1,818,1023,944
23,13,897,16,3,581,245,304
24,13,896,15,2,880,1023,958
24,14,898,16,2,507,139,226
23,14,898,16,2,824,1023,978
22,13,895,19,0,383,6,137
22,12,895,15,4,751,1023,943
21,18,893,15,3,332,0,152
23,20,894,17,0,513,675,622
21,20,887,17,4,519,917,853
25,25,877,17,2,279,350,392
16,11,848,19,1,469,1023,946
20,12,851,18,1,96,232,310
15,15,844,17,1,517,1023,982
19,13,841,17,4,0,0,108
17,13,839,17,4,381,756,691
15,12,842,16,2,451,826,770
18,13,834,16,2,301,446,464
23,11,837,16,1,796,1022,942
21,10,837,15,3,358,309,361
20,9,842,18,1,757,1023,957
15,13,846,16,2,226,47,170
16,10,852,15,2,816,1023,973
28,15,863,16,3,330,0,99
22,14,871,16,2,654,720,656
27,12,894,17,2,811,901,832
24,10,903,15,3,307,397,424
24,13,896,19,1,712,1023,946
21,14,906,17,0,483,276,328
20,12,899,19,2,843,1023,956
20,12,894,19,1,494,166,254
21,12,894,18,1,813,1023,971
20,13,894,19,0,397,43,168
20,14,893,17,2,748,1023,970
23,12,896,15,5,267,0,97
22,15,897,17,1,440,717,651
21,12,891,15,2,372,892,831
20,11,876,16,2,158,386,425
21,11,866,18,2,464,1022,945
24,11,867,16,2,203,270,332
25,11,840,17,2,554,1023,963
21,12,829,19,1,70,157,257
17,12,830,17,2,556,1023,987
23,13,835,16,1,10,0,88
18,11,834,18,3,336,662,626
18,16,830,19,0,545,922,866
18,15,841,15,3,362,344,395
17,15,841,18,1,572,1023,958
19,15,842,15,3,121,224,305
17,13,838,15,3,494,1023,967
16,14,841,16,1,60,120,228
17,12,843,17,3,530,1023,980
17,12,850,16,2,79,0,93
21,13,857,16,1,423,615,586
22,12,862,16,1,583,953,883
21,12,875,17,0,93,295,353
22,13,885,18,0,472,1023,978
26,14,883,16,1,0,25,160
25,12,892,19,0,342,1023,885
25,12,905,17,2,78,101,266
22,13,900,20,2,298,699,641
22,12,905,18,2,376,902,843
25,10,899,19,0,127,375,409
23,15,896,19,0,383,1020,946
25,10,896,18,1,86,252,320
22,12,896,19,0,393,1023,981
23,15,895,15,3,0,0,123
23,11,899,17,2,362,782,717
22,13,893,16,2,351,777,748
22,14,896,16,2,204,466,488
24,10,889,18,3,475,1008,944
21,12,875,17,3,145,323,381
20,16,863,18,2,502,1023,957
22,13,858,16,1,127,208,296
22,15,849,18,3,641,1023,968
22,12,845,17,0,110,103,218
22,10,849,17,1,982,1023,989
16,10,831,18,3,372,0,124
20,10,831,19,0,918,1023,949
19,13,831,18,2,199,0,173
17,14,845,19,2,407,645,604
24,20,861,16,1,764,939,869
24,13,855,19,3,552,334,374
22,15,852,20,2,916,1023,952
20,13,853,18,3,36,216,299
24,12,858,19,2,373,1023,991
20,15,863,23,2,0,0,103
22,17,864,18,1,289,733,680
34,16,877,16,2,322,869,812
22,14,888,19,0,136,415,453
20,22,887,15,1,336,1012,949
24,24,891,18,2,192,286,352
28,26,888,15,1,390,1023,967
32,23,887,17,3,86,175,277
31,35,895,18,0,820,1023,999
24,28,884,17,1,196,0,105
22,34,876,19,0,751,1023,927
21,46,884,18,1,240,57,256
25,15,886,16,2,474,728,687
25,11,883,17,3,500,870,823
33,15,886,19,0,239,416,469
28,13,880,18,5,658,1020,965
24,13,877,19,0,194,283,372
26,8,877,20,3,624,1023,980
26,9,881,18,3,40,20,187
27,11,881,19,2,625,1011,907
24,21,887,18,2,250,117,292
25,21,889,19,2,677,874,794
25,18,883,21,1,680,615,640
25,20,884,18,2,691,567,568
24,19,881,19,1,886,981,919
25,16,872,18,1,482,262,341
28,21,848,19,0,835,1023,965
26,19,836,18,3,343,159,254
15,21,833,19,1,684,1023,976
28,13,843,18,2,176,36,169
26,34,834,19,2,735,1023,973
20,12,821,19,2,59,0,101
32,11,824,21,0,552,712,653
28,11,839,18,5,778,901,837
43,11,837,20,3,613,398,426
30,10,835,19,2,983,1023,942
22,10,838,21,2,569,277,328
29,11,850,18,3,963,1023,954
30,12,861,16,0,97,161,248
18,21,868,16,3,530,1023,977
16,22,893,17,2,0,0,80
22,22,919,19,2,309,496,488
18,12,918,16,1,514,1010,922
14,14,916,21,0,317,359,390
16,15,907,15,5,600,1023,942
24,13,901,18,0,85,240,306
21,20,901,19,0,405,1023,974
14,20,911,18,3,0,0,107
15,20,910,23,0,259,780,690
17,17,903,18,1,393,790,736
15,23,901,16,1,299,472,468
15,19,898,16,2,529,1015,928
15,19,895,18,1,275,331,369
18,19,893,18,3,526,1023,946
18,19,888,17,2,207,220,287
16,19,888,19,0,498,1023,957
22,19,889,17,3,238,112,215
16,19,891,16,2,538,1023,975
16,24,888,17,1,0,0,120
16,14,834,16,2,453,780,707
20,12,856,18,5,442,772,731
19,10,864,18,2,253,478,483
15,12,860,16,1,518,1011,933
22,16,852,21,0,166,339,388
18,14,858,19,0,607,1023,951
22,12,863,16,1,216,230,309
21,8,865,15,1,808,1023,962
15,11,858,20,2,194,0,108
20,12,858,19,2,576,1023,937
23,15,859,20,2,88,0,179
22,14,860,22,1,348,461,464
17,12,862,22,2,708,1021,931
18,17,865,21,3,417,326,368
18,16,861,21,3,718,1023,948
20,22,867,16,1,239,217,290
19,37,897,18,3,533,1023,962
15,20,914,24,2,40,109,220
15,19,910,16,2,451,1023,978
17,18,902,19,0,0,0,91
19,19,905,17,3,200,440,452
17,19,897,16,1,447,1016,938
14,17,897,17,5,128,303,360
20,14,872,22,0,547,1023,953
20,18,854,22,5,158,200,280
22,23,854,19,0,572,1023,962
23,27,845,15,5,102,94,206
24,19,850,19,0,546,1023,975
17,19,890,23,1,0,0,90
15,23,922,17,0,178,420,443
19,17,893,17,4,535,1017,936
12,29,889,18,2,144,291,345
14,28,883,18,0,479,1023,953
22,14,870,17,1,100,182,270
22,7,861,17,0,498,1023,962
22,18,852,19,0,45,0,85
23,15,849,16,3,506,707,644
21,12,843,19,0,580,901,839
23,24,855,23,1,318,392,420
18,16,892,21,0,617,1023,945
14,19,912,22,1,252,273,336
12,20,900,21,2,641,1023,959
17,26,900,19,0,94,164,257
19,13,891,26,0,599,1023,982
20,10,874,20,2,0,0,88
21,11,854,19,1,212,496,494
23,11,856,20,2,511,1007,923
22,13,840,20,3,260,364,403
23,12,834,17,3,595,1023,945
23,11,821,18,0,127,251,320
24,12,836,15,0,519,1023,959
18,12,882,20,2,95,150,253
13,13,911,20,1,621,1023,988
14,14,909,18,2,50,0,92
14,20,896,21,1,402,667,619
15,13,885,25,1,492,925,863
22,10,844,22,3,152,338,390
23,10,836,19,0,483,1023,947
22,10,838,16,2,159,232,308
22,17,824,17,0,685,1023,963
21,23,819,17,2,65,130,231
21,22,812,19,3,616,1023,977
21,22,854,24,3,0,0,91
14,84,942,20,2,265,468,485
17,80,921,23,0,613,1016,947
21,12,891,24,1,321,326,380
16,7,837,23,0,567,1023,958
22,10,807,21,1,20,63,188
17,10,817,27,1,593,1023,953
22,19,848,17,3,184,0,130
14,32,942,24,0,460,767,686
16,32,921,18,4,543,836,784
13,8,888,19,0,308,445,461
21,9,773,19,1,574,1023,956
15,14,818,16,3,0,0,134
12,22,828,23,1,512,816,728
17,37,882,20,5,539,727,700
15,91,926,20,2,528,514,514
19,41,901,26,0,756,1007,929
19,11,885,24,2,484,377,417
24,14,828,20,1,739,1023,950
16,16,854,19,0,299,262,324
15,26,851,20,0,891,1023,959
16,22,907,29,1,256,159,256
16,29,18,21,2,718,1023,980
16,27,18,23,0,80,0,89
15,28,904,21,0,621,497,503
20,17,861,20,1,828,1015,940
14,19,843,20,2,253,359,397
14,20,850,18,2,699,1023,946
13,20,852,17,2,552,260,319
17,21,921,19,0,710,1023,968
16,20,932,15,3,64,144,255
15,27,905,24,2,642,1023,984
15,9,896,18,2,60,0,97
17,10,854,16,0,294,476,490
16,17,857,19,0,580,1009,931
19,16,864,17,2,254,351,387
16,18,871,19,0,667,1023,950
14,15,898,16,2,386,243,311
17,16,918,19,3,811,1023,960
18,15,910,17,2,436,143,239
23,39,909,16,2,775,1023,975
21,13,906,18,2,382,25,156
20,15,904,16,2,737,1023,974
20,15,903,17,2,317,0,100
16,16,900,15,3,603,897,776
13,15,901,19,0,496,588,604
14,16,895,19,1,427,588,556
15,17,899,16,0,544,966,888
13,15,898,19,0,239,284,337
14,16,896,15,3,468,1023,952
15,66,895,16,2,63,182,267
13,11,857,19,0,586,1023,985
16,16,830,19,0,0,0,88
15,14,840,17,2,232,531,521
16,13,838,16,2,531,995,914
17,14,820,17,2,115,236,311
16,10,819,18,5,778,1023,961
17,9,827,17,2,211,137,241
12,12,827,16,2,644,1023,980
13,13,831,16,1,108,0,91
14,12,835,17,0,647,846,746
16,13,839,15,3,769,696,679
13,12,846,15,3,532,529,515
14,13,859,18,1,215,994,917
17,13,879,18,1,79,230,303
12,12,873,18,3,476,1023,979
14,11,879,19,1,0,0,110
15,21,898,16,2,364,778,697
15,23,901,17,3,373,790,745
16,19,894,15,5,165,470,476
13,12,895,17,3,417,1014,933
16,19,889,18,1,99,338,384
15,22,893,16,2,359,1023,967
12,21,892,17,2,50,87,207
12,18,887,18,1,377,1023,957
18,21,884,19,0,0,0,126
14,26,906,17,2,200,415,446
14,20,902,19,3,553,1019,945
14,24,894,19,1,243,294,357
12,19,894,19,0,578,1023,961
16,18,891,19,1,169,193,286
15,23,898,17,2,623,1023,974
15,23,893,18,0,163,92,214
15,21,895,19,0,590,1023,982
17,23,894,18,1,111,0,98
15,26,894,16,2,520,788,711
14,24,896,19,3,545,779,739
14,23,896,19,1,418,480,485
15,25,899,18,2,603,1015,933
19,24,897,19,5,338,347,390
17,23,899,16,2,584,1023,954
17,25,901,18,2,270,242,312
13,20,902,18,3,543,1023,966
16,23,900,17,2,149,139,236
16,24,897,19,3,384,1023,980
14,16,857,17,1,2,16,158
21,16,835,18,1,435,1017,882
22,12,834,17,2,45,98,271
18,19,823,18,0,245,525,522
18,15,821,18,2,523,998,919
17,12,816,21,0,119,235,314
19,15,825,18,2,560,1023,966
19,13,831,15,3,119,136,241
17,14,829,17,0,903,1023,982
17,12,835,18,1,304,24,160
19,17,832,18,0,796,1023,973
17,21,839,18,2,178,0,107
19,19,846,17,0,620,896,783
18,19,856,19,1,498,592,611
18,19,878,16,0,458,591,559
18,20,878,19,0,604,969,894
18,23,888,19,1,200,281,339
14,23,888,19,0,533,1023,953
12,19,886,19,3,239,181,263
17,19,883,18,0,583,1023,966
12,20,886,18,2,198,75,189
15,17,886,15,5,544,1023,974
12,22,887,18,0,75,0,92
13,19,887,18,1,243,575,549
16,14,879,21,1,415,969,894
17,22,896,19,1,81,273,338
12,12,890,22,1,484,1023,980
14,12,862,19,1,0,7,155
18,11,835,18,3,393,823,741
16,12,840,17,3,356,695,682
16,8,830,16,1,261,519,517
13,12,816,19,1,624,1023,954
16,14,812,19,1,500,237,311
12,12,812,20,1,940,1023,968
14,11,821,19,0,310,137,241
19,13,859,18,2,842,1023,987
15,17,889,20,2,67,14,166
13,11,883,19,1,643,1023,960
19,17,879,19,0,103,0,154
16,32,866,22,0,527,707,654
15,11,863,18,2,714,904,846
16,9,849,19,2,423,396,439
20,7,831,18,2,744,1023,966
17,9,816,21,0,118,0,110
13,8,808,21,1,508,953,830
17,10,806,18,5,383,787,742
17,19,821,18,1,409,473,480
17,14,840,17,2,841,1017,940
15,30,846,16,2,347,341,391
16,18,864,18,3,717,1023,954
19,25,891,19,1,191,238,321
14,21,883,20,2,677,1023,968
12,16,869,18,2,139,139,248
14,14,867,18,2,631,1023,988
12,9,861,16,1,47,19,175
16,7,822,20,2,489,1023,887
19,9,803,18,2,191,382,479
17,7,803,15,3,264,527,522
19,9,801,18,1,609,1023,954
19,11,804,18,0,57,90,207
17,9,807,17,2,598,1023,959
13,10,810,17,2,38,0,202
15,11,885,19,2,221,420,447
12,10,904,16,1,562,1019,955
15,14,885,21,0,146,289,352
16,10,876,17,2,516,1023,958
17,11,863,18,0,101,190,281
14,8,861,19,0,480,1023,974
17,8,828,20,5,0,0,90
18,10,823,20,0,151,352,390
13,10,830,19,0,547,1023,946
13,9,822,19,1,118,243,312
13,13,826,17,1,632,1023,980
14,13,831,16,4,58,0,123
17,19,836,18,1,507,982,840
15,27,852,17,3,347,447,507
18,27,864,15,3,376,668,616
13,70,877,18,1,446,921,854
14,27,893,18,0,158,357,394
14,22,891,18,2,420,1023,944
13,23,887,15,3,142,246,310
12,22,884,18,3,416,1023,955
16,27,882,15,3,39,141,239
15,27,885,16,2,358,1023,975
12,24,870,17,0,146,0,92
17,19,893,18,2,497,848,751
16,13,898,16,2,383,667,664
13,11,898,19,0,288,536,532
15,12,898,16,2,493,992,917
12,11,896,19,0,108,244,322
17,13,896,18,2,511,1023,966
13,8,882,18,0,50,141,249
19,9,853,17,2,450,1023,967
17,9,838,16,3,0,0,164
17,10,838,19,0,60,156,243
19,11,839,17,3,541,1023,974
18,12,831,19,1,8,0,79
17,11,839,16,1,354,497,490
16,10,836,15,3,676,1009,921
15,14,843,18,1,253,367,398
18,13,842,19,0,531,1023,941
14,35,887,18,1,147,254,320
16,22,910,15,3,555,1023,958
12,12,901,18,5,81,152,252
13,16,901,19,1,575,1023,984
13,10,895,19,3,0,0,90
14,12,899,18,1,275,495,497
15,9,896,18,1,481,1010,930
13,8,884,17,2,86,207,289
22,16,851,18,2,476,1023,971
20,10,844,16,2,0,0,93
15,14,835,16,1,158,375,409
19,11,835,15,3,541,1023,939
19,11,827,18,2,237,265,323
19,14,832,19,1,733,1023,955
13,10,834,17,1,230,164,252
15,12,867,16,2,689,1023,975
14,9,887,20,1,169,55,188
19,19,895,19,3,657,1023,961
13,11,897,20,2,42,0,138
13,12,887,19,3,299,561,542
13,12,888,18,3,465,978,902
13,16,878,17,2,115,265,329
16,14,870,18,1,464,1023,960
15,11,848,17,0,63,161,253
17,13,847,16,2,475,1023,977
17,9,855,18,1,0,0,80
16,12,854,17,4,193,325,367
17,19,854,16,2,687,1023,947
17,13,853,16,2,310,227,293
16,17,865,19,0,712,1023,964
15,15,887,16,1,203,128,231
15,20,890,16,3,561,1023,980
15,14,891,16,2,0,0,143
16,11,891,19,0,324,828,736
14,12,887,17,2,329,705,691
14,15,881,16,2,234,514,513
16,9,852,16,2,474,1003,923
17,9,837,17,2,87,224,298
15,14,839,16,2,487,1023,974
17,9,829,19,3,32,0,92
18,12,834,17,2,281,407,427
18,18,835,16,1,894,1023,941
17,25,855,18,2,538,293,341
15,27,872,16,1,612,1023,957
17,24,880,19,0,163,180,269
14,20,899,17,2,451,1023,967
19,19,901,17,0,103,72,190
19,21,898,17,0,442,1023,972
18,19,895,15,4,47,0,88
18,19,893,17,0,242,581,552
18,19,894,19,0,370,963,890
19,26,896,16,2,111,280,334
16,20,896,17,2,359,1023,949
17,20,896,16,2,55,178,259
15,20,11,867,467,446,0,176
15,20,11,869,896,849,1016,820
16,20,9,870,384,385,0,92
17,21,8,868,831,791,884,726
14,20,10,869,656,619,374,461
14,22,10,869,955,895,1023,895
14,23,9,867,369,379,0,75
17,23,7,868,878,832,982,792
14,21,11,868,596,567,232,356
16,20,10,870,1003,923,1023,926
14,22,8,867,380,403,44,152
16,21,10,867,1023,936,1023,959
14,20,11,869,564,575,422,412
17,20,9,868,855,824,823,767
15,20,11,868,705,678,661,578
17,19,8,867,673,624,409,483
16,20,9,866,842,776,907,741
17,23,8,868,632,570,346,447
16,22,9,868,862,782,955,778
15,23,11,867,607,508,272,388
15,23,9,868,994,876,1023,923
15,21,8,867,381,88,0,92
13,23,10,869,721,528,679,590
13,24,10,871,660,378,371,471
18,25,10,868,949,768,1023,898
16,68,8,869,371,212,0,81
17,26,10,868,875,891,964,789
15,26,12,868,461,340,0,176
16,65,17,871,900,1023,1023,830
16,46,17,870,360,237,0,70
16,31,17,871,1013,1023,1023,931
16,30,13,871,478,406,239,289
17,20,8,875,941,798,978,891
15,17,11,870,582,322,462,447
14,19,8,870,818,865,747,713
16,22,9,868,728,746,709,609
16,14,7,871,773,774,651,653
16,12,9,871,756,749,758,647
16,18,7,870,736,631,562,588
17,28,10,874,794,486,796,683
24,39,14,875,579,296,193,328
16,34,14,872,1009,1023,1023,931
16,39,12,871,475,370,227,281
14,32,16,870,949,979,984,895
16,42,16,871,699,693,644,572
14,18,8,886,679,672,437,501
15,19,8,872,828,1023,901,737
16,12,8,870,517,427,52,239
16,16,7,874,859,886,939,764
13,16,8,870,619,632,295,402
16,17,11,877,885,890,996,803
14,21,7,873,449,527,0,152
13,16,10,872,822,944,867,711
15,19,9,873,543,584,102,260
16,19,8,873,950,1022,1023,880
14,18,8,872,374,457,0,70
17,19,9,872,875,942,968,781
15,19,10,872,607,662,257,370
14,18,9,875,999,1023,1023,919
15,19,8,873,360,429,0,64
16,22,8,874,932,963,1023,866
12,20,9,872,419,433,0,120
18,23,8,872,861,867,942,761
16,22,9,871,620,585,298,405
17,21,8,872,881,754,991,801
15,35,8,872,586,366,206,338
15,36,7,873,908,853,1023,843
13,130,9,872,426,259,0,135
17,13,8,871,945,820,1023,885
15,9,10,874,409,422,0,112
15,10,11,875,866,794,952,783
17,27,8,873,456,466,0,176
15,53,13,876,792,924,822,689
13,39,14,878,575,506,172,304
17,32,9,876,1005,1000,1023,922
13,16,8,874,397,141,82,171
16,20,9,873,1023,1023,1023,957
15,16,8,873,594,765,473,438
19,9,8,872,925,971,952,861
19,9,8,872,522,573,332,345
17,8,8,870,1006,995,1023,934
13,12,11,871,545,385,377,380
17,18,9,876,873,686,882,810
16,10,10,877,682,399,613,550
16,22,9,877,698,715,476,525
16,54,10,879,817,923,866,720
13,30,10,876,531,321,91,262
12,15,12,874,947,901,1023,891
16,12,7,877,365,181,0,76
18,15,6,871,877,1023,984,794
13,12,8,874,461,367,0,168
12,14,9,873,813,714,848,697
11,14,7,872,683,667,419,482
13,14,10,872,838,772,906,729
12,17,8,875,515,120,31,221
16,17,10,875,865,536,932,759
16,12,9,878,473,268,0,180
17,18,14,881,790,793,807,668
14,31,13,880,580,502,203,321
17,28,11,875,1007,1023,1023,913
16,12,9,873,466,371,223,263
13,12,9,873,990,871,1023,920
13,12,9,871,580,802,451,422
13,15,10,872,935,991,960,871
12,19,8,871,723,792,689,590
12,16,7,873,797,809,690,664
12,16,7,874,749,618,734,622
23,17,10,872,757,285,591,605
24,16,7,875,876,577,963,788
20,19,11,875,594,218,240,355
15,34,10,872,1004,1017,1023,923
14,31,14,875,464,376,205,262
14,31,12,874,957,977,997,906
14,30,10,874,677,618,611,549
17,17,8,872,704,631,491,533
15,15,12,873,814,807,862,717
15,15,11,872,546,496,107,266
16,34,11,875,1017,925,1023,930
15,42,11,873,416,584,119,192
14,30,11,873,985,1022,1023,923
17,28,9,871,820,926,884,725
14,36,9,875,653,734,375,469
16,31,11,873,853,936,932,755
15,39,8,873,486,572,0,197
16,43,8,874,786,869,797,663
14,34,8,874,715,796,502,539
15,35,9,872,812,887,859,704
13,33,7,876,673,744,401,477
15,31,6,874,841,896,914,737
16,26,11,874,629,683,342,435
15,30,11,873,972,962,1023,908
17,28,10,874,364,366,0,68
17,31,8,872,1000,858,1023,919
16,32,8,872,361,0,0,64
17,33,8,873,732,762,701,598
16,20,10,875,783,755,667,658
16,21,8,874,856,780,942,766
15,21,8,874,611,458,288,402
15,19,8,873,882,679,996,807
15,17,11,871,578,156,189,329
17,16,7,876,1003,675,1023,922
14,18,8,872,356,0,0,63
15,22,8,872,750,369,721,620
16,23,11,880,763,233,592,611
13,52,14,873,877,653,957,788
15,24,18,874,460,298,0,168
15,61,17,878,909,794,1021,837
15,54,15,875,382,79,0,90
15,20,15,869,843,733,900,740
16,25,10,877,506,409,39,224
13,24,8,872,965,1023,1023,909
17,19,8,870,367,255,0,70
13,16,8,871,895,908,1014,815
18,19,8,872,437,132,0,146
16,15,9,874,827,547,881,722
15,52,9,874,654,182,361,458
15,23,11,876,861,590,922,754
15,24,15,882,485,228,0,190
16,48,17,874,884,857,983,797
17,33,18,875,450,232,0,152
14,31,14,876,915,743,1023,846
15,27,18,873,380,85,0,83
18,27,8,874,847,765,921,742
15,15,11,872,625,626,333,425
16,14,8,871,985,1023,1023,909
14,16,7,874,367,185,0,65
17,14,8,874,903,767,1023,826
14,16,7,873,432,53,0,136
16,24,11,869,734,403,699,596
16,26,8,871,644,181,348,444
16,24,15,879,869,560,930,761
15,23,15,883,475,99,0,178
17,56,16,875,798,517,800,669
14,26,14,874,581,177,186,316
16,23,14,875,1010,772,1023,919
17,24,16,872,397,69,67,160
17,16,15,872,1023,819,1023,952
16,14,7,874,582,464,461,434
15,16,6,876,922,991,951,867
17,13,8,872,620,602,517,473
17,14,7,875,895,778,922,846
14,24,7,877,650,447,563,509
16,20,10,872,876,653,880,817
17,22,14,875,791,520,800,685
12,54,16,875,580,255,190,328
14,22,14,872,1011,753,1023,928
18,23,14,882,398,84,71,177
17,21,14,878,1023,794,1023,965
16,22,15,883,586,473,460,449
15,21,14,873,817,587,740,713
16,22,11,873,832,836,904,746
15,22,11,871,508,412,35,234
16,46,11,874,966,920,1023,913
18,23,8,872,363,191,0,76
18,42,13,873,891,621,1002,821
16,60,16,876,388,0,0,94
16,22,14,884,731,466,681,602
16,24,13,881,654,483,371,462
14,22,15,881,966,1023,1023,911
16,21,16,881,360,226,0,94
17,25,12,879,1023,959,1023,948
17,24,12,878,453,417,185,254
16,22,12,881,964,1020,1011,919
18,21,12,880,869,959,970,795
16,21,14,883,457,506,0,178
18,23,9,880,896,990,1023,835
16,20,11,879,435,466,0,150
15,21,14,881,934,991,1023,879
14,20,12,878,375,426,0,89
17,20,12,878,974,1017,1023,917
15,23,10,880,359,427,0,104
13,22,11,879,1023,1023,1023,961
17,21,13,880,642,725,548,505
16,21,12,880,755,804,599,616
15,20,15,879,875,898,988,809
16,21,12,882,448,366,0,170
14,22,12,880,909,782,1023,854
15,25,10,878,383,405,0,96
17,14,11,879,947,1023,1023,896
16,14,10,880,358,241,0,83
15,15,12,879,1023,1017,1023,950
16,11,14,880,516,480,311,346
16,20,11,877,901,952,930,863
17,24,12,878,754,1010,750,652
17,15,13,877,474,373,0,205
17,15,16,878,884,1023,994,816
16,18,14,878,384,266,0,107
15,13,12,885,1005,968,1023,937
15,14,11,870,391,350,71,180
14,12,11,870,1023,1023,1023,955
13,10,9,870,802,889,841,711
16,16,9,871,680,669,426,503
16,13,9,874,835,844,904,751
16,14,11,872,636,523,350,459
16,13,9,873,970,735,1023,924
16,13,15,877,395,0,0,113
17,16,15,876,799,846,816,701
15,44,14,880,570,466,172,317
18,51,14,877,1010,1023,1023,937
16,34,14,877,488,408,241,297
17,16,11,882,941,848,976,895
18,13,8,872,703,527,662,586
18,15,9,874,811,858,724,704
14,16,10,873,741,911,726,627
14,13,10,872,627,640,337,442
15,14,10,873,976,992,1023,922
15,30,11,872,364,111,0,80
14,22,9,875,1006,676,1023,929
19,33,14,877,363,0,0,74
17,32,16,876,839,836,887,747
16,35,15,877,513,386,47,234
14,19,15,877,970,958,1023,917
11,15,15,875,363,263,0,82
12,16,7,875,996,1023,1023,930
12,12,9,872,363,286,0,80
13,12,11,872,929,1023,1023,873
15,11,8,871,363,316,0,76
13,9,11,871,967,984,1023,915
15,16,9,871,397,139,0,110
23,16,12,869,891,563,984,817
16,25,12,874,447,0,0,158
17,72,13,880,722,469,667,592
15,27,12,877,663,594,385,479
16,37,15,879,958,1023,1023,908
16,17,15,879,356,220,0,91
19,37,13,877,1023,1023,1023,948
12,15,9,871,520,456,330,355
13,16,8,876,969,1001,1011,925
15,17,8,872,765,797,770,660
13,15,7,874,728,719,542,585
13,16,8,872,797,791,831,701
12,33,10,873,687,571,439,511
15,20,11,868,929,760,1023,882
14,25,12,878,374,16,0,91
17,22,14,879,865,523,926,778
17,20,15,876,478,165,0,199
15,29,13,873,889,847,992,819
19,21,14,870,444,299,0,162
15,27,16,874,922,969,1023,867
12,16,10,876,376,278,0,91
12,14,9,876,957,1008,1023,914
12,16,10,874,372,397,0,87
14,25,10,872,998,970,1023,927
15,23,12,877,366,569,0,78
15,23,9,876,1008,1023,1023,932
16,21,11,875,394,522,72,173
16,22,11,878,1023,1023,1023,952
16,22,11,878,801,888,840,705
15,23,12,876,559,645,144,301
16,23,11,879,1010,1023,1023,936
14,22,11,875,484,614,261,300
15,24,9,876,936,976,971,887
14,22,10,878,605,693,494,470
17,22,10,875,798,838,694,682
15,24,10,876,853,888,930,767
15,21,10,876,484,500,0,209
16,22,11,878,877,861,985,805
16,20,12,876,449,364,0,171
17,21,13,876,907,670,1023,849
16,23,10,878,377,0,0,91
15,37,10,875,741,975,733,629
14,19,6,872,627,511,333,443
14,17,9,872,867,782,971,795
17,12,8,870,598,596,245,377
13,17,7,871,901,1023,1023,842
15,17,4,870,381,330,0,97
17,16,7,870,846,947,909,744
16,28,7,872,635,517,344,449
17,17,8,870,867,678,952,784
16,19,12,877,608,108,253,381
14,20,12,875,1001,755,1023,928
17,24,12,873,376,439,40,153
16,16,15,876,1023,1010,1023,955
16,31,17,878,782,792,806,688
18,17,8,875,573,253,191,335
14,14,6,875,911,824,1023,863
13,12,9,872,420,355,0,134
16,19,7,871,858,948,931,763
15,14,6,871,623,588,307,417
18,23,6,872,880,806,987,806
18,29,10,872,588,136,198,338
17,22,15,875,1009,741,1023,929
17,25,12,880,391,253,66,173
16,24,15,880,1023,1014,1023,954
15,30,17,877,799,653,836,709
15,17,10,875,552,278,134,298
17,12,8,873,1012,1023,1023,938
14,16,7,876,412,392,106,200
15,10,10,873,1018,1023,1023,947
15,31,9,873,822,764,885,735
16,20,9,871,647,337,360,473
13,14,12,872,862,549,924,771
13,12,14,873,476,205,0,197
18,15,16,877,891,737,987,818
16,21,14,882,441,75,0,161
13,15,17,877,827,606,870,729
13,22,12,874,526,216,70,252
14,14,8,872,957,864,1023,907
15,17,8,869,399,378,0,109
18,17,10,869,887,1023,1001,809
15,22,11,869,363,238,0,70
12,23,7,871,1009,930,1023,928
14,13,11,871,360,106,0,68
17,24,11,876,1019,752,1023,936
18,27,11,874,428,97,120,207
14,24,11,876,1015,882,1023,947
17,22,13,874,732,540,702,616
16,13,15,874,634,568,351,451
16,22,13,871,969,967,1023,924
16,14,10,874,360,261,0,80
16,12,8,867,1000,1023,1023,928
16,14,12,868,376,425,36,152
17,13,10,868,1023,931,1023,958
16,21,8,870,675,460,607,553
18,23,10,868,852,534,797,758
17,52,12,870,821,510,859,734
14,23,12,873,531,92,81,264
15,26,16,878,857,598,911,766
14,24,17,873,486,112,0,207
18,25,14,873,882,736,980,807
17,27,10,872,448,262,0,168
16,31,11,873,914,950,1023,853
14,30,11,873,381,391,0,88
15,31,9,871,953,1023,1023,897
14,30,10,872,371,491,0,80
15,31,11,871,984,1023,1023,920
19,28,11,870,363,507,0,118
14,29,12,873,1023,1023,1023,963
15,29,10,871,656,770,574,520
15,31,9,871,737,815,559,585
16,30,10,871,794,855,825,693
17,28,11,870,573,602,166,318
13,28,9,870,1010,947,1023,931
16,30,10,870,358,303,0,72
16,30,11,874,1019,792,1023,942
16,34,11,871,431,112,141,220
16,28,12,873,973,459,1010,925
14,32,9,872,746,517,732,636
15,35,9,872,747,737,598,622
16,33,8,874,775,623,789,679
15,18,9,869,703,439,494,551
18,19,6,870,804,645,858,725
15,15,10,875,660,651,392,489
16,13,7,870,942,1023,1023,902
16,16,6,880,362,260,0,90
11,16,6,873,875,1023,990,803
12,16,7,877,454,364,0,173
10,16,7,874,818,949,865,713
15,26,8,878,679,722,400,481
17,24,10,881,850,1023,916,749
16,24,7,876,409,530,0,110
14,23,8,876,871,1005,976,787
14,23,8,874,460,543,0,167
15,23,8,873,810,881,846,699
14,24,7,875,682,711,419,481
15,26,8,874,838,757,907,733
16,24,8,876,632,264,341,439
14,24,8,874,867,894,958,777
15,30,8,878,612,407,270,383
16,31,11,879,894,680,1003,823
16,31,12,876,382,34,0,93
14,34,11,872,836,801,879,733
15,34,12,872,521,300,63,239
14,34,15,871,969,710,1023,910
17,32,14,872,371,289,0,78
17,33,14,869,999,1023,1023,926
15,32,14,872,372,280,14,135
16,32,14,869,1023,882,1023,956
17,33,12,869,667,423,583,534
14,31,10,871,722,487,520,560
16,33,7,873,901,1023,1023,837
15,35,8,872,376,551,0,88
17,32,9,870,841,1014,912,746
14,32,11,871,502,554,26,219
16,31,11,873,974,1023,1023,913
15,33,8,870,359,435,0,105
14,32,9,873,1023,982,1023,948
17,32,10,870,381,200,43,149
16,30,9,871,1023,327,1023,946
16,30,11,873,570,442,431,431
17,16,9,870,846,828,788,748
15,15,15,879,722,583,682,603
15,15,16,871,651,337,370,473
16,17,12,872,961,738,1023,916
17,17,12,874,366,0,0,85
16,14,14,874,791,540,794,690
16,18,13,872,583,257,194,337
15,15,17,872,1011,1023,1023,939
15,16,12,872,482,336,231,292
18,15,13,871,946,806,980,897
15,14,17,873,706,500,648,588
15,15,12,870,674,321,400,491
13,22,9,870,944,1023,1023,895
16,16,8,869,365,427,0,86
17,19,8,870,871,1023,980,795
17,16,9,871,455,550,0,174
14,19,8,871,807,921,850,705
14,17,11,870,678,738,415,489
18,19,9,870,938,976,1023,885
16,16,10,869,407,355,0,117
17,17,10,869,976,689,1023,916
17,18,9,872,365,377,0,78
19,19,8,869,898,667,1017,839
16,15,11,869,432,54,0,150
15,19,17,879,842,648,896,747
17,14,13,871,508,109,30,229
16,20,17,874,976,667,1023,920
16,15,17,874,368,0,0,78
18,17,14,876,814,543,816,710
12,14,16,872,571,299,152,309
15,17,16,872,1021,840,1023,944
10,20,15,870,415,85,94,201
11,15,16,872,1023,810,1023,974
12,19,13,870,608,397,487,476
13,31,15,873,800,505,687,685
12,32,14,878,857,876,934,775
16,31,11,881,479,617,0,207
15,32,12,876,879,1023,999,812
17,34,9,876,387,459,0,103
17,32,11,874,916,995,1023,861
17,33,8,875,380,438,0,93
14,31,10,877,857,904,928,766
12,31,11,875,489,462,0,209
17,32,10,874,882,751,984,806
17,32,11,874,454,407,0,168
14,34,9,875,904,717,1023,854
14,21,12,877,426,0,0,141
19,33,16,880,747,497,718,627
14,45,15,877,625,332,329,432
15,18,16,877,987,781,1023,924
15,18,14,877,367,155,0,80
12,16,14,878,1009,792,1023,933
13,16,13,876,392,60,49,169
12,17,14,877,1023,790,1023,970
13,22,13,879,578,283,433,435
12,34,13,876,841,671,780,742
17,16,9,877,822,1023,896,738
15,17,10,870,523,595,63,251
15,19,11,870,954,1023,1023,910
15,17,11,870,352,319,0,90
16,16,9,872,1023,568,1023,948
14,18,10,874,354,31,5,132
15,19,8,870,1023,1023,1023,960
15,17,9,879,472,191,224,289
17,11,7,872,995,795,1023,944
13,15,7,870,584,341,451,451
11,10,11,872,925,809,951,885
11,13,9,871,729,554,701,620
12,18,8,871,786,830,658,667
16,17,7,875,762,1023,771,658
16,19,7,873,610,588,278,406
15,19,6,873,891,970,1013,828
15,17,6,874,439,432,0,161
19,16,7,872,833,868,892,736
16,20,9,870,650,499,360,464
16,18,10,871,860,1023,947,768
14,17,9,869,395,503,0,105
15,19,8,868,883,987,1003,808
16,15,9,868,443,525,0,158
17,16,7,868,818,901,876,721
17,15,8,871,659,709,379,474
16,14,7,869,852,870,926,751
14,17,9,868,622,619,314,421
16,15,9,868,873,827,982,795
17,14,8,868,590,470,223,349
16,17,6,867,903,671,1023,839
14,18,6,868,424,0,0,134
15,19,8,868,634,136,521,482
14,18,7,868,886,923,910,844
17,18,10,883,666,459,581,530
16,15,12,877,727,536,528,567
16,15,12,878,900,852,1022,839
15,18,13,879,380,183,0,95
14,15,14,878,938,875,1023,887
15,15,15,877,372,0,0,88
14,19,13,876,769,836,768,660
17,19,12,878,609,583,266,387
15,19,14,878,1010,939,1023,931
14,19,13,875,383,84,31,157
13,18,14,875,1023,772,1023,971
14,16,11,873,568,298,416,427
19,16,9,876,847,618,805,760
13,16,6,871,708,545,677,599
14,18,6,868,798,896,697,691
16,15,8,870,743,843,741,641
13,14,6,876,745,747,598,617
16,15,10,873,772,738,796,682
16,14,14,872,584,313,202,350
16,16,14,873,1007,705,1023,938
16,19,15,872,394,75,60,177
17,18,13,873,1023,1022,1023,974
14,16,16,872,709,501,630,577
14,18,14,872,687,409,432,504
12,14,6,874,927,4,1023,894
14,15,6,873,628,431,342,463
13,18,6,873,863,1023,964,801
13,13,7,870,460,393,0,189
12,15,8,871,801,885,843,707
12,17,7,869,679,568,419,501
12,17,10,875,837,671,898,746
16,16,12,873,506,0,23,228
17,32,14,871,773,489,755,656
16,20,13,870,606,367,262,383
14,16,14,873,1001,796,1023,928
15,18,14,872,380,47,37,158
12,9,7,870,1023,874,1023,972
13,13,9,875,407,577,111,200
12,15,10,871,1017,1023,1023,949
13,13,8,871,818,893,890,735
10,17,8,875,642,533,363,473
12,14,9,874,857,606,922,768
19,25,12,874,617,114,295,412
14,20,14,877,991,768,1023,931
15,13,15,874,361,0,0,80
16,15,18,874,829,638,863,735
16,16,14,878,531,181,78,259
16,15,9,872,959,911,1023,914
13,15,6,872,391,296,0,116
15,14,8,871,883,1023,1006,817
13,13,10,870,383,311,0,101
12,15,7,872,1007,1023,1023,936
11,15,9,872,394,323,83,182
10,14,7,874,1023,950,1023,968
14,20,14,874,505,188,283,327
15,20,13,876,918,659,938,874
17,20,12,876,746,492,712,632
14,16,16,875,629,347,326,442
14,16,14,874,985,690,1023,930
19,17,16,870,367,0,0,86
13,16,8,870,813,790,860,725
12,16,6,874,664,696,389,492
11,13,6,868,849,1018,922,765
14,13,6,871,493,407,5,216
13,10,8,871,778,764,789,667
12,14,11,868,717,572,509,557
14,19,12,872,908,600,1023,846
16,15,17,872,383,0,0,94
15,19,16,871,750,412,711,626
15,19,8,874,632,389,329,437
17,17,8,869,871,1023,976,790
12,18,7,871,458,566,0,171
12,18,7,870,808,897,848,700
17,17,6,869,679,753,415,482
17,17,8,868,840,869,910,740
15,17,8,869,632,669,343,439
12,18,7,872,868,864,966,780
17,16,8,869,600,587,249,370
15,19,8,870,899,845,1023,829
16,18,10,869,430,346,0,139
17,18,9,868,937,756,1023,877
14,19,8,870,408,63,0,113
16,17,11,868,771,390,768,648
14,18,6,867,606,486,259,381
15,21,8,868,893,657,1009,825
14,17,9,874,436,0,0,144
17,16,11,872,628,372,503,471
17,17,12,871,778,665,652,643
18,19,12,871,868,822,934,775
16,15,17,877,471,114,0,181
16,18,15,873,900,1023,1009,823
15,19,13,872,368,363,0,70
16,19,14,872,1013,934,1023,931
16,17,11,870,412,144,93,188
16,18,10,872,1022,866,1023,944
16,16,9,875,710,771,683,591
16,17,11,871,789,781,691,676
14,14,9,873,846,602,929,763
13,16,9,870,613,442,299,416
16,18,11,869,878,1023,1003,811
15,18,5,869,359,304,0,75
16,15,9,870,915,1023,1023,866
14,14,7,874,374,318,0,88
14,14,9,870,863,1023,940,769
14,16,6,871,484,474,0,197
16,32,6,871,789,803,806,671
17,14,8,871,707,301,472,526
17,17,9,871,823,652,868,714
17,17,8,870,659,638,376,464
18,17,8,870,857,909,933,753
15,19,8,871,618,698,298,400
14,18,6,874,883,934,1000,804
17,17,8,870,446,448,0,150
17,17,8,870,824,727,878,717
16,18,8,874,651,269,361,460
15,15,11,872,859,682,929,760
15,15,9,870,480,162,0,184
13,14,8,872,793,521,808,675
16,14,11,870,698,342,458,508
15,18,8,869,922,657,1023,858
16,16,10,869,419,0,0,118
18,20,13,873,767,551,740,635
16,18,14,874,615,219,287,394
16,17,15,872,996,803,1023,918
13,18,13,872,362,0,0,64
17,19,11,874,834,605,872,726
17,17,16,870,524,40,57,235
16,18,14,871,865,822,930,767
17,13,16,874,480,271,0,183
13,18,14,875,891,633,993,807
14,15,11,870,440,107,0,143
15,17,8,872,924,1023,1023,855
16,16,8,872,373,547,0,70
15,15,9,871,861,1015,946,759
17,16,8,873,473,489,0,174
15,17,9,870,796,648,816,672
16,16,9,872,695,190,445,497
15,15,10,873,821,476,882,718
13,16,8,870,518,0,44,229
15,19,8,870,657,412,563,496
14,19,8,869,874,790,885,805
14,32,6,870,690,899,631,545
15,15,11,870,840,882,784,727
14,16,7,872,830,1023,893,727
14,22,7,873,521,520,58,232
16,15,9,870,861,1006,944,755
16,14,8,871,476,491,0,178
13,14,8,870,795,887,821,667
16,17,6,871,701,404,455,501
16,20,9,874,827,452,879,707
16,20,9,871,652,696,368,443
16,18,8,872,859,1015,944,745
16,17,9,870,476,551,0,168
17,17,8,869,791,844,817,660
14,17,8,869,703,553,461,498
15,19,10,871,823,228,871,704
15,15,8,872,528,0,63,226
17,21,10,876,654,349,545,481
16,15,11,876,747,483,576,575
18,15,11,873,884,651,980,791
14,19,10,872,442,9,0,136
16,19,10,873,724,491,672,574
14,22,17,873,656,306,373,448
19,17,12,872,961,738,1023,887
15,17,15,873,370,0,0,61
16,15,17,870,793,582,798,664
15,17,15,874,582,236,189,310
15,15,17,870,1014,819,1023,915
15,17,14,870,403,253,80,162
17,19,14,871,1023,1015,1023,929
14,19,14,871,816,1023,852,701
13,16,14,870,427,384,0,126
16,28,14,872,944,887,1023,879
16,14,9,872,360,0,0,68
16,15,11,870,666,362,590,520
15,19,8,870,715,344,504,543
12,16,7,870,808,582,852,697
13,16,7,873,667,781,402,471
16,18,7,872,847,1023,926,738
15,15,11,871,494,472,3,199
16,15,9,870,878,1023,986,781
17,16,8,870,452,289,0,149
15,18,8,870,814,607,853,694
16,18,7,871,671,222,385,464
15,30,10,870,852,555,908,730
17,21,14,875,502,235,7,193
16,19,17,872,878,855,971,774
14,20,14,874,463,622,0,148
16,15,11,872,909,1023,1023,822
14,16,11,869,364,384,0,49
16,14,9,869,1022,1023,1023,918
15,17,8,870,423,562,119,185
15,19,6,872,1020,1023,1023,925
14,17,8,870,726,832,703,590
15,14,8,871,780,860,654,639
16,16,7,874,762,851,765,638
14,18,8,871,734,813,550,566
14,16,7,871,796,878,834,685
15,17,6,869,689,762,439,490
16,16,7,873,833,907,904,727
14,15,11,870,638,715,361,444
15,15,11,873,969,1021,1023,908
18,17,8,869,361,477,0,97
17,15,9,871,1001,1023,1023,924
15,15,10,872,377,502,41,144
16,16,8,871,1023,1023,1023,947
