17,21,882,16,2,329,1012,943
19,21,883,16,1,92,311,366
15,21,884,16,1,340,1023,977
17,22,886,16,3,3,46,183
18,21,881,18,1,313,1023,907
17,22,881,15,6,37,52,245
15,21,884,14,2,162,549,537
17,20,884,15,2,318,984,916
18,22,884,16,0,70,245,318
18,21,881,15,3,344,1023,984
19,21,882,15,3,0,0,117
18,23,884,16,2,235,785,706
19,23,883,16,2,265,784,749
19,23,884,17,0,138,467,480
17,20,882,15,3,328,1010,939
15,21,884,17,0,95,327,383
18,23,883,17,2,343,1023,974
15,20,881,19,1,10,64,194
15,22,884,17,0,345,1023,959
16,20,881,17,0,0,0,139
16,20,882,15,1,115,381,417
18,20,882,15,3,338,1022,950
18,23,884,13,4,77,260,331
16,22,881,19,1,354,1023,984
19,23,883,16,2,0,0,135
18,21,881,19,1,248,802,720
17,23,883,16,2,221,744,724
16,9,809,20,2,234,478,502
13,9,809,22,1,475,1023,964
17,10,822,18,3,4,39,180
17,12,822,16,2,435,1023,904
18,9,815,15,3,61,81,264
17,9,815,18,1,146,346,399
17,8,815,18,1,486,1023,974
19,11,815,16,2,0,0,95
18,10,816,18,1,230,533,530
15,9,815,16,2,460,992,920
19,9,813,18,1,31,91,212
17,8,808,16,4,475,1023,937
16,10,812,17,4,163,309,420
16,10,814,17,1,335,767,703
17,10,819,16,2,393,810,767
19,13,831,16,2,196,453,479
19,11,831,16,2,476,1018,949
16,8,833,21,0,135,311,379
17,8,827,15,3,503,1023,983
15,9,826,18,2,0,0,96
14,9,826,19,1,136,312,374
16,10,824,19,1,504,1023,976
15,9,820,19,1,12,48,186
16,8,821,17,3,462,1023,910
16,8,822,17,2,191,368,466
14,10,821,19,0,239,538,539
15,11,821,16,2,470,989,917
15,9,822,15,3,105,239,321
15,11,823,19,0,513,1023,990
13,10,822,18,4,0,0,121
13,8,822,18,0,342,774,707
17,12,826,19,0,458,961,895
15,9,826,19,1,122,282,350
17,11,829,18,2,512,1023,985
15,12,827,17,0,0,9,163
16,9,827,17,2,363,825,750
18,9,830,19,1,444,934,880
19,14,831,18,2,73,175,279
18,10,828,21,0,514,1023,993
17,11,825,18,2,0,0,98
15,10,824,18,3,225,509,519
13,10,824,17,2,479,1002,936
18,11,825,18,1,162,373,421
17,11,823,18,2,491,1023,956
16,8,824,18,3,108,251,332
18,10,825,19,2,514,1023,992
17,9,828,21,4,0,0,135
17,9,832,17,0,267,602,591
16,8,830,18,3,487,1019,951
19,11,830,20,1,62,151,257
16,10,827,22,3,514,1023,990
16,10,828,17,2,0,0,98
16,9,828,19,1,211,480,498
18,12,829,17,2,496,1023,968
19,9,827,18,1,82,192,287
17,9,825,19,2,512,1023,983
18,11,827,18,1,0,0,155
18,11,826,16,2,150,346,397
19,11,826,17,0,492,1023,955
16,8,823,18,0,101,231,315
18,10,823,18,3,517,1023,992
15,10,825,19,2,0,0,115
18,10,822,20,3,337,758,697
16,10,821,18,3,404,820,772
16,10,820,15,4,199,445,472
19,12,823,16,2,486,1018,947
18,10,828,21,1,133,310,371
16,12,888,18,6,537,1023,958
18,22,899,18,1,74,203,285
14,20,900,17,0,374,1023,988
14,22,894,20,3,0,0,91
15,15,898,16,2,168,544,536
13,24,895,17,2,327,988,914
13,27,891,16,2,74,244,320
14,25,888,17,1,351,1023,985
16,22,886,18,6,0,0,118
16,22,887,15,2,239,782,709
16,20,885,17,0,270,790,751
17,24,887,17,0,139,461,479
15,23,888,16,2,329,1010,941
18,21,883,19,1,94,320,374
15,21,887,16,2,344,1023,980
20,25,884,18,1,9,58,186
16,18,885,15,5,320,1023,912
17,17,884,17,0,37,49,240
15,23,886,17,0,166,549,539
12,23,886,16,2,321,984,913
15,21,884,17,1,71,247,320
14,22,883,18,4,350,1023,989
16,24,883,15,3,0,0,118
18,23,886,17,0,237,776,707
16,26,882,15,5,268,791,754
16,18,882,19,1,137,460,479
17,12,884,16,3,328,1011,941
16,21,882,17,0,96,316,372
16,16,884,17,4,345,1023,977
17,15,884,19,0,7,50,188
17,19,884,18,1,317,1023,912
19,19,886,16,2,39,54,249
17,18,884,17,2,167,545,536
16,14,882,19,1,321,985,917
15,14,885,16,2,69,240,318
19,17,882,15,3,347,1023,988
19,19,883,17,0,0,0,114
14,12,882,15,3,233,769,699
19,13,881,17,2,273,804,765
18,13,882,15,3,128,454,472
14,28,12,20,3,636,1016,940
18,21,12,19,3,95,164,261
15,22,15,18,2,528,1023,973
15,56,15,19,0,0,0,159
18,54,15,19,0,70,162,254
14,50,11,18,2,514,1023,968
14,19,12,20,5,3,0,152
15,15,14,20,2,70,163,242
13,17,12,15,3,516,1023,957
12,14,11,18,0,2,0,151
15,23,13,18,1,71,159,236
16,16,12,19,0,515,1023,955
19,13,12,18,3,5,0,146
17,14,15,18,2,70,155,228
19,11,10,19,1,514,1023,948
19,13,12,18,2,8,0,142
18,13,12,17,4,67,148,220
16,12,12,18,3,514,1023,941
15,14,11,16,2,8,0,143
19,15,13,19,0,63,148,217
17,12,15,16,2,513,1023,937
18,12,12,18,1,6,0,136
15,15,15,17,2,63,145,210
14,13,12,22,3,512,1023,932
16,18,11,18,3,9,0,133
16,13,12,19,3,61,143,201
16,18,13,17,2,513,1023,932
13,17,11,17,0,12,0,130
16,19,13,19,1,130,287,305
15,19,12,19,3,515,1023,936
18,19,11,21,1,0,0,48
17,18,15,16,2,133,291,302
15,20,13,16,2,513,1023,939
15,18,15,19,0,0,0,50
13,16,12,18,3,133,289,299
15,18,15,19,0,516,1023,936
15,19,13,18,2,0,0,48
16,19,15,17,2,128,285,298
14,18,12,19,2,518,1023,938
16,17,15,18,2,0,0,49
13,14,11,20,3,125,278,296
16,19,11,18,2,516,1023,939
13,18,14,22,5,0,0,50
15,17,12,19,0,124,273,294
14,17,12,19,1,518,1023,940
13,16,14,17,1,0,0,50
12,17,12,18,1,124,276,295
12,18,13,17,2,518,1023,940
14,18,12,19,6,0,0,50
14,18,13,21,1,120,274,294
14,18,12,19,4,521,1023,942
15,18,14,19,1,0,0,47
16,17,12,18,1,124,276,291
15,19,12,20,1,522,1023,940
14,20,11,16,2,0,0,51
14,17,14,22,3,123,273,290
17,19,14,19,4,523,1023,941
13,19,13,17,2,0,0,48
12,16,12,19,0,122,270,288
14,19,13,20,2,523,1023,941
14,19,12,18,1,0,0,51
13,17,14,19,2,120,262,288
13,17,12,19,5,523,1023,941
18,19,13,17,0,0,0,55
12,18,11,18,3,119,260,284
14,18,11,20,3,525,1023,941
16,21,10,19,1,0,0,52
14,20,12,19,1,116,255,280
13,22,14,17,2,530,1023,944
15,21,12,19,1,0,0,52
13,20,11,17,3,114,251,279
17,23,14,19,3,531,1023,943
15,23,13,16,2,0,0,55
15,22,11,16,2,110,247,277
15,23,11,18,2,529,1023,943
13,23,12,16,2,0,0,54
13,21,11,18,2,111,246,277
15,21,15,19,0,532,1023,943
15,20,12,18,3,0,0,52
16,22,12,19,0,115,241,274
13,22,14,16,2,532,1023,946
14,22,11,19,4,0,0,52
18,23,9,18,2,107,237,268
17,22,79,18,2,490,1023,945
14,19,904,19,0,0,0,89
14,20,906,20,1,97,232,268
14,19,899,20,3,385,1023,948
12,20,895,18,4,0,0,64
16,19,893,18,3,194,574,519
16,17,894,17,3,338,975,870
17,19,893,17,2,82,263,292
12,17,892,18,3,357,1023,948
16,17,892,17,4,0,0,90
16,21,891,18,2,189,606,545
13,17,892,19,3,318,957,858
17,19,892,18,3,88,286,314
14,19,894,16,1,350,1023,950
12,20,889,18,6,0,6,120
12,20,888,20,3,252,823,707
14,20,889,15,6,248,722,679
13,22,888,16,2,151,498,474
13,17,889,17,4,331,1004,905
13,18,891,16,4,106,351,369
15,18,889,17,2,340,1023,931
15,18,889,18,2,68,229,282
13,17,888,15,3,357,1023,965
18,22,890,18,3,0,0,80
15,20,889,19,0,185,568,529
14,19,889,18,1,339,977,886
17,8,843,19,0,100,251,309
14,11,872,22,1,487,1023,972
14,10,856,20,2,0,0,102
17,11,857,18,2,332,772,689
17,11,856,19,1,380,803,740
15,11,855,18,5,192,451,456
15,11,855,18,3,466,1015,925
16,11,863,20,3,130,303,349
16,11,860,19,1,479,1023,946
21,11,870,19,2,81,184,264
18,14,871,16,2,497,1023,978
15,9,873,17,2,0,0,83
12,11,875,20,3,144,328,367
14,12,875,16,1,474,1023,945
14,10,874,16,2,88,211,283
14,14,874,18,2,491,1023,980
13,10,873,16,2,0,0,84
16,12,872,18,5,232,541,523
12,12,872,21,0,453,989,907
14,11,874,17,2,97,234,303
13,9,869,17,2,491,1023,980
12,10,869,19,3,0,0,88
13,9,868,18,1,167,390,415
14,10,868,19,0,480,1023,956
16,9,868,18,1,47,116,214
13,10,869,18,5,485,1023,955
17,11,867,19,1,0,0,113
15,9,870,17,2,181,423,440
12,11,870,18,5,476,1023,953
14,10,870,19,1,56,137,233
17,11,873,19,0,491,1023,971
17,11,874,17,2,0,0,84
15,12,876,19,0,195,453,460
17,13,874,19,2,460,1014,931
14,12,874,19,2,128,307,353
14,16,875,19,3,469,1023,951
16,11,872,19,0,78,190,271
16,13,875,17,2,486,1023,979
17,11,873,19,2,0,0,82
14,11,875,19,3,221,514,504
14,14,875,19,0,451,1003,919
16,10,878,19,0,152,366,401
16,11,880,22,3,459,1023,944
12,14,880,18,6,82,242,310
14,21,899,18,1,461,1023,977
15,19,899,19,4,12,0,102
12,18,894,19,2,377,948,812
17,19,897,18,2,247,521,554
13,16,892,18,3,243,617,576
14,15,894,20,2,367,955,877
14,21,894,16,2,116,292,344
14,18,890,19,0,372,1023,952
13,18,893,17,2,59,177,260
12,18,892,20,3,364,1023,976
13,18,893,19,3,0,0,79
13,16,892,18,1,160,497,492
14,19,894,18,2,337,1007,925
14,19,891,18,2,109,349,386
15,17,890,19,2,344,1023,948
14,19,891,20,1,69,227,298
17,19,891,16,4,357,1023,983
15,17,888,21,1,0,0,91
15,19,891,17,0,175,558,541
13,16,887,15,3,396,980,905
14,22,856,17,5,64,242,314
17,21,852,17,4,413,1023,981
14,20,847,19,1,20,0,109
15,23,858,19,0,407,947,823
18,21,857,21,0,287,514,555
16,20,860,17,2,287,623,589
14,18,854,19,1,420,949,879
18,23,855,18,1,124,298,350
18,22,854,19,0,428,1023,955
13,20,857,21,1,62,177,270
15,21,860,18,3,425,1023,983
15,26,866,20,2,0,0,87
17,23,865,19,2,190,500,500
18,23,859,18,1,399,1006,931
16,22,858,23,1,126,351,396
14,22,858,20,2,405,1023,956
16,21,852,17,0,79,230,310
17,23,854,19,5,421,1023,987
15,21,851,19,0,0,0,100
17,23,851,18,2,274,740,679
15,21,849,22,1,348,866,805
16,24,848,19,0,150,415,448
13,19,849,20,2,401,1016,948
12,22,849,19,4,102,279,344
16,20,850,18,4,409,1023,962
16,20,851,18,2,58,165,260
14,20,854,19,0,422,1023,988
14,20,855,19,1,0,0,91
17,21,852,19,3,176,484,492
17,21,851,18,2,398,1010,937
12,20,850,18,3,119,332,384
16,21,849,18,1,406,1023,959
14,20,845,21,1,74,212,297
15,19,848,18,2,424,1023,990
12,20,852,18,4,0,0,97
12,17,847,18,2,206,541,537
17,21,851,18,2,393,990,922
14,22,850,18,2,82,235,313
14,23,847,20,2,421,1023,990
14,22,860,19,4,0,0,105
14,19,918,19,1,344,754,683
15,47,889,17,2,354,849,796
13,46,889,22,3,196,427,451
17,25,889,19,2,444,1017,945
14,24,884,18,5,180,286,346
15,20,880,19,1,449,1023,961
16,19,883,18,2,128,169,265
13,20,880,22,1,439,1023,976
12,22,882,19,2,65,40,176
16,20,878,22,1,420,1023,956
14,18,879,19,1,36,0,147
15,27,880,18,1,207,525,517
14,22,877,18,0,379,997,922
16,20,878,18,3,84,219,296
14,21,878,18,1,380,1023,986
17,18,877,18,2,0,0,91
13,21,878,16,2,181,547,532
14,22,878,16,3,343,990,915
14,20,876,17,3,75,236,311
14,23,876,18,4,369,1023,985
15,23,878,19,0,0,0,102
14,21,878,17,2,242,748,680
18,23,877,18,1,305,853,793
13,21,879,17,2,133,422,448
15,20,876,19,0,352,1015,946
12,17,877,17,2,91,281,341
14,19,876,18,0,382,1023,983
16,24,868,18,1,36,0,140
15,11,21,18,5,1023,981,860
14,12,775,18,2,492,468,548
13,10,765,21,0,586,650,649
13,10,812,19,4,732,940,911
14,12,820,18,3,338,322,411
12,10,826,22,0,748,1023,990
16,12,820,20,1,207,201,314
19,10,830,18,1,703,1023,995
14,11,833,22,0,82,76,225
15,14,836,18,1,654,1023,977
17,11,831,18,1,3,0,152
17,11,832,19,2,211,369,425
12,12,825,18,1,598,1023,962
16,10,817,17,2,135,241,325
16,9,812,18,2,609,1023,973
16,8,806,18,3,0,0,111
16,10,800,18,6,317,564,559
16,9,790,19,0,573,981,909
16,9,784,20,2,58,104,221
18,8,778,18,1,631,1023,963
18,8,778,21,1,52,11,206
15,9,780,18,1,226,395,427
19,8,784,19,0,624,1023,961
17,8,783,19,0,0,0,100
19,6,780,17,2,313,555,544
17,5,777,19,1,609,1023,948
16,6,776,15,3,50,94,217
15,6,778,19,2,602,1023,933
16,6,775,18,1,219,324,423
16,7,771,16,2,319,567,555
22,9,759,18,1,608,1023,950
21,9,755,18,0,61,106,222
25,8,752,19,0,633,1023,961
22,7,743,19,5,47,7,200
22,10,742,16,2,136,239,309
18,8,734,19,0,628,1023,959
16,8,730,19,2,0,0,100
16,6,722,18,3,325,561,551
17,8,722,17,0,611,1023,948
18,8,720,18,3,61,108,229
17,4,721,18,1,638,1023,972
15,6,720,17,1,45,10,217
16,7,721,21,0,231,402,456
16,6,728,20,3,625,1023,972
12,8,741,19,2,0,0,120
16,8,756,20,2,321,566,564
17,8,781,16,2,608,1023,953
14,11,817,21,0,57,106,227
17,11,873,19,1,595,1023,983
16,10,908,20,2,0,0,95
17,11,915,19,2,184,400,427
20,12,909,19,0,505,1021,937
19,20,938,18,1,103,259,318
19,26,923,18,2,442,1023,950
16,27,16,18,2,59,138,222
19,22,906,21,0,410,1023,954
16,24,908,19,0,0,0,106
18,26,29,18,2,157,443,439
17,23,75,19,0,372,1023,939
24,22,916,19,0,0,0,113
21,27,911,19,2,265,785,695
24,20,907,18,3,286,788,735
23,26,911,16,2,145,455,458
22,23,907,18,3,345,1012,927
25,24,902,19,1,97,301,346
23,24,902,17,3,359,1023,965
25,24,900,19,1,0,14,144
24,22,901,19,2,317,1016,861
21,22,897,19,0,70,135,284
23,24,896,20,2,210,671,610
26,24,897,18,0,313,923,849
22,23,899,22,1,102,335,369
25,21,898,18,3,347,1023,939
25,18,14,19,0,276,212,275
18,15,846,16,2,694,1023,981
10,15,832,18,2,0,0,88
13,15,828,20,2,335,527,522
9,15,824,22,3,995,1007,919
11,16,826,19,3,81,216,307
14,16,816,21,3,1019,1023,988
11,17,819,19,4,5,96,219
11,15,816,18,2,951,1023,936
12,18,818,20,2,427,24,217
10,16,814,19,3,707,755,686
12,15,826,18,2,758,849,782
15,18,839,16,2,483,429,450
14,18,841,18,2,776,1023,943
12,15,19,18,2,359,278,336
15,16,17,18,5,1008,1023,975
12,14,16,19,3,0,0,139
12,19,14,19,4,522,624,589
11,16,16,20,1,1002,1023,943
10,12,15,19,2,158,290,350
15,10,17,20,0,1017,1023,980
15,17,16,20,1,0,3,149
16,16,18,19,3,543,634,598
15,15,36,19,0,1002,1023,944
16,16,836,20,2,173,300,374
13,16,835,22,3,1009,1023,975
23,10,836,19,1,157,324,405
45,13,833,20,2,892,1023,983
21,11,815,20,3,449,208,318
18,10,822,20,3,868,1023,1001
26,9,815,21,0,408,235,341
24,10,810,18,2,827,1023,1021
35,10,807,19,0,113,106,264
22,11,806,18,3,650,1023,1023
15,9,800,14,3,152,132,282
16,10,793,12,2,608,1023,1013
16,11,795,19,1,28,0,177
17,9,824,19,0,458,988,895
26,14,837,24,1,393,788,813
30,11,841,23,1,195,461,541
30,10,892,25,0,454,1016,1006
17,8,891,19,5,212,488,561
21,9,868,18,1,494,1023,1008
23,11,813,18,1,79,183,357
16,12,788,20,3,519,1023,1023
19,13,740,17,3,21,50,273
19,17,734,20,1,522,1023,1017
17,9,718,15,3,0,0,153
22,19,747,16,3,209,340,414
17,10,755,18,0,569,1023,967
18,10,757,19,2,134,218,310
19,9,775,17,2,548,1023,986
20,11,825,27,0,0,0,160
19,9,868,23,5,315,707,731
23,8,904,31,1,475,997,987
18,9,868,24,3,24,63,267
15,11,823,25,2,489,1023,959
19,11,832,25,2,75,57,275
12,11,857,26,0,241,534,543
19,18,892,26,1,462,998,927
17,25,911,25,0,95,220,317
16,18,30,27,1,481,1023,983
19,22,22,24,2,0,0,99
13,21,24,20,3,74,203,281
15,25,918,21,4,438,1023,962
16,23,908,22,0,0,0,101
18,23,914,17,3,217,520,507
15,26,916,21,0,388,998,911
17,21,911,19,2,87,213,284
14,26,911,19,3,396,1023,971
13,20,910,18,5,0,0,79
14,24,909,21,2,199,529,509
17,24,909,19,1,374,998,906
16,24,909,22,0,91,215,286
17,21,909,19,1,393,1023,965
17,24,905,18,3,0,0,80
12,22,901,15,3,197,535,513
17,20,903,15,3,361,991,898
17,22,898,19,2,79,224,286
16,22,900,18,6,375,1023,964
16,23,901,22,1,0,0,82
17,24,901,18,1,180,542,517
15,23,904,18,1,343,991,893
13,20,901,19,5,72,228,292
12,20,901,18,3,366,1023,962
14,25,898,17,3,0,0,82
14,22,897,21,0,176,554,524
15,21,900,18,3,335,982,890
18,8,833,25,3,476,240,301
19,11,17,18,2,849,1023,956
17,12,17,19,3,230,0,73
16,16,15,19,0,502,561,525
18,10,19,17,2,719,1023,921
19,11,16,17,3,221,100,191
17,8,17,17,3,684,1023,946
16,10,15,19,1,184,27,192
18,11,19,17,3,378,566,524
15,11,44,19,1,595,1023,915
15,13,20,18,5,118,100,195
19,14,32,18,1,583,1023,950
19,9,34,17,3,41,0,108
16,10,35,18,3,152,224,281
16,10,41,18,0,556,1023,957
17,8,41,18,3,0,0,83
18,10,27,18,1,43,52,159
17,8,25,17,4,475,1023,871
18,13,28,19,3,328,665,638
21,11,26,19,2,149,336,361
16,11,24,19,2,495,1023,939
16,11,22,19,3,0,0,64
18,10,27,17,2,141,312,338
16,11,23,17,0,504,1023,937
17,8,20,17,3,0,0,64
18,11,18,19,2,76,150,216
18,10,22,16,0,521,1023,929
16,11,22,18,2,29,0,147
15,11,849,18,3,136,274,312
18,11,853,19,3,507,1023,932
18,9,855,19,2,71,149,237
17,11,861,17,2,508,1023,950
16,10,856,19,0,0,0,102
16,9,853,19,1,204,456,454
17,9,849,18,5,486,1023,936
16,10,842,19,3,0,0,120
16,9,842,16,2,347,796,698
16,10,842,21,0,446,953,859
13,10,845,18,3,125,284,329
16,11,844,19,0,488,1023,937
14,10,845,18,3,74,161,244
16,10,847,19,0,510,1023,961
16,11,859,19,3,0,0,79
20,13,864,16,2,214,477,469
15,11,865,19,1,477,1012,917
17,9,864,18,3,140,318,359
14,11,863,19,3,492,1023,953
16,11,862,15,3,9,35,161
15,11,861,18,1,436,1023,870
15,9,863,18,2,83,103,256
14,11,870,17,2,218,511,490
17,11,869,19,3,454,1002,900
14,10,874,18,4,145,353,378
17,11,898,17,3,450,1023,921
18,12,904,20,1,86,223,286
17,10,901,17,2,438,1023,953
16,20,914,18,1,0,0,66
18,17,910,18,2,203,549,502
18,19,908,19,4,387,986,873
18,19,906,19,1,103,235,277
16,16,905,18,3,398,1023,927
14,17,906,16,2,55,113,195
16,18,901,19,0,395,1023,943
14,16,905,18,3,0,0,66
15,19,903,18,3,156,406,408
17,16,903,18,3,369,1017,910
15,18,903,16,2,94,267,299
17,19,904,16,2,369,1023,950
16,18,904,19,2,0,0,96
15,15,906,19,0,193,593,543
16,16,904,19,0,330,960,861
16,17,904,17,0,84,271,306
14,17,905,19,1,358,1023,948
18,19,904,19,2,0,0,104
15,19,906,18,2,249,786,680
14,19,906,18,1,279,792,722
16,15,908,19,0,141,452,443
17,17,907,18,4,342,1012,911
16,18,908,15,5,92,298,333
16,18,907,21,1,357,1023,950
16,16,908,19,0,0,12,135
17,15,910,18,2,315,1007,844
15,15,910,19,1,72,144,276
16,16,908,18,1,210,666,596
19,17,907,18,0,319,923,837
18,18,905,19,1,105,330,359
19,11,841,18,2,594,1023,932
19,9,860,21,0,150,200,268
16,10,847,19,3,541,1023,957
19,9,849,18,3,0,0,69
13,8,845,18,1,164,336,364
17,9,846,15,3,499,1023,943
13,8,842,17,3,0,0,68
14,8,840,19,1,142,312,348
19,10,843,18,2,491,1023,943
15,7,845,16,0,8,33,153
17,9,844,16,2,361,840,727
18,9,843,19,1,426,931,845
18,9,842,18,3,76,171,252
17,9,841,17,2,495,1023,951
18,9,833,15,3,32,0,148
15,9,837,18,1,200,302,341
15,10,837,18,2,726,1023,950
18,11,835,18,0,230,23,141
19,9,835,18,1,819,1023,946
15,8,836,20,1,293,0,138
19,10,833,19,1,484,493,473
19,8,837,15,3,705,1014,905
19,9,835,15,5,276,186,256
18,8,835,19,1,678,1023,954
16,10,837,18,2,123,0,84
17,6,837,18,3,429,676,605
19,8,837,17,2,583,1009,903
17,8,839,17,2,173,194,257
15,8,843,16,3,576,1023,953
19,11,842,17,2,36,0,81
17,9,841,17,2,273,507,483
18,11,840,18,1,515,1023,924
16,9,840,16,2,105,199,263
18,8,843,19,0,505,1023,956
18,7,841,18,2,0,0,77
17,8,838,17,3,82,182,246
15,7,840,16,1,492,1023,937
17,9,843,18,0,7,0,126
14,8,838,19,0,76,165,230
13,8,843,17,2,489,1023,932
16,8,842,15,3,9,0,131
14,8,847,17,3,66,153,213
16,10,853,19,1,480,1023,925
15,9,858,17,0,0,0,81
15,14,868,18,2,67,134,201
18,12,902,19,0,426,1023,936
22,14,921,18,5,0,0,52
23,15,918,16,2,168,441,421
24,19,915,18,3,378,1015,895
25,17,915,18,2,108,291,312
23,16,916,19,1,371,1023,915
22,18,914,19,1,60,169,226
24,18,915,18,5,371,1023,941
25,21,917,16,2,0,0,57
23,18,918,16,2,159,481,452
23,16,918,17,0,345,1010,897
23,19,918,17,2,102,323,343
26,19,915,18,0,348,1023,917
24,18,914,18,5,60,200,254
24,19,913,19,1,359,1023,945
24,20,914,17,2,0,0,60
24,22,916,16,2,168,518,485
23,19,914,16,2,336,1000,889
23,16,913,17,1,115,367,380
23,17,913,17,2,344,1022,919
23,17,917,16,0,72,234,284
23,15,913,20,3,361,1023,952
20,18,914,19,1,0,0,76
20,18,912,20,1,180,563,521
21,16,913,17,1,332,980,878
19,20,913,17,3,76,248,294
19,19,913,18,2,362,1023,955
17,16,912,15,2,0,0,90
18,15,914,19,2,185,577,535
20,15,914,19,0,330,972,871
19,17,912,19,3,77,257,304
22,15,914,19,2,360,1023,956
25,17,911,18,1,0,0,96
22,15,911,19,2,187,586,544
25,19,914,17,0,328,966,869
21,15,912,19,1,82,265,310
22,17,912,19,0,360,1023,956
23,18,914,16,2,0,0,107
20,18,912,18,3,246,779,683
21,15,914,16,2,279,796,734
19,19,914,17,2,139,449,450
17,16,912,15,4,342,1013,917
19,16,910,19,0,94,298,339
17,18,910,18,3,358,1023,953
19,18,909,19,1,0,13,141
18,19,909,19,1,316,1010,850
20,17,913,18,1,71,137,276
21,18,912,16,2,212,669,603
21,16,911,15,5,317,921,841
23,19,914,16,2,105,335,366
18,66,913,18,0,429,1023,935
16,9,879,19,1,307,211,281
17,11,864,18,1,741,1023,967
17,11,854,18,0,136,0,87
12,10,854,21,1,586,889,774
21,9,840,19,3,464,612,617
21,9,839,18,1,286,374,407
15,7,842,17,0,632,1023,958
19,7,846,17,2,35,0,88
18,9,850,17,3,320,534,521
14,6,853,18,3,576,1023,939
17,7,855,19,2,57,75,193
15,11,851,18,0,530,1023,906
14,8,842,16,2,75,49,230
16,8,842,19,5,174,359,394
13,6,837,18,2,540,1023,954
14,9,838,19,0,0,0,83
15,7,838,17,0,168,341,381
16,8,836,19,0,545,1023,953
15,8,836,17,2,0,0,76
16,6,833,16,2,159,323,360
16,8,831,19,0,550,1023,955
15,9,833,17,2,0,0,76
13,6,833,18,2,157,303,345
19,6,834,15,3,552,1023,952
16,7,832,19,1,0,0,75
18,8,831,15,3,146,289,332
15,8,832,19,0,550,1023,958
15,8,834,17,0,0,0,74
17,8,832,17,1,138,274,320
15,9,831,18,1,550,1023,956
17,8,832,15,3,0,0,73
13,14,7,870,607,586,258,379
17,16,8,869,899,854,1023,826
16,14,9,869,433,430,0,141
17,16,8,869,841,804,902,734
17,16,8,869,638,619,350,442
16,14,8,870,866,826,959,771
15,14,9,870,608,588,263,378
14,14,9,872,893,851,1021,819
14,16,6,870,435,423,0,141
16,14,7,872,835,797,901,726
14,14,7,872,643,617,358,446
15,14,9,870,863,823,952,764
12,16,8,869,612,588,270,380
14,15,7,871,891,848,1022,810
16,14,8,869,438,426,0,141
15,15,8,869,834,796,895,725
16,14,11,869,646,619,364,449
16,16,7,871,965,905,1023,902
13,16,7,872,397,392,0,96
14,14,10,872,796,759,826,676
17,13,6,869,576,542,170,306
14,15,9,870,926,869,1023,858
14,16,8,868,421,399,0,118
15,14,8,870,867,807,943,759
17,12,8,869,619,582,285,393
12,16,7,869,887,826,1009,805
17,16,8,868,442,401,0,146
15,14,6,870,828,753,880,716
17,16,8,868,655,578,372,458
16,14,11,870,857,754,934,751
16,14,11,870,480,384,0,181
14,15,8,870,881,764,994,790
15,15,8,870,587,480,200,329
16,15,7,871,913,785,1023,841
12,16,7,869,424,313,0,122
17,13,8,870,852,692,926,742
17,14,7,872,626,397,317,413
15,17,8,869,877,530,969,786
12,18,6,880,592,458,250,356
15,15,8,881,887,749,1023,837
13,16,6,880,415,40,0,133
14,18,7,880,734,453,707,609
13,15,11,883,763,453,625,623
12,16,8,881,866,599,948,780
10,17,7,882,598,214,256,367
11,17,7,883,897,635,1008,825
12,17,6,878,429,0,0,138
12,17,7,879,628,336,501,469
15,16,8,876,902,631,916,843
10,16,8,876,662,368,554,511
11,16,7,878,873,604,882,804
11,18,9,875,692,405,612,554
11,18,7,878,839,560,782,729
11,18,9,876,725,444,671,595
10,17,9,876,789,493,675,659
12,19,6,876,759,482,727,639
15,16,7,874,745,430,577,593
12,15,8,876,791,519,785,679
12,17,7,877,701,367,481,521
13,13,6,874,824,558,849,723
12,17,7,876,655,305,382,467
9,14,9,876,859,594,908,763
12,18,6,876,749,440,586,597
10,17,7,877,788,518,780,675
12,17,7,879,705,378,488,529
11,18,8,876,819,555,839,718
11,15,10,875,658,314,390,475
12,17,7,879,951,711,1023,897
12,15,9,877,402,0,0,112
15,16,6,879,676,390,579,533
14,17,6,876,859,611,836,773
12,16,6,878,706,429,636,576
11,15,8,876,816,539,731,699
12,16,7,876,739,465,690,617
12,15,10,877,769,472,637,633
15,17,8,874,867,614,928,783
15,15,9,876,602,246,268,375
15,16,8,878,897,650,996,831
14,16,6,878,561,181,160,294
14,15,10,876,933,696,1023,877
13,16,7,875,372,0,0,82
12,16,7,879,662,381,555,517
13,15,11,879,874,668,882,807
14,16,8,878,799,590,826,696
18,19,6,876,690,537,445,508
16,15,9,876,828,854,893,736
14,18,6,878,642,743,369,465
12,18,5,877,860,962,946,772
14,17,9,875,614,718,289,401
15,15,9,875,888,970,1011,818
17,16,8,876,441,553,0,159
16,17,7,877,828,914,887,730
16,17,7,875,657,747,374,473
15,19,6,876,862,931,935,764
17,17,7,875,624,718,305,415
14,16,7,878,881,950,998,808
16,19,6,875,588,676,204,338
17,15,7,876,913,975,1023,858
13,15,8,876,424,529,0,136
16,17,7,877,855,912,929,757
15,15,9,878,627,713,323,424
14,16,6,877,877,935,984,800
15,18,9,875,593,676,227,352
12,16,7,875,910,963,1023,848
13,16,6,878,428,525,0,138
13,18,7,877,849,905,919,749
16,17,7,875,633,711,338,436
14,15,9,877,872,916,973,789
17,14,8,874,603,668,248,371
17,17,7,875,903,931,1023,835
17,17,6,875,435,497,0,142
12,14,8,874,839,860,905,738
16,15,7,879,637,668,355,447
13,14,6,878,864,851,956,779
14,17,7,877,609,590,271,384
16,16,7,877,893,802,1017,822
15,17,6,875,437,187,0,146
15,27,8,876,821,1023,905,732
12,14,7,884,491,315,61,240
16,16,5,878,852,707,935,770
12,14,5,876,605,273,296,400
12,15,8,878,879,667,983,814
14,15,7,872,577,200,191,327
13,14,6,871,915,710,1023,860
12,14,6,869,421,0,0,129
11,15,7,870,647,382,537,496
13,13,6,870,885,666,897,833
13,16,7,874,679,420,593,540
13,13,10,877,857,633,820,764
12,12,6,873,813,585,840,719
15,13,8,877,668,351,398,481
13,12,8,879,847,624,902,752
12,15,8,878,625,302,336,432
13,14,7,880,874,652,953,793
11,14,9,877,597,251,249,367
13,14,6,879,903,693,1011,839
10,12,7,876,432,22,0,143
14,14,6,878,739,488,690,610
15,17,6,875,780,504,644,642
16,15,7,877,768,523,744,648
15,17,6,874,735,450,554,579
15,17,8,875,796,560,806,690
12,14,6,875,691,387,456,508
13,13,6,875,830,601,866,728
12,14,9,874,646,325,375,460
13,14,8,875,859,635,913,767
13,14,7,874,617,284,303,405
12,15,8,876,885,671,974,808
13,12,6,878,580,227,211,330
13,16,8,874,918,710,1023,854
12,17,4,875,422,16,0,128
11,14,6,876,752,505,710,620
15,13,8,873,761,490,608,611
12,15,7,875,782,540,771,663
12,15,8,874,715,428,512,541
13,14,6,876,811,580,831,706
12,12,6,876,674,362,419,480
12,15,9,874,842,622,885,741
12,14,8,877,630,312,354,438
12,15,5,876,869,650,936,782
15,17,7,873,605,267,268,374
13,13,7,874,902,689,998,827
14,16,7,872,569,190,159,297
15,15,9,872,935,738,1023,871
16,19,6,874,412,0,0,117
17,16,8,871,657,289,560,505
15,37,4,871,870,814,884,806
13,34,7,873,685,747,630,551
16,34,7,873,839,922,790,734
14,36,6,874,719,822,688,593
15,36,9,871,793,854,683,668
16,34,6,870,753,819,744,633
17,32,8,870,753,822,589,606
16,31,7,871,783,853,801,671
13,34,6,872,712,790,501,537
14,35,6,871,814,881,862,712
15,33,6,870,672,749,397,477
15,35,6,870,847,907,917,746
17,32,7,874,629,717,336,434
14,33,7,871,870,921,971,785
15,33,8,870,602,681,251,369
16,32,9,869,902,943,1023,831
14,32,6,871,437,521,0,142
15,33,6,870,839,881,900,731
16,32,6,870,642,702,360,451
15,35,4,868,868,890,951,770
17,35,6,870,614,660,280,388
17,31,6,872,891,898,1012,818
16,31,5,871,443,474,0,146
17,29,7,868,832,827,884,722
15,34,9,869,652,651,370,459
16,32,7,868,863,844,939,758
13,32,7,868,620,634,297,400
16,31,6,871,883,887,998,806
15,35,10,869,582,620,197,322
16,32,8,868,1008,990,1023,922
13,33,7,871,361,456,0,66
16,31,11,868,954,958,1023,893
16,31,7,869,374,448,0,72
14,32,7,871,879,881,986,792
14,33,6,868,599,618,229,350
16,31,9,869,908,888,1023,836
17,32,7,868,431,433,0,134
15,31,8,868,847,779,909,736
17,29,8,868,636,394,342,436
23,15,9,880,861,962,944,775
24,14,8,880,609,477,274,376
26,22,8,877,895,758,1000,821
26,19,8,877,436,157,0,144
24,19,6,876,835,618,871,725
25,15,7,876,649,360,372,454
26,16,8,876,864,608,918,763
25,15,9,878,614,304,299,395
19,14,7,875,889,615,976,807
16,16,7,876,580,219,196,316
22,15,10,877,920,633,1023,855
27,18,8,876,377,0,0,76
27,17,6,876,651,338,531,494
24,14,7,875,884,597,897,824
26,18,8,876,680,374,589,538
26,18,8,876,854,561,812,754
27,19,5,875,713,409,648,581
24,15,9,878,805,499,709,685
24,15,9,875,747,438,707,620
25,16,6,878,761,443,615,617
27,17,6,874,778,475,764,662
25,17,6,875,718,387,524,550
24,17,7,877,811,504,822,704
24,16,6,878,674,330,417,484
27,17,8,874,844,540,880,743
25,17,6,875,632,288,358,439
25,18,9,875,869,568,930,782
27,16,8,874,606,241,268,374
27,17,4,875,900,601,994,826
24,15,7,876,565,184,164,295
24,15,9,876,931,641,1023,871
24,17,5,875,416,16,0,119
23,15,10,876,767,457,734,641
24,16,5,877,615,248,292,387
25,17,7,875,895,599,975,813
24,16,8,875,573,197,191,309
26,15,7,875,927,640,1023,861
24,17,6,877,418,18,0,119
26,17,5,876,762,454,723,629
24,16,8,875,751,427,583,590
24,16,7,878,794,491,780,673
26,19,5,876,703,375,485,518
24,16,7,874,824,527,845,718
25,17,6,875,657,309,388,466
25,15,7,878,855,560,896,755
27,16,4,875,621,275,323,409
24,16,7,876,883,589,955,797
24,16,8,876,586,222,225,333
24,16,5,878,913,623,1023,845
26,16,5,875,424,34,0,126
24,13,7,875,751,442,704,617
24,13,6,875,763,451,618,614
24,15,10,875,778,474,760,655
23,13,6,876,596,240,245,350
24,15,7,876,907,618,1015,833
27,17,8,876,428,78,0,129
23,15,9,875,745,443,708,608
25,18,7,878,771,414,626,623
27,17,8,874,772,367,763,646
26,19,11,875,728,435,534,559
25,15,9,874,894,654,1020,820
27,17,8,874,437,298,0,136
25,15,9,875,835,706,892,726
24,17,7,878,644,567,363,449
27,19,8,873,866,786,943,763
24,20,7,873,618,588,286,390
24,17,7,874,891,844,1003,806
25,20,8,874,444,460,0,147
24,22,7,874,829,813,876,716
24,28,8,874,665,673,377,465
26,33,6,874,858,856,925,749
26,32,9,874,626,661,321,412
27,28,7,873,880,886,981,792
24,30,7,874,595,635,224,343
23,31,9,874,907,920,1023,838
27,31,7,873,429,492,0,133
25,29,8,873,848,870,913,738
24,19,7,873,634,680,342,432
25,19,6,874,872,888,967,779
25,21,10,874,605,645,255,367
24,34,7,873,1001,982,1023,917
27,33,5,874,363,447,0,61
25,32,6,874,936,939,1023,872
24,32,7,874,417,473,0,113
24,32,6,873,868,882,953,770
24,34,9,874,613,650,276,382
25,34,7,874,895,896,1014,813
23,33,7,874,443,468,0,147
25,34,5,876,828,811,886,719
25,35,6,874,656,618,371,459
24,34,7,876,857,733,928,755
24,19,7,877,615,77,303,408
12,20,7,886,755,598,771,669
17,16,6,882,719,93,490,544
18,17,8,879,719,405,658,589
14,33,8,881,815,558,716,699
13,30,8,872,750,467,712,629
14,34,5,878,769,457,623,637
14,31,7,876,777,514,766,669
14,30,7,876,726,452,528,573
15,31,9,873,804,574,822,707
14,28,7,872,686,405,432,500
16,28,9,875,836,618,881,743
13,28,7,874,643,345,365,462
16,28,7,876,863,647,928,782
16,28,7,877,614,312,290,404
15,29,4,875,890,668,988,821
15,29,6,875,577,244,192,330
14,29,9,876,918,695,1023,863
14,28,9,874,421,41,0,134
15,28,10,875,754,498,722,630
17,29,6,873,629,334,322,425
13,28,8,873,880,676,961,798
16,28,7,876,595,303,237,357
14,28,7,874,910,737,1023,846
14,30,8,875,428,113,0,140
15,26,8,874,846,677,892,742
15,30,8,875,633,399,354,444
17,31,8,875,871,703,944,783
14,28,7,874,607,346,271,385
16,28,9,875,895,722,1001,826
18,29,7,873,439,113,0,150
14,28,6,875,831,634,871,728
12,29,6,876,653,399,378,465
14,29,6,873,862,693,914,763
14,31,6,874,624,393,315,412
14,30,8,874,881,747,968,800
14,29,6,875,590,346,229,349
14,30,9,874,909,754,1023,843
15,28,9,875,428,99,0,136
16,28,7,876,743,516,703,613
13,28,8,876,774,534,634,632
14,30,9,873,771,545,761,649
16,29,7,875,729,486,540,568
14,30,9,874,800,597,818,691
17,31,5,873,687,443,439,497
17,28,7,873,834,650,881,730
16,29,7,875,644,397,367,457
15,28,10,874,862,684,929,766
16,29,7,875,476,159,0,184
13,25,11,875,793,591,800,673
12,28,8,872,584,301,196,322
16,28,7,874,918,739,1023,849
13,32,6,874,424,81,0,123
12,36,7,873,759,487,730,620
14,44,7,876,760,337,590,601
14,23,8,873,788,224,784,661
17,35,6,877,716,480,501,535
14,35,7,877,814,654,856,702
15,38,4,875,675,561,405,474
17,35,6,876,843,751,907,736
16,38,7,874,635,584,344,436
17,37,6,875,867,807,960,774
12,33,7,876,607,583,262,372
15,33,8,875,896,853,1020,817
16,32,7,877,438,446,0,139
17,32,8,874,835,812,892,726
17,33,4,875,649,650,367,452
14,39,8,876,861,842,944,757
15,31,11,874,619,631,290,394
16,33,8,873,991,951,1023,912
17,33,6,874,389,434,0,86
15,39,7,877,826,820,878,715
14,45,11,878,663,673,381,466
17,41,6,874,952,932,1023,890
14,51,6,877,407,450,0,104
13,37,6,875,879,870,984,789
16,32,7,876,595,618,225,347
17,33,5,875,908,902,1023,836
12,35,7,877,431,469,0,131
12,32,8,874,850,845,914,738
15,34,8,875,634,658,341,430
14,32,6,876,870,862,966,777
13,32,8,874,607,617,254,365
16,32,7,877,899,876,1023,821
17,33,9,873,435,413,0,139
13,32,7,873,838,690,898,727
17,35,8,874,634,520,361,444
26,32,6,874,861,723,930,765
27,32,7,875,611,361,284,383
25,28,8,874,890,730,993,809
25,30,9,877,572,305,185,307
24,31,10,875,921,764,1023,857
25,30,7,873,374,73,0,74
24,30,10,875,756,570,732,626
24,31,7,876,622,387,309,402
24,32,8,872,882,736,975,796
16,31,6,875,586,352,212,334
18,31,6,876,915,785,1023,842
19,33,6,874,426,154,0,128
18,31,8,874,853,707,902,741
17,31,6,874,630,419,337,423
22,32,8,874,877,728,954,780
18,31,7,875,600,365,251,356
25,31,10,874,903,757,1020,827
27,33,5,874,382,100,0,82
24,31,7,877,841,682,890,733
24,32,8,874,637,417,360,442
24,32,6,875,865,711,936,772
24,31,11,877,612,380,285,385
18,32,9,873,997,860,1023,915
18,31,6,873,383,108,0,84
17,31,9,873,829,678,869,721
19,33,8,872,655,443,376,460
16,29,7,872,862,715,917,759
16,31,8,874,622,414,313,405
19,33,6,874,882,751,975,796
17,29,6,872,588,363,216,335
19,33,4,874,912,789,1023,843
18,31,6,874,427,156,0,129
18,30,6,876,851,716,902,746
19,33,5,874,628,436,337,424
19,33,6,873,875,748,957,781
17,31,7,875,598,383,250,357
20,30,9,873,903,778,1022,831
23,34,9,875,431,171,0,137
24,32,6,875,841,712,892,735
24,31,7,875,636,445,356,442
25,32,8,873,867,739,941,771
23,35,4,873,612,407,277,379
27,32,7,873,892,774,1001,813
24,32,9,875,439,183,0,142
23,33,8,874,830,695,876,721
24,30,8,875,651,453,374,456
24,30,10,875,861,718,927,755
25,32,7,872,482,223,0,187
25,32,6,873,790,617,794,663
26,33,6,874,709,63,475,519
18,33,6,873,715,308,661,570
16,32,8,873,808,457,702,672
15,33,6,874,747,451,722,610
16,33,7,876,762,490,612,609
15,35,8,874,775,529,781,651
15,32,8,874,721,479,518,546
19,33,6,873,805,597,840,690
18,33,6,874,685,545,424,482
16,31,9,874,836,701,898,726
18,31,10,873,642,535,361,443
15,32,9,874,963,827,1023,902
16,31,7,875,399,338,0,98
17,31,6,875,793,699,810,675
16,31,7,875,705,623,473,517
17,31,10,875,826,733,875,717
15,31,9,872,538,463,85,250
16,32,6,875,856,767,922,744
19,33,4,873,626,568,320,414
16,32,8,874,877,795,979,786
17,32,8,873,598,536,229,345
16,32,7,872,909,822,1023,831
17,30,6,874,430,375,0,128
17,32,7,872,848,761,908,732
16,31,10,873,632,515,338,430
24,18,7,877,963,1023,1023,903
24,33,6,883,384,194,0,71
25,31,7,880,895,678,999,818
25,32,7,879,566,210,169,303
24,63,7,878,923,735,1023,863
25,94,8,876,419,64,0,118
24,106,9,877,759,496,731,626
25,41,7,878,620,292,302,401
23,36,8,876,883,671,975,795
24,34,7,878,590,289,223,336
27,33,7,878,911,733,1023,841
24,34,6,878,427,107,0,129
23,35,6,874,852,670,895,737
27,35,6,875,630,381,343,428
26,45,6,874,871,684,950,780
23,42,10,877,603,324,259,364
27,32,7,874,999,818,1023,918
27,33,6,875,384,51,0,81
26,33,8,875,737,517,687,595
26,39,8,875,784,574,661,643
25,45,8,874,765,563,742,635
25,42,6,875,740,517,567,578
24,40,7,877,794,595,802,675
27,38,8,874,702,469,470,509
27,39,8,876,825,649,863,718
24,44,7,874,656,408,378,460
24,37,8,875,858,687,916,752
21,37,7,875,620,382,312,404
24,39,9,876,879,716,975,793
24,38,6,874,588,325,218,332
25,36,9,876,912,761,1023,843
25,36,7,873,427,141,0,126
25,36,7,876,853,706,901,738
27,35,5,877,629,417,339,421
24,36,10,877,874,731,953,782
26,37,9,876,459,182,0,160
24,35,9,877,810,656,832,691
25,36,7,879,684,488,433,480
22,36,6,879,839,705,886,730
25,36,9,876,638,440,363,438
23,36,8,877,866,732,935,765
24,35,9,877,611,394,283,379
23,38,6,877,892,764,989,807
24,35,9,877,575,333,187,305
26,35,11,879,923,786,1023,854
26,34,9,876,378,74,0,73
27,32,7,875,763,464,730,621
26,35,8,877,757,95,578,595
24,31,10,878,678,396,601,532
24,31,11,880,714,513,493,531
24,35,6,879,911,750,1023,841
23,33,11,878,430,349,0,125
25,33,6,878,946,838,1023,881
24,31,7,880,410,375,0,106
24,32,8,877,876,806,967,778
22,32,7,880,605,576,252,365
25,32,6,877,901,856,1023,822
23,32,6,879,438,446,0,136
24,31,9,879,838,818,897,726
26,32,6,878,645,653,365,448
23,32,9,879,865,852,945,761
22,32,7,881,619,633,289,388
24,32,6,879,887,879,1001,804
26,32,7,878,448,481,0,146
23,33,5,879,828,829,875,712
23,34,8,879,661,677,379,460
24,32,7,880,856,852,926,748
26,32,6,878,627,647,316,408
24,34,8,879,878,869,980,785
24,34,6,878,594,599,231,345
24,33,7,879,907,879,1023,831
24,31,7,879,432,367,0,129
24,36,7,877,845,1023,913,732
24,32,8,877,508,370,33,208
24,31,6,880,872,802,950,767
24,32,8,879,605,411,266,365
25,32,6,880,896,814,1014,815
25,31,7,879,435,244,0,134
24,31,7,878,835,798,884,724
24,31,6,879,643,558,368,440
24,31,7,877,868,842,936,759
27,33,5,877,614,509,291,383
24,31,7,878,891,858,994,804
24,31,6,879,575,429,184,302
24,32,7,879,926,877,1023,848
24,33,5,879,422,226,0,113
26,33,6,879,862,782,913,749
27,33,7,881,623,470,318,397
27,33,6,880,885,789,967,789
24,32,8,876,590,388,223,329
26,33,7,876,914,779,1023,832
25,33,5,877,426,132,0,120
24,29,8,875,851,661,893,733
24,33,6,875,631,370,341,419
25,32,6,876,872,649,944,775
24,30,7,877,603,289,263,358
24,30,9,876,901,649,1007,818
22,32,7,876,438,40,0,130
23,32,8,877,737,447,680,588
26,32,6,876,786,504,661,636
27,34,8,878,764,479,736,627
25,32,6,877,743,451,572,575
25,31,9,876,792,513,792,671
27,33,5,876,701,394,478,509
24,30,7,878,822,551,849,714
23,30,10,875,657,331,387,459
21,32,8,876,954,702,1023,886
23,31,9,876,404,11,0,100
25,33,6,877,784,501,772,656
27,33,9,876,717,412,513,533
27,33,6,877,814,539,834,699
24,29,8,876,675,352,410,470
24,28,8,876,848,577,886,734
22,30,6,878,630,301,351,426
22,32,8,878,875,604,938,776
24,30,7,878,605,237,267,367
23,34,9,876,900,614,999,815
22,32,6,876,563,149,159,289
26,32,8,877,925,598,1023,858
24,33,7,877,415,0,0,114
24,31,10,879,657,326,556,498
23,31,7,878,746,410,571,578
26,33,6,876,791,411,799,665
21,32,6,876,707,397,476,514
24,31,8,878,823,562,862,709
24,31,9,879,665,457,380,464
27,34,5,876,852,669,918,741
24,34,7,878,627,502,324,416
24,33,6,878,874,744,970,781
26,32,8,876,603,514,243,355
24,31,7,879,902,804,1023,823
24,33,6,875,438,394,0,134
23,35,6,875,841,773,896,724
25,32,6,876,645,609,364,444
23,34,8,876,863,812,943,758
24,31,7,876,618,594,291,391
25,32,7,874,888,839,998,799
21,29,8,876,582,534,195,316
25,19,9,876,914,582,1023,843
25,25,4,884,421,290,0,121
24,24,8,880,849,455,896,742
24,26,9,877,625,286,331,415
24,25,7,878,875,600,953,781
24,24,6,880,597,289,246,352
27,25,6,878,906,680,1013,824
24,24,5,879,435,108,0,132
24,24,7,882,842,634,883,724
24,24,9,879,641,389,367,443
25,24,8,877,867,665,925,762
24,25,6,878,615,359,292,385
24,25,6,876,889,704,980,802
25,24,7,877,581,314,200,312
23,21,10,877,918,748,1023,845
25,22,8,879,378,101,0,74
23,26,7,876,858,681,895,743
23,25,4,878,629,415,340,419
25,24,7,880,873,721,946,779
24,25,5,880,603,389,266,358
25,23,9,878,900,769,1001,820
23,23,4,878,439,203,0,137
24,19,8,879,833,714,871,720
24,16,7,877,653,476,380,451
24,18,9,877,861,752,914,752
25,17,8,876,622,464,319,400
24,18,9,876,881,791,962,790
22,19,7,878,590,420,234,335
24,18,6,878,908,824,1023,834
24,24,6,878,428,219,0,129
25,24,9,879,845,748,890,730
24,23,6,876,634,487,358,431
25,24,8,876,867,770,933,767
25,22,6,877,612,440,289,378
25,16,7,878,889,776,988,803
24,16,6,877,579,113,194,312
25,18,7,877,920,933,1023,847
24,18,8,881,426,176,0,123
22,21,7,883,855,671,914,742
25,20,10,879,629,424,331,421
27,21,6,879,980,852,1023,908
25,20,8,881,397,326,0,91
25,18,7,880,807,758,835,689
23,19,9,877,690,668,437,486
24,19,8,878,833,822,889,723
25,22,8,878,648,656,373,451
23,22,4,877,862,859,935,757
24,18,7,879,621,650,303,401
24,18,8,877,883,892,987,799
23,19,7,876,592,624,215,335
24,20,8,877,910,924,1023,837
22,19,6,880,428,484,0,130
21,18,6,879,847,870,910,737
25,21,9,880,633,677,342,429
26,17,6,878,870,889,964,777
24,20,9,877,606,638,263,368
25,19,7,880,900,903,1021,819
25,21,5,878,436,990,0,140
24,19,7,878,827,664,874,725
24,16,7,876,645,422,373,453
25,17,6,878,860,703,922,754
23,18,9,879,619,420,314,401
24,17,6,879,880,738,972,791
25,16,8,879,591,379,233,338
22,19,5,878,907,788,1023,832
23,15,9,877,430,215,0,130
23,18,8,878,842,742,889,728
24,16,5,878,638,501,363,437
26,17,6,876,868,789,931,762
25,18,8,877,614,491,292,384
25,14,6,879,888,832,985,802
23,18,9,878,581,454,206,320
22,17,10,879,917,876,1023,843
22,16,8,878,380,236,0,75
23,18,8,879,854,816,904,743
25,16,8,879,631,547,341,421
24,15,11,879,874,842,952,778
24,16,6,884,462,324,0,163
24,15,6,881,805,773,816,685
23,18,6,879,692,630,453,489
23,19,8,878,832,814,871,721
21,16,6,874,651,578,383,451
24,15,10,873,864,847,916,755
24,15,7,876,481,365,4,184
24,14,8,873,787,771,784,659
24,16,7,871,713,676,511,527
21,16,6,872,816,807,836,699
24,17,7,875,674,622,421,469
24,17,7,874,842,846,882,732
25,15,11,877,634,586,366,433
25,14,8,873,974,991,1023,902
24,15,7,878,396,290,0,94
26,18,9,877,797,805,796,677
22,16,7,876,702,680,481,505
24,16,6,879,826,837,853,715
25,17,7,877,657,616,394,459
24,17,6,872,855,863,908,750
21,16,8,872,626,382,327,408
24,17,7,878,879,357,966,787
25,17,7,876,592,238,224,341
25,16,6,874,905,550,1023,830
21,16,6,873,433,163,0,129
22,16,6,873,845,553,896,729
23,18,7,874,638,396,355,436
24,15,8,875,865,616,941,765
23,15,9,875,615,412,283,385
25,13,8,874,889,676,999,803
24,15,11,876,579,408,189,315
25,13,7,870,1007,788,1023,915
24,16,6,873,361,264,0,57
24,15,9,873,951,777,1023,882
25,14,10,871,410,310,0,102
22,16,8,869,982,819,1023,902
22,16,7,871,396,320,0,91
24,15,9,870,805,692,831,683
23,15,7,875,693,596,447,491
23,19,9,873,832,732,888,719
26,17,6,870,651,572,371,456
23,18,8,870,857,767,931,749
22,14,8,870,623,563,309,404
26,17,5,871,879,797,980,787
24,15,9,871,592,542,228,339
23,15,7,872,906,830,1023,832
25,17,7,872,433,403,0,133
24,17,7,870,843,781,902,728
24,15,11,870,639,603,359,438
26,17,9,871,967,892,1023,903
23,18,4,871,399,395,0,94
24,16,8,869,795,751,810,669
24,15,10,869,706,671,483,516
21,14,7,869,918,859,1023,842
24,14,9,871,428,421,0,125
22,16,6,871,847,807,915,737
25,15,10,871,631,616,343,432
24,17,6,871,975,912,1023,907
25,15,7,871,395,407,0,95
23,17,6,871,799,771,821,682
26,17,5,870,697,675,462,504
24,16,7,868,827,796,877,719
25,17,5,870,656,637,378,461
23,17,7,869,856,821,923,748
21,16,7,869,626,619,320,414
24,16,7,871,875,840,974,788
21,16,7,872,598,587,243,353
24,15,7,872,904,866,1023,828
21,16,7,869,434,439,0,136
24,15,9,871,837,808,897,726
23,18,9,870,644,631,365,446
26,18,5,869,863,829,944,762
24,14,5,871,617,611,293,393
22,16,6,871,887,853,994,805
23,15,9,870,586,577,209,328
23,17,10,872,911,877,1023,844
24,14,8,870,383,407,0,80
24,14,7,869,850,817,913,741
24,15,7,873,633,626,346,434
23,15,10,869,869,836,960,775
23,15,8,870,467,466,0,172
24,15,8,870,800,778,827,682
22,15,9,869,697,682,456,503
23,15,9,870,828,800,881,721
24,13,8,870,660,644,376,466
24,16,6,869,858,823,923,748
23,18,8,870,626,622,324,417
25,13,7,870,878,840,970,785
25,16,8,872,600,590,247,358
22,16,6,872,897,862,1023,825
24,18,8,870,434,441,0,136
24,15,7,873,836,806,896,726
23,16,9,869,647,632,368,451
22,16,6,872,863,825,934,758
22,16,8,869,623,612,305,404
24,16,6,871,881,844,985,794
24,15,7,873,592,580,220,339
23,16,6,870,908,873,1023,836
24,15,9,869,430,437,0,131
23,14,8,870,843,812,905,731
24,14,6,871,638,628,355,439
24,15,7,873,866,828,951,765
27,17,6,871,617,602,281,384
24,15,7,870,887,849,1002,803
24,16,6,869,449,446,0,148
25,16,6,869,821,794,867,707
24,17,7,871,669,648,393,466
25,19,6,871,848,818,913,737
22,17,7,872,629,623,339,426
24,14,8,869,870,835,961,772
21,16,8,870,606,596,265,366
24,15,9,870,893,857,1020,813
24,14,7,872,438,439,0,140
25,17,5,874,833,801,885,718
23,15,6,873,654,635,373,457
23,17,6,870,860,821,928,749
23,19,8,871,625,615,317,408
24,19,7,871,876,842,977,784
23,16,7,870,599,584,235,348
23,15,10,873,902,865,1023,825
23,17,5,872,384,403,0,78
24,16,7,873,840,806,901,728
24,16,7,873,643,627,361,448
26,16,8,870,862,827,941,760
26,17,8,870,622,608,299,397
24,14,6,871,883,846,992,793
24,18,7,871,591,576,218,338
23,15,7,870,909,870,1023,835
23,16,9,870,432,434,0,132
24,16,7,874,843,810,905,730
24,15,7,874,640,626,357,445
23,17,6,872,866,827,944,762
26,16,8,870,619,604,292,392
23,19,4,872,886,848,995,799
24,15,9,871,586,574,206,327
25,16,7,871,915,872,1023,841
22,16,5,871,429,430,0,127
22,16,7,873,847,814,910,735
24,16,6,873,634,624,347,434
24,15,9,871,867,831,957,768
23,15,11,871,613,599,276,382
24,15,10,873,996,931,1023,913
25,15,7,874,364,393,0,61
24,15,7,873,920,878,1023,854
23,16,7,871,426,429,0,124
24,14,7,871,855,817,922,744
23,19,4,871,630,620,336,423
21,14,8,870,876,835,965,779
26,19,8,872,604,592,258,365
24,15,9,872,897,860,1023,820
24,16,8,872,439,437,0,142
