23,25,889,25,2,224,796,713
23,27,889,26,1,242,758,730
25,25,887,26,3,132,476,481
24,25,887,26,3,308,1005,940
26,27,887,26,2,92,333,379
27,27,887,26,0,324,1023,974
22,28,890,24,2,10,69,192
22,27,889,24,1,320,1023,961
23,27,887,26,0,0,0,128
23,26,887,23,3,106,376,412
20,26,887,24,2,314,1022,947
23,27,887,26,2,71,253,320
24,27,886,27,2,328,1023,986
24,26,889,26,3,0,0,117
24,26,886,29,0,222,781,709
23,27,887,26,3,248,779,746
23,25,888,24,2,129,462,474
22,26,885,26,0,310,1010,940
24,25,885,25,2,86,319,370
21,26,886,27,0,323,1023,980
20,26,886,27,1,2,50,182
23,26,889,24,2,299,1023,910
22,26,886,25,2,37,56,243
26,25,887,27,0,152,537,529
23,24,889,24,0,305,985,917
23,25,888,24,2,59,233,306
22,25,885,27,0,329,1023,988
25,24,887,26,3,0,0,103
23,25,886,25,5,214,756,691
24,24,887,27,1,262,822,775
23,27,887,26,1,122,447,463
23,25,885,27,0,312,1008,943
27,25,886,25,3,80,302,357
20,25,885,25,2,329,1023,979
24,24,886,26,5,0,31,167
24,24,886,25,3,298,1023,895
25,25,886,27,0,40,79,263
23,26,888,24,2,151,525,518
24,24,885,26,1,320,992,924
22,26,884,29,0,103,223,298
25,966,886,27,0,394,1023,969
23,962,873,25,2,82,254,328
30,967,877,25,0,384,1023,971
24,966,873,27,2,101,290,358
22,963,880,26,3,404,1008,949
22,974,899,27,2,183,514,521
23,968,899,26,0,359,899,854
24,971,894,25,0,246,554,555
27,974,889,26,2,375,864,809
24,972,892,24,0,248,602,583
24,974,888,27,0,324,784,753
25,973,889,27,0,230,643,614
24,973,889,26,2,261,704,703
24,974,888,27,0,191,684,641
24,932,878,25,2,223,634,653
73,56,864,25,2,271,708,675
74,52,867,24,2,334,886,831
73,51,881,26,0,157,406,448
74,29,896,26,2,445,1018,956
72,967,896,25,0,211,274,346
74,24,892,27,0,480,1011,951
74,23,890,28,1,224,311,372
74,22,892,26,2,453,1023,965
72,23,888,27,0,147,199,291
75,27,889,26,2,399,1023,978
74,19,872,26,3,0,85,215
72,17,882,27,0,426,1023,946
73,17,864,28,0,16,27,227
74,20,876,26,3,226,573,575
74,42,892,31,1,435,969,910
74,27,902,29,0,103,269,341
72,52,900,27,1,428,1023,972
74,57,902,24,1,124,161,260
73,49,900,24,4,412,1023,987
73,48,897,25,2,51,39,176
75,51,897,24,2,357,1023,961
73,78,876,25,0,0,0,148
74,20,899,26,2,122,338,396
73,20,889,27,0,411,1023,962
74,77,912,23,3,108,232,308
75,36,921,21,0,465,1023,972
74,17,913,21,1,150,121,226
72,19,914,21,0,487,1023,986
75,17,916,19,3,105,0,124
73,16,912,23,0,441,1023,943
75,16,911,20,3,84,0,153
72,15,911,20,2,209,480,475
72,15,910,18,5,364,1005,925
74,18,911,20,0,115,333,368
74,14,910,18,1,326,1023,941
73,14,907,19,3,54,218,282
75,13,908,19,0,322,1023,978
73,16,907,20,3,0,0,80
74,16,906,22,1,152,556,529
75,15,905,19,1,290,974,892
75,16,907,19,0,56,253,306
74,88,898,18,2,364,1023,978
77,29,875,20,2,0,0,111
74,46,869,28,4,328,780,706
75,46,914,20,2,358,764,719
75,51,920,18,3,239,474,470
75,54,927,18,2,577,1014,925
74,53,926,18,4,392,334,369
75,55,927,19,0,682,1023,943
74,52,922,22,0,369,222,282
75,55,923,18,2,554,1023,957
76,54,887,22,1,24,105,207
76,50,903,19,0,393,1023,979
76,69,917,20,1,15,0,80
76,52,919,20,3,310,615,572
76,54,937,23,1,525,952,877
76,55,927,20,1,336,291,337
76,50,926,18,2,573,1023,954
77,57,926,20,3,219,185,258
76,57,920,19,1,436,1023,965
78,964,917,18,2,1,66,180
23,49,859,20,2,438,1023,954
26,39,865,19,2,0,0,123
35,42,880,17,2,139,370,401
23,43,899,17,1,394,1022,942
78,57,927,22,1,180,253,311
81,41,924,20,3,631,1023,956
80,36,921,20,3,332,148,235
79,36,923,20,2,625,1023,975
80,34,920,19,5,200,18,143
79,36,920,21,0,432,1023,971
81,28,844,19,0,0,0,94
85,20,846,18,4,123,320,367
84,20,873,19,2,429,1023,948
81,25,894,22,1,146,211,284
85,19,935,20,2,647,1023,963
87,18,921,17,4,409,105,206
85,17,910,21,2,742,1023,986
85,15,913,20,2,331,0,109
86,16,912,20,3,650,1023,938
87,18,912,17,0,199,0,167
88,16,898,23,0,16,627,593
87,17,883,19,2,403,1009,933
90,13,892,18,2,116,311,361
91,14,907,20,1,434,1023,953
90,26,923,20,1,294,207,281
95,16,920,20,1,794,1023,966
111,34,917,19,1,470,103,203
138,23,917,18,1,775,1023,963
104,22,914,22,3,457,280,334
77,24,915,19,1,638,1014,940
81,19,915,19,0,66,309,365
84,26,876,19,2,452,1023,1019
92,18,878,20,2,75,196,322
88,19,922,18,1,409,1023,1023
86,68,934,20,2,30,93,245
86,19,924,22,0,418,1023,1002
85,22,921,18,3,32,0,131
83,21,922,22,1,284,764,733
84,19,922,19,1,310,806,797
81,20,919,19,1,154,448,503
83,23,920,18,2,330,1012,979
80,12,899,20,1,146,303,395
77,18,915,17,2,410,1023,996
78,19,912,22,3,73,193,314
76,29,915,19,3,473,1023,1023
76,23,920,19,2,153,91,232
78,21,919,20,3,502,1023,1008
74,22,917,22,0,112,0,138
76,27,918,23,0,458,1023,972
78,27,917,20,3,109,0,208
76,28,918,18,2,197,619,617
75,17,871,19,2,304,943,905
75,14,866,21,1,100,295,384
74,17,876,22,1,365,1023,986
76,19,879,20,2,64,193,305
74,16,871,19,0,451,1023,1020
76,15,867,17,2,26,79,231
75,18,887,19,2,449,1023,992
74,60,905,19,1,18,0,154
76,42,923,20,2,237,572,578
74,20,916,19,0,386,972,922
78,20,917,18,3,138,261,347
76,18,915,19,2,390,1023,985
82,21,914,22,3,83,153,269
82,20,913,19,0,372,1023,1010
86,20,912,19,0,18,30,185
102,20,913,19,2,343,1023,975
120,19,916,17,2,0,0,117
83,19,913,20,2,203,695,668
82,58,911,20,1,351,900,861
80,27,902,21,0,120,375,439
80,19,897,22,1,419,1021,972
79,20,909,20,1,96,258,345
79,58,917,17,2,492,1023,1007
81,53,913,20,3,180,147,263
82,57,915,16,2,477,1023,1003
77,19,915,18,1,170,181,288
78,17,914,19,0,443,1023,995
78,20,914,19,0,100,69,210
79,17,914,19,1,414,1023,999
80,20,912,17,2,35,0,111
77,20,915,17,2,267,740,698
78,20,912,19,4,315,848,809
77,20,913,19,1,140,424,471
81,23,913,19,0,327,1010,961
79,21,914,18,1,82,291,364
81,21,913,18,2,324,1023,999
78,37,909,19,3,0,20,174
77,7,822,26,2,328,956,907
79,11,906,20,1,378,703,714
78,19,947,23,0,459,517,541
76,48,949,21,1,768,1008,954
80,20,946,20,1,531,380,444
78,19,943,20,2,713,1023,979
76,8,922,20,1,90,248,349
80,9,797,19,0,481,1023,1015
78,14,901,19,3,53,0,127
77,25,937,20,2,553,793,747
78,30,951,18,2,665,784,771
76,36,938,21,1,506,472,517
77,28,936,18,4,635,1015,973
79,8,690,26,1,517,323,405
79,11,805,17,0,726,1023,1023
78,11,853,22,0,288,215,342
77,11,845,19,1,678,1023,1017
78,10,870,18,1,221,255,369
76,8,879,19,0,591,1023,1010
75,10,876,19,2,111,147,288
76,8,873,21,3,556,1023,1023
76,8,873,18,2,14,25,201
76,9,888,21,5,471,1023,931
78,57,905,17,1,248,389,517
76,20,926,19,0,338,698,689
76,26,928,19,0,450,896,882
78,25,926,20,1,266,387,461
76,16,924,20,1,496,1023,990
77,17,921,19,4,230,265,366
80,22,925,18,2,511,1023,1001
76,22,921,20,2,256,302,393
80,19,919,20,1,485,1023,995
76,20,918,19,0,184,190,312
76,16,916,19,5,448,1023,1008
79,17,917,20,1,155,224,337
76,18,917,19,2,407,1023,1002
77,17,916,19,0,126,261,362
76,22,916,20,2,353,1023,1001
76,19,914,19,2,83,297,388
78,18,912,18,3,326,1023,1013
76,19,912,22,1,48,186,310
77,20,916,21,0,329,1023,1022
75,18,912,17,3,12,77,228
77,18,913,18,3,329,1023,994
77,18,912,19,0,0,0,159
77,18,912,21,2,113,384,454
77,15,914,16,2,318,1019,975
77,18,915,16,2,74,260,358
76,16,913,18,3,332,1023,1012
76,17,912,20,3,41,152,275
76,18,912,19,0,333,1023,1015
77,17,912,21,0,0,30,193
77,17,913,19,2,294,1023,921
73,16,913,17,4,48,89,284
76,17,912,20,3,149,520,541
76,18,916,20,0,305,996,947
76,18,912,22,1,59,223,324
78,19,916,21,0,325,1023,1014
76,17,912,22,3,24,116,246
76,16,913,18,4,320,1023,1007
76,9,738,21,0,236,0,141
76,11,911,20,3,585,960,898
76,21,919,23,0,528,459,547
76,21,923,19,1,730,668,661
77,23,942,16,2,904,934,911
77,24,934,17,1,650,348,431
76,22,937,16,2,832,1023,1001
76,44,923,16,1,260,386,466
76,7,793,21,0,514,1023,997
76,60,872,18,5,109,118,273
77,20,946,16,1,620,1023,1023
78,20,939,16,2,435,163,301
79,19,926,16,2,733,1023,1023
75,18,925,19,3,364,195,320
76,11,899,16,2,267,1023,1017
75,9,803,20,0,85,218,368
78,15,888,19,1,514,1023,1023
76,16,881,19,1,0,0,161
76,26,933,19,1,303,745,745
79,17,941,17,0,418,833,839
76,19,943,16,2,322,439,515
77,16,943,17,1,546,1017,1001
77,15,932,17,1,333,483,546
76,19,932,15,0,505,1008,996
79,17,929,18,1,254,339,439
79,17,925,15,3,470,1023,1008
77,15,926,16,2,228,385,476
76,15,926,16,2,425,1022,1001
77,13,923,19,0,204,432,513
79,12,923,18,0,384,1012,999
76,15,924,19,0,126,297,404
76,15,926,16,1,358,1023,1011
75,15,926,16,2,111,338,439
77,13,924,15,3,328,1023,1004
77,13,923,18,1,108,383,472
75,13,923,15,4,317,1017,998
75,13,925,16,1,73,258,374
74,16,784,19,4,553,1023,1023
75,23,919,16,1,173,151,309
75,40,938,17,2,431,1023,1023
77,17,947,15,3,50,187,330
75,15,944,16,3,352,1023,1023
76,18,942,16,2,17,78,251
77,16,937,17,2,343,1023,1015
76,15,938,16,1,0,0,144
76,17,827,19,1,267,522,601
78,71,891,17,0,373,976,960
79,53,921,15,3,110,259,379
75,16,936,17,1,291,1023,1011
76,19,933,17,2,100,292,400
75,16,928,15,3,340,1023,1014
74,16,929,19,1,96,333,432
75,24,924,17,2,282,1023,1007
76,11,763,19,2,239,212,335
43,22,836,17,2,669,1023,1011
75,13,884,17,2,364,269,370
74,19,936,18,1,631,1023,1007
76,19,913,22,0,405,296,396
77,16,913,18,0,667,1023,1007
76,14,915,19,3,389,337,423
74,17,914,16,1,615,1023,1000
76,17,915,16,1,355,379,457
78,17,913,16,1,562,1023,995
74,14,912,18,0,270,255,363
75,17,911,17,2,523,1023,1007
75,15,911,17,0,238,291,386
76,15,911,16,0,478,1023,1006
75,15,911,16,2,206,331,418
77,17,910,15,3,432,1023,996
76,14,909,16,1,134,214,336
76,16,908,19,0,403,1023,1009
74,16,907,17,2,79,251,356
76,37,855,16,1,832,1023,1023
76,47,861,18,2,372,146,285
76,51,941,15,3,606,1023,1022
75,13,922,15,5,285,180,304
77,16,912,19,1,630,1023,1015
75,13,907,17,0,312,215,332
74,17,907,17,1,578,1023,1007
74,15,910,14,1,197,253,358
74,30,812,19,0,973,1023,1006
77,49,870,19,0,441,290,385
74,31,938,17,3,418,1023,1004
73,23,926,16,1,251,328,414
76,23,910,16,0,505,1023,998
75,22,911,18,1,197,215,329
77,22,908,19,0,436,1023,1003
76,26,784,17,2,523,246,358
74,27,871,17,3,750,1023,1010
75,23,931,16,0,247,286,383
75,23,942,19,0,463,1023,1001
76,18,902,17,2,272,321,412
73,18,901,19,1,518,1023,994
74,19,905,16,2,184,211,328
73,58,891,19,0,583,1023,1007
75,14,25,17,0,108,242,347
75,24,31,17,2,467,1023,1018
73,26,928,19,2,0,0,154
77,19,931,16,1,353,781,744
73,18,921,19,2,389,782,776
75,19,921,16,2,246,467,511
73,18,916,15,3,395,1009,972
74,44,19,16,0,623,332,405
77,24,816,17,2,874,1023,1016
73,26,851,15,1,444,217,331
75,22,36,18,1,718,1023,1011
74,26,931,17,1,160,104,246
74,20,907,18,1,503,1023,1023
75,20,906,16,1,41,136,268
72,23,903,16,1,379,1023,1017
75,20,909,15,1,2,5,179
74,23,909,17,0,324,818,771
77,23,907,15,5,322,714,731
74,22,906,17,2,228,501,532
76,22,906,17,0,408,1000,961
73,22,912,18,1,170,358,431
75,24,914,15,5,389,1021,983
77,21,911,15,3,106,238,343
75,23,910,16,1,368,1023,993
73,22,912,18,0,46,134,261
75,22,914,16,1,350,1023,1012
74,25,911,16,1,0,0,168
75,21,911,15,5,242,812,764
75,24,911,15,1,238,717,731
74,22,908,17,2,145,497,524
77,23,909,15,1,317,1000,957
75,22,911,17,3,100,351,425
74,21,909,19,0,320,1020,980
74,17,14,15,3,4,230,332
75,21,22,15,3,437,1023,985
74,25,23,17,1,0,8,223
72,18,923,16,1,6,92,228
75,22,929,15,1,340,1023,957
75,22,917,17,0,55,9,224
76,25,921,16,3,148,400,444
75,21,918,19,0,337,1016,955
74,115,894,17,2,416,276,345
75,16,16,18,0,463,1015,946
75,22,24,19,0,128,162,254
75,24,14,17,2,189,1023,983
75,25,932,16,0,29,0,108
74,23,922,16,3,294,670,628
74,26,915,19,2,372,917,859
75,23,917,16,1,81,344,392
74,34,23,16,3,649,1023,972
75,23,20,17,3,0,0,88
75,24,15,18,0,153,347,383
74,25,933,15,3,462,1023,972
74,23,925,17,3,138,84,203
74,26,917,16,2,481,1023,980
74,20,921,16,2,33,0,91
74,22,15,17,2,273,560,549
76,24,15,16,2,532,1023,940
75,20,12,16,3,273,127,218
75,22,25,17,2,589,1023,976
74,27,933,17,1,229,0,111
74,24,918,16,2,549,811,725
75,24,918,17,2,527,733,703
76,23,919,16,1,373,491,481
74,23,915,17,2,428,1002,918
75,16,13,17,1,139,332,365
74,24,15,16,0,489,1023,937
74,17,15,16,2,0,0,44
75,24,16,15,3,151,345,349
74,22,17,16,2,401,1023,921
75,22,935,18,3,159,0,41
73,23,921,17,3,517,890,740
73,22,922,15,0,437,592,562
73,27,920,17,2,389,577,506
72,27,914,17,2,524,974,849
73,23,915,17,3,259,268,278
74,25,912,19,2,514,1023,911
73,23,912,15,3,192,157,200
74,23,911,17,2,492,1023,928
74,24,911,15,1,119,35,115
74,23,910,17,2,462,1023,927
72,23,911,16,2,71,0,48
72,24,911,17,2,249,523,468
73,25,910,15,3,407,995,871
74,22,911,16,1,131,223,251
72,22,908,19,0,398,1023,921
72,24,910,17,0,72,116,177
72,23,911,15,4,386,1023,938
74,25,909,15,4,0,0,42
74,24,910,16,2,151,433,408
73,23,911,16,1,342,1015,899
75,24,908,19,0,88,292,308
73,20,909,15,3,336,1023,934
72,24,912,16,1,0,34,113
75,23,910,15,5,296,1023,842
74,21,909,17,2,31,77,188
73,22,907,19,0,145,522,444
72,21,910,16,1,251,986,831
72,16,12,19,0,209,222,208
76,15,25,17,0,529,1023,886
77,20,24,17,1,0,0,0
75,23,14,17,3,44,82,82
72,22,920,19,0,522,898,680
74,25,917,17,3,560,587,502
75,24,913,15,3,525,582,459
75,23,910,17,2,649,968,793
74,23,909,17,0,350,274,228
74,22,905,19,0,479,1023,860
74,15,789,18,0,35,154,169
74,18,861,17,0,536,1023,903
75,25,923,15,1,0,0,0
75,25,26,17,2,238,315,250
74,23,929,19,0,576,1023,862
74,23,923,15,2,205,57,58
74,26,924,16,2,543,1023,833
75,23,923,17,2,113,0,2
74,21,926,16,1,67,368,278
74,17,785,18,0,859,1023,847
72,20,870,19,1,258,113,98
74,41,22,16,2,716,1023,849
72,18,19,16,2,594,0,0
73,19,932,16,2,712,274,215
72,19,918,17,0,967,1023,855
72,19,915,16,2,614,166,146
72,18,913,19,0,889,1023,881
72,18,912,19,2,446,46,74
73,10,17,17,2,573,1023,850
72,12,22,17,1,211,86,139
74,21,23,17,2,319,529,408
73,19,14,19,2,489,1023,830
74,27,922,15,0,339,92,87
72,19,916,19,0,711,1023,843
74,20,916,19,1,310,0,0
74,19,916,15,3,433,408,310
73,16,915,15,3,610,1019,825
73,8,12,17,1,163,276,217
75,11,24,17,3,851,1023,869
74,14,25,16,1,366,0,0
74,20,16,17,2,517,295,224
74,19,924,17,3,955,1023,872
71,18,912,17,2,568,26,46
72,18,914,16,2,905,1023,847
74,18,913,16,2,491,0,40
72,16,908,17,1,594,520,407
73,11,12,17,2,357,984,805
75,8,24,19,2,26,67,72
73,14,24,17,3,286,690,528
74,10,25,15,5,430,996,814
73,12,26,16,1,65,74,81
72,19,16,17,2,403,899,663
75,18,920,19,0,534,900,736
72,23,907,16,1,343,389,314
71,19,906,16,1,559,1021,840
75,18,903,18,0,258,266,222
73,16,904,17,0,505,1023,852
72,18,904,19,0,168,160,144
72,18,900,16,2,464,1023,865
73,19,899,15,3,78,43,61
75,19,899,15,4,389,1023,788
74,17,897,17,0,83,60,127
72,19,898,17,2,196,539,412
73,19,897,19,1,343,982,792
73,20,899,16,2,72,243,195
72,18,902,16,2,343,1023,864
74,18,900,14,2,0,0,0
75,16,897,15,4,127,417,323
75,16,896,15,3,326,1010,818
72,18,898,16,2,84,288,220
72,16,897,15,3,338,1023,850
72,16,896,15,3,0,26,34
75,17,16,15,3,172,814,615
75,17,14,17,0,272,917,736
72,22,15,19,0,113,190,149
72,18,925,15,0,703,1023,868
72,23,908,18,1,398,0,0
73,19,904,16,0,659,721,541
73,16,902,15,2,689,886,702
73,15,903,16,0,368,408,320
73,16,16,15,3,432,1016,821
73,17,19,17,2,43,134,113
74,18,23,17,0,466,1023,849
71,19,921,15,3,216,0,54
73,18,919,16,1,502,474,365
73,18,912,16,3,710,1014,823
74,18,913,15,1,420,337,268
73,19,910,17,2,559,1023,844
74,15,17,16,1,68,218,182
74,17,18,16,2,430,1023,863
74,17,15,17,0,28,0,13
73,20,928,16,1,269,235,196
73,21,920,17,3,741,1023,858
73,18,906,15,1,437,137,126
71,20,907,16,1,766,1023,876
73,23,903,16,2,358,11,41
73,21,907,17,3,706,1023,846
72,20,902,18,0,313,0,48
74,18,904,16,1,461,509,399
73,19,900,17,2,617,1002,821
73,20,903,16,1,368,373,309
73,18,902,15,0,573,1023,847
74,16,900,15,5,272,258,223
72,19,899,16,0,528,1023,860
72,18,899,14,2,182,154,151
72,18,895,19,2,449,1023,877
72,18,893,17,1,0,38,72
74,9,724,19,1,923,826,663
75,13,911,17,3,946,933,793
73,16,875,15,0,945,373,325
75,16,28,15,3,981,1023,871
74,19,890,15,3,659,110,139
73,14,889,16,2,967,1023,915
71,21,881,15,3,384,0,48
72,9,661,19,0,238,934,770
75,9,875,15,3,442,784,696
72,54,931,18,1,374,296,297
73,20,21,19,0,986,1023,900
74,18,880,19,0,628,43,117
74,21,874,19,1,960,1023,926
74,56,872,22,5,322,0,50
75,6,708,26,3,520,682,613
72,10,870,23,1,558,996,893
75,25,913,23,2,178,242,283
73,49,900,21,3,733,1023,932
73,18,902,24,2,417,150,211
74,15,891,22,3,714,1023,948
74,28,882,20,2,149,25,126
75,9,742,27,3,823,1023,950
73,14,904,18,0,68,0,123
72,51,929,17,2,431,531,496
73,54,919,16,2,894,999,888
75,22,918,17,1,623,244,283
72,23,919,16,1,883,1023,940
72,23,912,19,0,378,144,206
72,9,717,27,2,937,1023,950
75,22,880,17,1,159,0,70
73,50,923,19,0,651,843,723
74,27,925,16,3,708,691,654
74,22,913,17,3,798,530,494
74,23,900,17,3,963,1004,898
73,21,904,18,1,710,399,402
73,23,906,16,3,900,1023,923
74,17,899,18,0,591,279,312
73,16,899,15,5,827,1023,938
74,18,903,16,3,487,177,233
72,19,899,17,2,764,1023,945
73,18,901,16,1,381,72,160
72,19,897,17,2,696,1023,948
72,20,897,15,3,274,0,66
73,22,901,15,0,507,747,654
74,21,897,17,2,532,833,744
72,22,898,15,0,349,445,432
72,22,896,19,1,526,1012,910
75,22,897,19,0,256,315,335
73,21,895,17,2,478,1023,920
72,20,894,17,2,156,213,256
71,27,895,18,0,357,1023,932
74,15,17,23,2,43,106,184
75,17,12,18,1,577,1023,933
72,48,18,19,0,132,0,141
72,13,910,17,1,425,449,425
72,18,907,17,2,707,1017,902
73,15,898,16,1,432,320,328
74,26,902,16,2,629,1023,919
73,16,896,16,2,0,210,252
73,14,15,19,0,623,1023,938
72,37,14,17,5,0,0,85
72,50,903,17,3,149,78,150
74,33,905,17,3,771,1023,935
72,33,899,16,0,364,0,50
73,18,898,19,0,611,766,647
72,15,894,18,2,533,808,714
74,50,15,17,1,231,451,424
73,61,14,17,1,525,1023,915
74,28,929,17,1,43,19,112
74,27,911,19,1,623,1023,911
72,18,910,16,2,296,0,100
73,19,913,19,3,527,710,607
73,15,903,14,3,528,892,783
73,46,879,17,2,0,399,399
74,27,16,18,2,471,1023,941
73,46,19,16,2,56,0,45
74,50,909,18,1,104,421,408
72,38,908,17,3,468,1014,902
73,36,904,19,2,225,299,312
72,36,903,17,3,481,1023,914
74,21,891,18,1,63,193,238
72,18,17,15,4,726,1023,946
74,19,16,18,2,0,0,61
72,20,17,17,3,165,211,241
74,37,942,21,3,453,1023,947
73,21,943,18,0,127,0,52
74,18,940,19,0,474,925,774
72,18,939,19,3,348,520,516
72,18,938,16,3,303,622,549
74,42,931,16,2,573,947,839
73,12,16,18,1,0,293,327
73,18,17,16,2,1020,1023,935
73,15,924,16,2,0,0,74
75,33,935,16,2,111,325,342
72,32,28,18,1,408,1023,913
73,32,933,15,3,59,76,160
74,31,933,16,0,401,1023,923
75,40,17,15,3,82,0,81
75,12,17,18,3,278,234,276
75,10,18,15,5,547,1023,947
74,27,15,19,0,0,0,45
72,41,923,17,2,216,250,280
73,16,920,19,0,518,1023,922
73,15,916,17,2,182,154,205
73,16,911,17,2,492,1023,937
72,16,909,15,3,40,37,127
72,15,867,16,1,892,1023,917
75,47,14,16,2,180,0,96
74,30,15,19,2,393,367,354
73,21,938,19,2,684,1023,933
73,43,930,16,2,143,111,175
73,45,913,17,3,647,1023,942
73,46,914,17,3,237,0,88
72,43,915,15,1,596,992,817
75,47,911,16,3,416,425,455
75,43,913,16,1,461,677,587
72,43,913,17,0,547,914,811
73,43,916,14,1,318,371,364
73,43,908,16,2,541,1023,910
73,42,904,18,0,240,258,283
74,42,901,17,2,504,1023,919
73,43,903,16,2,168,162,209
75,43,900,15,2,476,1023,932
75,43,902,17,2,98,55,136
75,43,900,16,1,441,1023,914
73,40,903,16,1,49,0,85
73,42,899,15,5,175,379,370
75,43,899,16,1,395,1019,899
72,43,902,16,3,106,269,284
73,43,901,16,0,369,1023,913
75,43,900,16,1,51,168,213
73,40,898,15,3,360,1023,938
73,41,902,14,1,0,0,38
74,47,898,16,2,59,509,464
73,6,15,18,5,608,1023,901
75,16,10,18,2,37,0,37
74,35,32,18,1,329,521,473
72,22,917,18,0,730,1023,910
72,19,916,16,2,417,247,275
74,18,911,19,0,687,1023,926
72,18,914,18,1,314,149,201
73,15,908,16,1,574,1023,937
74,9,18,21,2,85,27,120
71,19,900,15,3,429,832,717
72,23,923,15,3,321,672,619
72,30,924,14,2,389,540,490
72,35,940,17,1,601,990,870
73,25,926,16,3,308,251,277
73,27,922,15,6,577,1023,920
71,27,926,18,1,205,150,207
72,38,916,19,3,342,1023,937
72,11,19,19,1,106,37,129
73,13,19,15,3,660,1023,914
72,28,17,16,0,205,66,196
74,25,933,17,0,381,549,494
72,25,936,19,1,670,984,865
72,23,927,16,2,387,259,283
72,24,927,17,2,651,1023,919
73,24,928,16,2,280,161,210
72,22,929,17,2,521,1023,938
73,10,19,16,2,156,49,134
72,11,12,19,0,617,1023,914
72,20,13,15,4,144,54,182
75,16,934,17,2,399,562,504
73,21,933,18,0,686,978,859
73,16,924,15,3,408,270,284
73,16,924,15,1,668,1023,919
72,18,921,18,3,299,168,214
74,19,922,19,0,534,1023,929
71,13,13,20,3,98,54,141
73,10,13,16,3,588,1023,870
75,20,12,15,3,209,348,394
72,18,18,17,2,259,568,512
75,17,933,18,4,738,1023,907
72,17,924,16,1,469,274,292
72,18,915,18,1,730,1023,923
74,15,917,18,2,357,171,222
72,16,912,19,0,587,1023,935
73,8,19,17,2,56,55,142
75,9,19,14,3,531,857,734
36,18,21,15,3,570,1001,881
72,24,945,16,1,286,233,277
71,25,923,15,3,828,1023,933
70,24,924,17,2,482,139,204
71,26,921,17,2,803,1023,947
72,26,915,19,6,347,23,123
71,34,921,14,3,515,1023,943
73,17,861,15,3,201,0,72
73,20,878,15,3,545,711,624
72,25,927,16,3,613,894,799
72,24,929,17,0,559,411,405
73,21,921,17,2,819,1023,911
73,17,914,17,2,524,293,310
72,21,916,17,2,773,1023,923
72,22,915,17,3,426,195,240
74,25,913,17,2,706,1023,934
72,21,913,17,2,276,93,171
70,26,895,19,0,177,1023,941
75,18,14,18,2,23,0,49
72,27,15,16,3,180,415,402
71,22,932,15,3,470,1023,934
72,17,932,19,0,282,154,210
71,19,917,16,1,647,1023,943
72,18,918,19,0,253,44,137
72,18,917,18,1,611,1023,939
71,19,917,16,2,169,0,60
72,17,915,16,1,366,736,634
71,19,15,17,2,774,848,752
70,16,11,17,2,324,263,282
71,23,928,17,1,589,1023,944
70,22,924,15,2,318,4,104
71,15,922,16,2,765,1023,909
72,15,922,16,3,365,0,110
72,16,920,17,2,580,700,597
72,17,914,17,2,644,903,801
72,15,918,16,2,406,389,381
71,19,913,15,3,616,1021,903
72,15,917,16,1,314,274,288
75,17,915,15,2,572,1023,916
71,16,913,15,5,232,173,221
71,18,915,16,2,538,1023,928
71,15,912,17,0,158,71,151
72,15,914,17,2,504,1023,931
73,15,913,16,2,87,0,44
72,15,914,16,2,293,584,514
73,16,912,17,0,426,960,847
72,15,912,16,2,160,283,294
72,17,911,17,0,415,1023,911
73,16,910,19,1,90,185,229
71,17,915,18,0,385,1023,937
72,16,915,16,2,0,0,40
72,20,824,18,1,270,547,493
72,20,880,18,1,531,984,872
72,22,899,17,0,174,247,277
73,23,906,14,2,516,1023,918
75,22,906,15,5,374,156,206
74,24,901,18,2,781,1023,932
72,23,904,18,1,374,50,131
74,25,901,18,2,723,1023,932
72,23,903,19,1,216,0,52
72,17,900,19,2,218,733,630
72,19,886,16,1,561,853,748
72,88,915,16,1,282,440,414
72,24,911,17,2,526,1013,899
72,24,918,16,2,403,311,320
73,25,912,15,4,693,1023,916
72,22,911,16,1,356,215,248
72,20,914,16,2,623,1023,924
72,22,909,18,0,63,114,178
72,19,854,17,2,619,1023,945
71,25,895,15,0,0,0,51
70,24,900,15,3,192,450,425
72,26,904,18,0,425,1012,899
70,23,898,17,0,149,319,333
72,22,895,16,2,489,1023,914
70,26,889,17,2,95,222,259
73,24,890,19,0,491,1023,949
71,27,888,15,3,0,0,65
74,29,888,17,2,250,581,524
73,31,889,16,2,437,962,853
72,28,889,16,2,125,284,304
72,22,887,15,2,473,1023,920
74,28,885,18,0,82,187,232
73,22,886,15,3,492,1023,950
75,24,886,19,0,0,0,48
72,30,887,16,1,235,536,492
73,26,889,15,3,446,984,872
70,24,889,19,2,100,251,280
72,24,899,16,2,485,1023,923
72,25,892,17,2,219,155,209
72,30,894,16,1,619,1023,938
72,24,892,19,2,228,45,134
73,24,888,17,2,601,1023,938
72,24,888,17,2,156,0,58
71,26,889,16,3,390,731,633
72,23,889,15,3,248,853,757
71,17,872,17,2,324,425,421
71,17,880,15,5,556,1015,909
73,24,896,16,3,173,303,328
70,21,902,17,3,479,1023,922
74,24,909,15,1,152,204,251
70,25,900,17,2,565,1023,929
70,24,900,17,2,207,110,181
70,21,898,19,0,561,1023,946
70,24,896,15,6,134,0,94
73,25,897,16,2,474,994,822
73,23,896,17,0,288,413,456
74,23,894,15,3,326,681,597
73,23,895,17,2,402,902,811
72,17,893,17,0,151,378,379
72,23,893,14,2,356,1020,913
71,24,891,15,3,94,267,296
72,26,895,19,0,492,1023,947
72,15,896,16,3,0,5,111
72,16,894,15,3,340,827,706
72,17,893,17,2,314,686,646
75,16,894,15,3,216,518,483
75,16,894,15,3,440,992,884
71,16,886,17,2,99,235,274
74,19,885,15,3,476,1023,950
75,17,884,17,2,0,0,82
74,13,885,19,0,251,604,545
72,16,885,15,3,418,946,853
72,15,887,17,3,123,299,322
73,15,887,17,2,454,1023,924
73,18,885,19,0,83,202,253
72,17,885,17,0,470,1023,955
73,16,887,15,5,0,0,61
72,18,886,18,1,234,560,518
72,15,887,17,3,427,969,867
74,17,887,16,1,112,270,298
73,16,886,17,2,454,1023,929
70,18,885,17,2,71,171,230
72,18,884,17,2,469,1023,952
73,18,887,16,2,0,0,53
75,17,885,17,2,221,518,485
71,19,885,15,3,433,992,886
72,21,886,15,3,97,233,279
71,19,889,17,3,465,1023,954
73,15,889,14,1,0,0,84
72,16,888,15,3,245,601,546
72,15,889,17,3,409,947,855
72,18,887,16,2,123,295,322
72,18,887,14,2,447,1023,925
75,16,886,15,4,84,200,252
72,24,884,17,3,523,1023,954
72,18,886,17,3,107,0,62
73,20,885,19,0,515,927,778
72,18,886,15,5,398,520,528
74,19,886,17,3,383,624,562
72,17,885,19,0,454,940,843
71,22,887,15,3,140,316,339
74,16,886,15,1,475,1023,927
72,26,901,15,3,112,218,270
72,16,899,18,1,570,1023,937
70,22,895,18,1,248,127,203
71,23,897,17,2,597,1023,949
72,19,894,17,3,197,12,120
73,16,892,17,2,570,1023,944
71,18,895,16,2,155,0,72
21,17,12,887,935,853,1023,865
15,19,12,887,362,366,0,54
18,18,12,886,971,879,1023,897
15,18,17,887,356,368,0,45
16,18,12,887,998,891,1023,906
17,16,14,886,352,370,0,45
16,17,12,887,1010,900,1023,917
18,17,14,885,397,431,93,161
17,16,13,887,1021,903,1023,931
19,19,13,885,702,683,668,565
19,17,15,887,661,626,394,461
17,15,17,885,940,868,1023,877
19,16,12,887,358,378,0,58
17,18,14,887,977,896,1023,907
16,18,12,887,356,376,0,52
16,17,14,887,1001,906,1023,919
17,16,14,885,374,415,46,133
18,15,17,886,1023,916,1023,942
19,19,12,886,672,670,618,536
19,15,13,886,702,673,484,521
18,19,12,886,908,851,1023,845
19,19,13,885,365,382,0,69
15,17,16,886,946,873,1023,888
19,14,12,887,361,367,0,63
19,15,12,885,983,867,1023,914
18,15,15,887,356,0,0,58
18,19,7,887,797,338,816,697
16,18,6,895,680,383,434,485
18,19,6,891,830,618,894,731
18,15,9,890,631,432,357,444
19,21,6,886,863,801,947,768
18,22,4,884,609,707,287,385
15,18,7,885,885,978,1014,810
18,19,6,885,436,538,0,144
16,17,4,887,820,865,883,715
16,17,7,889,652,530,376,458
18,19,5,886,838,643,899,744
15,19,6,880,618,315,326,407
16,16,7,882,868,637,972,789
19,17,6,890,585,472,225,339
18,19,6,887,903,509,1023,837
18,17,8,883,425,312,0,124
15,18,8,883,840,809,914,730
17,17,6,884,627,591,348,429
18,16,8,884,863,573,956,769
18,15,7,887,592,477,263,369
15,19,8,881,895,822,1014,817
16,16,6,885,432,244,0,133
17,19,8,888,833,658,891,719
19,16,8,885,645,691,368,442
17,17,6,884,859,1023,940,751
19,16,6,884,470,571,0,171
19,17,6,881,784,876,809,656
17,16,8,880,705,637,482,509
16,17,7,882,806,412,851,697
19,16,8,889,654,264,391,453
17,15,10,886,841,563,908,729
19,14,8,883,490,254,6,183
17,15,9,879,774,765,780,631
17,16,7,887,727,823,534,534
16,16,7,887,800,905,839,672
19,19,5,885,682,757,436,466
17,19,6,885,829,771,895,708
17,19,8,885,625,0,341,429
18,15,12,888,646,350,541,481
15,18,8,885,735,451,577,567
18,19,8,886,780,556,801,654
15,19,6,890,699,622,489,504
20,18,7,887,813,774,865,693
17,18,7,884,659,764,394,450
17,15,7,889,843,962,920,727
16,18,7,887,619,719,339,407
16,18,7,886,867,945,969,769
19,19,8,886,592,684,248,342
18,18,6,885,898,966,1023,812
19,17,6,886,421,532,0,116
17,15,8,885,836,913,903,717
17,16,7,884,636,728,360,426
17,15,8,885,859,928,949,749
19,16,6,887,607,698,290,370
15,19,9,885,882,938,1004,792
17,17,7,886,434,521,0,127
19,16,8,884,820,862,872,699
16,18,6,886,655,701,383,449
17,18,6,885,850,867,921,728
20,19,5,885,618,654,329,396
16,16,7,885,871,837,974,767
16,18,9,885,589,97,228,333
17,38,13,885,797,396,800,677
17,46,16,890,557,287,146,265
19,19,14,885,1002,732,1023,911
19,29,16,884,398,717,106,156
18,22,17,885,984,1023,1023,907
16,19,15,885,804,882,866,694
18,19,12,883,531,272,101,244
17,40,13,896,989,643,1023,913
15,34,11,881,356,0,0,50
19,21,9,883,865,621,958,767
16,26,9,884,600,758,264,355
17,15,11,881,893,1023,1022,807
19,16,10,880,354,467,0,44
16,17,10,883,1010,957,1023,915
18,42,11,886,376,353,83,157
19,19,8,880,1020,819,1023,936
17,42,8,877,586,310,460,429
18,15,11,879,923,1023,958,859
19,17,8,880,833,1023,902,729
18,15,10,880,500,596,42,215
15,18,6,879,964,991,1023,902
19,16,9,878,386,0,0,89
17,16,8,884,556,248,407,403
17,12,9,880,939,786,972,877
19,12,10,878,587,378,470,453
18,14,8,883,792,628,709,676
17,17,8,881,734,580,716,616
19,18,8,882,752,571,620,614
16,22,7,879,764,663,778,654
19,19,9,879,713,666,531,553
17,18,10,881,794,727,835,691
19,16,9,878,555,383,146,286
16,18,8,882,925,956,1023,865
19,17,8,877,405,389,0,109
17,15,11,878,858,911,936,755
17,17,8,879,471,443,0,177
15,18,9,879,782,874,805,659
16,16,8,881,704,776,492,519
19,16,8,880,811,951,862,701
19,17,8,880,662,745,398,460
17,15,11,879,839,959,912,730
19,17,8,877,492,590,21,197
15,17,9,879,864,955,962,762
19,19,8,877,602,697,269,358
19,17,8,878,892,958,1019,806
18,18,8,879,428,494,0,124
19,16,9,878,830,856,888,712
16,16,7,882,645,700,372,443
15,15,11,879,857,920,936,742
15,15,8,879,473,565,0,169
15,15,11,881,783,846,798,647
15,15,11,878,586,597,225,321
19,17,8,877,1004,903,1023,904
14,18,7,880,344,0,0,38
15,19,10,880,736,412,697,590
16,16,8,878,628,232,349,422
19,12,8,878,866,594,946,752
18,27,6,878,606,703,279,362
19,17,9,877,891,975,1010,797
18,17,9,877,433,491,0,124
19,19,8,876,823,675,872,702
16,20,8,879,642,0,364,459
18,35,8,878,654,356,528,486
17,16,11,880,884,532,901,828
19,17,8,877,777,651,780,655
18,13,10,878,719,829,529,551
15,15,8,877,896,991,1023,827
17,12,7,879,426,487,0,135
18,15,8,878,830,690,885,723
19,15,9,879,623,0,355,451
17,12,7,878,658,279,540,497
17,13,7,878,881,649,896,828
17,14,11,881,675,400,603,535
19,12,8,879,711,715,505,536
14,13,10,879,810,938,852,704
19,12,8,876,551,601,131,278
15,12,11,876,933,735,1023,874
17,18,11,877,358,0,0,71
15,15,9,877,767,484,742,639
15,17,8,878,739,418,565,585
19,17,8,879,791,488,805,676
19,17,8,877,702,420,472,521
19,14,8,877,819,768,865,714
19,14,7,879,660,658,391,468
16,16,7,880,845,920,917,743
19,13,8,877,627,658,342,431
19,12,9,877,865,914,959,780
16,14,7,879,600,408,262,373
15,14,10,881,879,1006,995,817
17,13,8,879,372,180,0,81
18,18,8,877,824,553,872,722
16,14,7,879,653,396,376,462
15,13,8,876,851,861,923,749
16,13,11,877,621,637,329,417
15,15,7,877,979,1023,1023,913
15,15,8,876,360,469,0,64
18,13,7,879,896,964,1023,823
16,13,7,877,431,517,0,138
16,12,9,876,830,903,886,724
19,13,8,876,650,727,376,456
16,12,9,876,858,922,929,753
17,12,10,879,619,701,321,407
15,12,11,877,984,1023,1023,912
15,15,8,877,354,482,0,102
15,14,8,876,1023,1023,1023,945
19,11,8,876,459,578,208,254
17,10,8,879,997,1008,1023,935
16,14,7,879,668,752,607,534
16,14,8,877,854,926,842,772
15,15,6,877,698,768,653,572
16,14,7,879,821,875,752,714
18,13,9,879,724,782,704,604
18,12,7,878,781,826,667,655
17,13,8,877,750,795,749,638
19,13,8,877,743,777,583,596
16,13,11,879,779,798,802,672
15,12,9,878,583,585,223,342
16,13,8,879,903,823,1023,845
15,51,8,877,409,646,0,136
11,34,9,880,829,767,881,735
15,20,11,881,634,404,364,451
18,20,8,879,968,542,1023,911
17,17,9,876,390,415,0,99
14,17,10,878,788,895,808,675
17,15,9,876,582,651,214,331
15,17,8,875,910,903,1023,843
18,33,9,875,413,0,0,128
16,33,8,884,629,373,494,471
18,38,9,879,897,638,924,846
15,55,8,880,653,178,554,506
18,21,9,880,874,854,891,823
18,19,9,880,678,790,616,542
19,16,9,879,849,934,822,757
15,16,9,881,702,725,662,579
16,19,8,881,804,396,730,699
20,22,8,880,741,512,681,613
19,36,9,876,768,517,649,644
17,24,11,879,756,463,757,649
17,20,12,876,605,636,288,395
17,18,9,878,987,1023,1023,924
15,19,10,875,351,460,0,67
15,19,8,876,1001,978,1023,930
16,19,10,877,338,0,0,62
19,19,8,883,858,648,869,746
15,37,10,880,629,196,351,447
14,39,11,878,943,1023,1023,917
15,31,8,877,323,543,0,90
17,28,9,879,971,1023,1023,927
15,29,9,877,335,484,0,68
16,29,10,877,898,961,1023,860
17,28,10,878,358,298,0,84
16,17,10,878,893,974,1023,898
14,14,8,878,339,0,0,92
13,13,11,879,652,319,570,537
14,33,9,876,725,386,548,593
14,31,11,875,777,861,822,697
17,30,9,878,564,669,193,338
11,32,10,876,903,980,1023,868
12,33,8,874,363,444,0,92
12,32,8,875,836,618,908,757
19,25,8,885,588,287,331,448
15,34,9,877,895,628,948,794
15,35,8,873,588,865,286,403
19,32,9,875,865,1023,1007,823
17,30,11,875,364,510,0,100
17,30,9,877,991,1023,1023,940
14,31,10,877,343,478,0,73
17,32,8,873,1006,999,1023,944
18,29,11,874,341,0,0,74
19,24,10,880,834,323,897,780
12,34,10,879,501,0,0,201
18,17,8,873,673,839,614,555
16,17,8,875,845,979,829,773
18,19,10,877,696,816,661,584
16,14,8,876,673,757,425,498
16,16,10,875,828,911,899,744
16,15,10,875,510,558,55,241
18,14,11,874,953,666,1023,912
19,21,10,877,360,0,0,77
12,34,11,874,810,398,780,676
12,32,11,876,581,735,244,363
11,31,10,876,992,1023,1023,933
8,24,10,873,365,533,44,150
10,18,9,873,1023,1023,1023,972
13,16,9,873,549,693,413,413
12,18,8,876,939,995,981,900
11,17,11,875,577,550,459,446
17,36,9,877,816,751,758,730
10,19,9,876,732,454,674,607
14,20,11,877,784,555,687,680
11,26,9,876,849,627,912,767
11,20,10,876,618,299,325,435
10,18,10,878,975,752,1023,931
11,25,9,875,357,35,0,78
9,24,11,878,795,572,817,703
11,18,10,878,693,346,456,519
11,25,10,876,919,664,1023,871
11,17,9,876,371,0,0,91
12,14,8,878,635,352,531,500
12,14,9,877,888,609,906,850
12,15,10,879,659,540,581,535
12,17,8,875,735,690,551,588
10,15,11,876,790,714,816,696
11,14,8,878,576,486,191,332
10,14,9,878,911,888,1023,865
10,17,8,875,421,420,0,141
11,12,11,879,845,949,914,753
11,13,11,876,501,523,27,222
13,14,9,878,969,1023,1023,917
10,17,9,876,362,443,0,71
10,14,11,879,885,974,999,811
11,17,9,876,446,514,0,162
13,12,9,877,810,899,855,708
11,13,10,878,679,754,425,487
12,17,10,875,934,999,1023,877
12,14,11,877,369,473,0,79
11,17,8,876,962,1005,1023,911
12,14,9,877,366,448,0,75
9,12,9,876,875,876,973,799
10,18,9,876,717,25,513,562
13,42,9,882,711,322,607,566
15,33,11,879,831,473,776,737
14,32,10,880,788,1023,882,734
16,33,13,881,390,522,0,134
16,32,14,878,923,1023,1023,900
12,33,16,876,327,302,0,72
12,34,11,877,995,1023,1023,942
12,32,10,881,411,112,135,225
12,23,13,877,954,646,1018,932
12,15,16,881,712,1010,715,622
13,22,14,883,486,584,41,232
14,21,14,880,948,1011,1023,916
15,20,16,877,329,0,0,91
19,25,8,882,856,1023,966,808
15,32,10,876,470,219,0,171
12,32,10,876,899,924,1023,852
16,22,14,881,375,25,0,94
13,23,16,882,831,730,897,746
14,21,17,879,514,583,54,238
12,22,15,878,959,1023,1023,908
12,20,16,877,353,402,0,83
12,20,15,878,1023,1019,1023,945
12,22,15,878,515,600,319,342
15,21,15,878,904,973,932,859
13,20,15,878,747,872,741,634
13,20,15,880,621,701,327,427
13,20,17,877,976,1023,1023,922
13,20,14,879,352,483,0,104
12,20,15,878,1023,1023,1023,966
13,20,16,876,635,755,542,498
13,20,14,879,764,845,626,630
13,21,17,877,863,930,964,787
12,20,18,877,462,516,0,182
12,20,14,878,885,803,1006,817
12,49,8,881,368,166,0,95
10,31,17,878,837,605,851,723
10,32,14,878,540,392,117,277
12,34,18,875,1005,1023,1023,934
12,40,18,873,474,639,256,294
13,35,15,876,931,990,972,888
15,35,14,873,696,555,656,580
16,35,10,879,658,700,418,487
14,38,17,877,954,837,1023,882
10,34,16,880,364,474,0,88
10,33,14,879,945,1023,1023,911
12,39,15,879,345,481,0,89
14,31,14,876,1020,1023,1023,947
13,35,14,876,508,465,314,342
12,23,11,878,882,823,916,863
11,44,16,877,769,467,716,636
11,34,16,873,614,589,340,442
16,32,14,880,959,1023,1023,927
10,22,14,878,338,476,0,110
11,22,13,876,1023,1023,1023,968
10,21,14,875,620,33,523,500
14,35,8,883,886,457,907,850
11,33,15,876,669,371,566,538
13,36,14,876,730,223,550,599
13,32,13,875,881,1023,1005,831
9,32,16,874,353,496,0,88
12,35,14,875,903,1018,1023,863
13,32,15,876,354,434,0,88
15,33,14,874,1011,1000,1023,950
12,33,15,875,479,526,251,308
11,32,16,873,945,935,980,910
13,31,17,875,696,647,651,589
12,32,16,873,685,545,436,517
13,31,17,874,922,852,1023,888
12,32,15,876,370,345,0,100
12,31,15,875,1017,1023,1023,953
12,34,16,874,490,640,274,325
12,35,13,874,932,1002,965,895
13,32,16,873,819,917,876,747
12,32,12,873,538,624,101,286
13,30,14,875,1013,1023,1023,950
13,32,14,875,484,623,264,315
14,34,12,873,942,990,971,903
11,31,16,874,703,793,665,598
10,31,17,874,675,745,422,504
12,32,16,873,930,967,1023,893
11,32,15,873,372,461,0,101
14,33,16,873,1020,1010,1023,956
12,34,12,874,493,603,282,327
11,31,17,876,928,953,963,891
12,31,17,874,716,761,687,614
15,32,15,873,656,602,379,491
10,22,8,878,940,686,1023,904
11,32,9,880,403,119,0,131
12,42,16,887,863,748,956,792
12,33,11,877,473,574,0,199
12,32,14,883,883,975,996,818
12,32,12,882,447,542,0,172
13,30,15,881,905,948,1023,848
12,34,12,881,377,0,0,102
11,31,11,883,835,469,867,745
13,17,11,877,525,177,72,256
15,46,14,884,955,721,1023,909
12,36,16,880,371,515,0,91
12,31,16,881,980,1023,1023,929
12,32,14,882,355,488,0,115
11,32,16,879,1023,1023,1023,973
10,32,13,880,629,572,530,504
16,23,7,878,769,89,638,648
17,19,9,872,656,390,550,531
15,41,15,877,875,982,899,846
17,31,17,872,780,1023,801,691
17,31,17,872,447,539,0,184
18,33,15,871,901,980,1023,847
17,32,16,870,379,427,0,105
19,32,16,870,1009,811,1023,948
19,23,8,873,369,281,63,184
15,35,9,873,1023,868,1023,983
18,41,14,872,476,331,258,322
18,19,15,875,929,1023,972,903
19,32,16,872,805,961,860,739
17,31,16,871,539,606,122,297
19,25,14,872,1004,886,1023,948
15,18,8,874,366,534,96,204
12,16,9,878,1023,846,1023,987
17,38,9,876,497,537,287,340
17,31,13,874,985,911,1021,947
19,33,8,874,719,966,701,623
16,25,11,873,788,881,683,685
16,18,10,874,848,910,926,780
16,17,13,872,483,337,2,224
15,15,11,873,858,1023,964,807
13,14,10,872,359,136,0,123
25,16,14,876,995,811,1023,942
16,16,18,878,358,0,0,88
16,37,16,878,822,620,856,736
14,34,13,872,547,522,118,289
13,32,13,872,1015,1023,1023,947
15,35,12,872,481,589,256,306
15,35,12,873,942,997,977,902
15,32,11,872,702,803,656,588
13,32,15,875,680,756,429,506
15,34,13,873,925,1023,1023,887
14,32,12,876,354,477,0,84
17,33,12,872,1016,1023,1023,950
14,34,15,872,490,636,271,318
15,35,10,872,934,996,965,897
14,31,14,874,711,808,674,603
17,32,12,872,668,735,400,495
12,32,11,875,935,962,1023,902
14,32,12,875,368,391,0,96
16,32,12,875,962,874,1023,926
13,40,11,874,364,293,0,91
12,35,14,874,987,922,1023,934
12,35,11,874,365,409,0,87
16,34,13,873,1004,1009,1023,943
15,33,15,872,456,581,193,268
15,35,12,875,966,1009,1012,931
15,36,12,872,862,926,955,798
14,34,12,874,469,542,0,208
14,35,12,871,883,924,995,821
16,34,12,872,450,452,0,180
14,34,13,873,901,485,1023,850
16,15,11,873,366,331,0,106
24,17,12,874,1007,901,1023,947
23,16,14,871,403,34,64,185
20,25,13,871,1023,815,1023,977
24,31,13,873,567,528,437,438
24,32,13,872,852,735,808,769
20,18,13,874,798,1023,862,731
22,14,9,875,410,285,0,160
17,15,8,872,828,660,887,752
17,12,12,871,657,0,357,477
18,33,14,872,755,728,743,644
25,32,11,871,622,713,330,438
22,31,15,872,973,1023,1023,928
25,30,11,871,349,95,0,106
26,13,11,873,982,1023,1023,960
16,15,11,872,453,370,177,259
17,13,11,874,974,373,1002,931
18,23,12,872,754,188,733,653
17,22,9,874,614,500,311,430
14,23,9,872,868,847,973,805
14,22,11,872,598,539,256,389
14,23,9,871,994,316,1023,939
24,16,7,875,365,26,0,104
17,13,9,874,827,553,854,730
12,24,14,873,678,0,397,495
23,30,9,873,735,357,699,616
17,23,11,872,785,747,673,668
12,22,9,874,851,933,931,770
16,22,11,871,621,687,329,434
16,20,10,873,970,819,1023,925
23,16,10,878,308,382,0,88
17,17,7,871,979,866,1023,939
17,16,9,874,385,0,0,108
16,20,11,872,715,382,652,590
15,17,11,874,682,0,411,500
26,20,14,872,729,513,692,612
22,23,10,873,650,675,373,475
20,23,8,871,948,937,1023,905
24,28,7,871,402,508,0,122
23,21,13,872,866,888,956,789
23,26,10,873,469,94,0,190
24,22,11,871,786,610,804,681
25,22,9,871,595,642,228,355
25,22,10,870,903,1007,1023,837
22,23,8,871,362,481,0,72
24,22,9,871,924,994,1023,866
24,23,10,871,424,515,0,139
24,23,9,871,946,1003,1023,893
23,22,11,870,374,493,0,84
22,24,12,870,966,1023,1023,919
24,23,9,870,360,502,0,88
24,23,8,872,984,1023,1023,922
23,24,10,870,368,502,0,80
25,21,10,870,999,1023,1023,929
23,22,10,871,370,514,11,134
24,22,10,870,1023,1023,1023,959
26,21,10,869,756,826,749,646
24,23,8,870,624,688,318,428
25,22,8,873,869,892,971,797
24,21,10,870,606,640,267,390
24,23,10,873,993,958,1023,930
20,24,11,870,359,391,0,78
22,23,8,870,1006,873,1023,935
23,24,9,873,353,95,0,77
24,13,7,875,835,606,852,737
24,12,11,872,651,231,382,483
24,13,13,876,947,643,1023,906
22,31,11,876,368,129,0,89
23,24,11,876,963,1023,1023,925
23,25,9,875,352,420,0,99
22,24,11,876,985,640,1023,935
25,13,8,873,331,68,0,89
15,15,6,872,811,539,814,709
22,17,7,873,698,279,464,534
22,22,11,871,821,648,863,732
25,24,10,871,544,613,122,288
23,25,8,870,1008,1023,1023,940
22,23,9,872,399,432,91,190
23,31,8,870,1023,741,1023,976
16,12,6,872,477,197,262,321
15,12,11,872,984,675,1020,940
15,17,10,873,722,287,667,605
23,21,10,872,670,753,397,492
24,22,11,871,937,1023,1023,898
24,23,11,871,351,416,0,83
23,24,11,871,1016,565,1023,953
25,12,9,874,396,324,121,222
22,11,9,871,1019,846,1023,959
24,18,15,871,612,189,484,481
24,23,9,870,810,784,714,704
22,23,10,870,733,942,719,631
24,21,10,869,633,716,361,467
24,21,11,871,955,992,1023,923
22,21,10,871,360,0,0,92
23,17,6,874,733,1023,774,681
16,15,11,872,623,237,270,395
15,15,9,872,999,812,1023,940
16,26,11,874,389,3,0,112
14,25,10,872,821,544,852,735
17,17,11,872,551,148,116,295
12,16,13,875,1011,866,1023,945
14,17,16,872,398,272,87,193
16,15,16,873,1023,905,1023,960
16,20,17,873,691,586,631,575
14,32,14,875,702,535,469,536
14,31,13,874,905,587,1023,861
16,32,9,873,377,36,0,99
14,33,10,872,731,503,698,617
16,31,11,871,650,542,369,474
15,27,9,873,953,859,1023,908
16,24,10,874,404,307,0,124
15,26,9,872,973,904,1023,927
13,32,9,871,397,343,0,111
16,24,11,873,883,848,992,815
15,23,8,870,452,278,0,172
14,30,10,873,807,1023,847,707
15,22,9,873,437,394,0,159
16,28,9,874,825,559,874,728
16,23,11,871,667,522,387,480
14,23,8,872,943,933,1023,894
17,20,9,872,419,496,0,128
16,23,10,871,862,915,937,769
16,22,11,871,491,578,0,202
14,22,10,871,874,932,971,788
14,23,8,873,468,555,0,176
14,23,8,872,797,856,818,682
14,24,10,870,711,769,490,531
14,23,8,870,907,922,1023,841
14,25,8,871,435,456,0,145
15,23,10,870,829,681,884,724
19,18,8,875,507,0,74,249
17,32,9,869,643,377,525,484
25,32,9,871,878,688,915,841
23,34,9,872,638,480,563,507
23,22,11,870,871,1001,898,828
22,23,13,873,862,1003,976,790
21,25,8,871,384,410,0,103
22,22,11,873,878,233,995,816
22,18,7,871,419,208,0,158
14,22,10,872,814,493,846,713
16,47,11,872,560,328,136,291
17,22,12,872,1010,1023,1023,927
17,24,11,874,474,602,236,277
15,21,11,870,951,979,990,893
17,21,10,870,679,142,609,548
20,22,8,874,687,323,484,534
22,43,8,869,814,556,836,709
24,32,12,871,682,350,429,496
24,31,11,872,921,911,1023,866
23,21,11,873,372,511,0,84
23,22,11,873,947,1012,1023,893
22,23,9,873,356,125,0,71
22,18,11,873,954,1023,1023,918
21,34,9,871,365,0,0,90
24,30,11,870,786,543,787,675
22,49,9,869,602,170,241,372
20,24,8,869,897,698,1019,826
22,24,7,871,442,496,0,156
22,22,11,869,820,889,868,722
22,22,11,869,549,472,116,275
22,15,9,870,1008,1023,1023,930
22,17,8,870,409,76,77,181
20,31,11,870,1023,669,1023,957
23,27,11,869,494,335,267,307
24,23,11,870,932,1023,969,880
23,23,11,870,814,925,866,720
23,25,8,869,552,584,128,288
24,22,9,871,926,771,1023,876
24,20,8,871,392,446,0,131
17,20,10,870,853,754,907,762
14,32,12,873,487,31,8,213
15,26,9,870,767,392,761,648
16,22,9,871,737,836,566,584
16,21,11,877,783,908,811,674
17,21,10,872,591,659,235,352
17,20,9,872,1001,1007,1023,924
14,23,9,872,368,4,27,139
26,17,8,870,970,1023,1023,928
17,24,7,870,383,0,0,70
12,18,10,868,745,560,715,616
17,22,7,871,642,131,348,451
16,24,7,871,859,868,939,763
14,22,9,869,624,701,320,418
14,22,9,870,871,933,974,789
17,20,10,868,607,624,262,380
15,21,10,871,995,728,1023,920
24,19,8,870,320,430,0,71
17,14,7,869,928,834,1023,845
15,15,10,869,417,12,0,149
16,23,9,869,830,451,884,730
20,25,10,868,649,591,375,468
15,23,10,868,945,1004,1023,893
14,23,10,868,352,429,0,71
17,22,9,868,1017,830,1023,938
23,35,6,873,312,270,0,88
17,20,8,875,994,770,1023,924
15,18,9,875,374,0,0,103
14,23,11,872,687,512,636,563
16,22,11,872,697,649,468,521
15,23,10,869,907,1023,1023,852
15,23,8,867,358,495,0,71
16,20,10,869,933,1013,1023,883
18,23,8,867,361,486,0,74
15,21,10,868,955,1014,1023,907
17,20,9,868,360,478,0,83
15,24,10,868,977,1016,1023,926
16,22,9,868,359,474,0,102
14,21,10,870,1023,1023,1023,953
16,21,8,870,523,628,330,356
18,20,11,868,971,988,1016,930
15,22,8,867,748,802,737,643
14,21,9,869,763,807,620,636
14,21,8,870,764,810,772,666
16,22,7,870,736,772,563,597
15,22,8,869,784,818,808,688
17,21,8,867,712,741,502,556
15,23,8,868,803,828,844,714
15,22,9,867,688,710,446,515
17,21,10,867,823,838,880,737
16,20,7,870,538,556,98,272
16,21,10,871,842,852,913,750
14,23,7,869,511,526,37,232
14,23,8,869,860,860,938,771
16,20,11,868,623,643,316,422
18,21,10,871,980,960,1023,919
16,20,11,869,364,416,0,76
15,20,9,868,995,966,1023,926
14,21,8,870,386,421,0,97
16,20,11,868,815,815,859,714
15,21,13,870,559,563,132,288
16,20,11,867,1011,967,1023,930
14,22,8,868,397,463,81,175
14,20,10,870,1023,976,1023,965
