10,13,911,18,0,362,1023,855
10,14,914,16,2,0,0,0
11,12,909,17,1,70,217,169
7,12,910,17,4,365,1023,864
9,12,911,17,2,0,0,0
10,13,909,18,0,19,71,66
8,14,911,17,1,345,1023,799
5,12,910,17,4,126,317,304
8,14,910,18,3,180,572,429
8,11,910,21,1,346,1016,822
9,13,911,16,2,34,123,102
6,12,909,18,1,360,1023,849
9,12,909,17,2,3,0,57
11,13,911,18,1,0,0,0
10,15,910,17,4,123,400,302
5,12,909,19,0,333,1015,819
7,13,909,15,5,32,131,106
8,14,910,15,6,347,1023,841
7,15,911,18,3,0,0,43
7,12,910,19,1,0,0,0
8,12,914,16,2,65,245,185
7,11,909,19,3,332,1023,850
9,13,910,19,0,0,0,0
8,12,910,15,3,0,0,0
9,15,911,17,2,59,217,164
9,10,910,18,3,344,1023,848
8,12,910,18,3,0,0,0
5,12,910,17,4,0,0,0
8,13,912,19,0,45,185,144
5,12,909,17,4,329,1023,848
7,12,908,17,2,0,0,19
10,13,906,17,3,0,28,35
9,14,903,19,0,253,851,625
8,10,906,16,2,300,916,741
11,9,901,19,1,59,190,159
12,11,900,19,2,368,1023,866
11,9,901,17,1,0,0,0
11,11,899,16,2,8,39,57
11,11,898,17,2,307,858,645
14,12,897,17,0,284,655,549
18,10,896,15,2,243,536,411
13,9,897,19,0,448,987,802
13,10,897,19,1,130,90,86
13,8,898,15,3,513,1023,844
14,10,897,18,1,148,0,83
12,14,902,16,2,253,409,311
13,10,900,19,2,449,1020,825
11,10,902,17,3,109,278,215
13,9,903,16,3,340,1023,841
14,13,903,16,2,0,2,25
16,10,900,18,2,195,635,484
13,8,903,18,1,303,938,766
14,9,903,19,3,44,169,157
10,10,899,16,3,378,1023,874
9,10,899,16,2,0,0,4
11,9,896,15,3,8,3,40
10,10,900,19,2,187,457,368
17,9,899,15,3,416,1009,832
23,11,898,16,1,111,171,149
23,8,898,17,3,483,1023,864
22,9,899,16,2,92,0,0
24,9,899,18,3,261,319,252
23,13,898,15,2,565,1023,863
21,8,897,18,1,188,51,65
17,9,897,18,0,545,1023,791
20,10,895,18,3,318,359,346
23,11,897,18,2,402,732,551
25,8,895,18,0,446,882,703
17,10,895,19,0,151,245,201
15,11,897,16,1,393,1023,853
15,9,897,19,2,36,138,124
21,8,904,18,1,353,1023,869
11,9,902,18,2,0,0,79
11,11,900,17,3,0,0,13
9,11,899,18,1,232,593,465
10,9,896,17,1,399,1016,843
15,11,897,17,2,57,132,130
14,10,896,17,2,402,1023,877
17,11,897,17,2,0,0,0
14,10,898,19,0,120,279,224
15,9,897,15,3,420,1023,853
14,9,895,19,0,34,1,31
17,11,897,17,2,270,639,489
17,11,897,17,2,394,937,763
13,8,895,15,3,124,315,254
13,10,894,19,0,373,1023,867
14,11,897,17,0,6,53,68
13,10,897,16,1,277,866,654
14,11,896,17,2,211,631,536
13,9,896,17,2,173,545,428
16,10,896,19,0,353,1021,846
12,9,902,16,4,97,245,215
10,10,902,19,0,401,1023,893
8,10,899,18,3,0,0,1
11,8,898,16,4,91,99,116
17,8,899,17,3,452,1023,845
15,10,898,17,0,191,279,305
18,10,902,16,0,329,782,605
26,11,900,19,0,362,780,646
32,11,901,18,1,230,472,374
32,10,900,17,2,454,1012,835
19,11,901,18,2,203,329,270
17,8,900,16,6,483,1023,852
18,10,897,17,3,128,64,82
16,10,897,19,0,518,1023,860
18,7,899,16,2,130,0,24
15,9,899,19,2,285,377,300
17,9,897,18,1,556,1023,863
15,10,898,17,0,154,0,0
17,9,896,16,2,445,746,573
16,10,896,19,3,551,980,804
19,8,897,15,5,280,259,220
16,10,902,17,2,976,1023,1005
10,11,903,17,1,552,157,264
11,9,902,15,5,844,1023,1004
9,8,901,17,2,406,27,174
8,10,902,19,0,725,1023,907
8,12,907,16,2,501,388,498
9,14,907,17,3,486,522,524
12,12,906,18,3,650,1023,962
11,15,904,17,3,314,219,295
17,12,906,17,2,606,1023,971
15,17,903,17,1,235,108,212
16,12,906,16,2,578,1023,987
16,12,906,16,2,151,0,112
17,13,906,16,2,538,1023,942
19,12,904,15,3,150,0,163
14,12,904,19,0,351,649,595
17,12,904,18,0,453,934,857
16,13,907,16,1,199,322,352
16,13,904,20,2,445,1023,939
17,12,904,18,0,122,210,268
13,11,905,18,2,434,1023,955
11,15,903,18,1,83,98,196
9,14,907,17,2,419,1023,952
11,17,905,18,2,49,0,189
10,17,905,18,3,145,408,414
9,12,904,15,3,353,1014,923
10,14,906,18,1,35,132,205
11,11,903,17,2,366,1023,954
12,14,908,16,2,0,0,55
17,17,905,18,1,146,462,433
14,17,905,17,3,348,1009,904
15,13,908,20,2,97,321,328
18,15,905,18,0,363,1023,938
14,14,905,19,3,4,52,139
15,15,904,17,1,334,1023,871
14,12,905,18,1,26,42,195
15,14,906,19,1,169,551,494
16,14,904,17,1,329,979,867
17,9,904,15,3,72,249,271
17,13,904,15,3,357,1023,938
15,14,906,16,4,0,0,43
16,14,904,19,0,125,418,395
33,13,908,18,2,331,1016,904
17,12,906,16,6,85,285,304
17,17,905,18,2,381,1023,944
17,12,904,16,4,0,17,113
16,13,903,16,2,346,1023,841
20,13,906,18,1,68,109,236
28,12,902,15,0,235,692,597
27,12,906,16,2,324,902,803
29,13,904,19,1,126,370,359
29,14,907,16,0,378,1022,900
29,13,904,21,1,86,251,267
23,12,904,15,5,386,1023,934
21,14,906,18,1,0,0,64
26,13,906,17,0,202,607,524
24,15,904,15,3,338,948,835
24,12,904,19,0,94,291,292
26,12,904,19,2,376,1023,929
22,13,904,19,0,0,22,100
27,12,904,15,6,338,1023,831
32,11,907,18,1,65,91,215
16,12,908,17,2,207,529,473
12,12,906,15,4,399,995,877
14,14,904,17,2,111,227,252
17,12,904,15,3,426,1023,923
15,15,903,17,2,80,116,172
19,15,907,16,2,434,1023,932
15,13,905,15,3,24,0,30
12,12,907,17,2,274,618,529
10,13,904,18,3,421,945,827
13,13,904,19,1,178,300,296
12,12,903,19,1,463,1023,901
12,10,904,19,2,153,195,212
11,13,907,16,1,478,1023,914
12,15,905,19,0,109,79,139
13,12,904,17,2,473,1023,926
15,13,905,15,3,56,0,31
16,13,904,19,1,280,576,494
9,12,905,15,4,460,974,853
10,14,908,16,2,323,129,196
9,14,904,17,2,713,1023,969
9,11,904,17,2,249,0,67
12,12,905,18,1,445,623,561
10,14,906,18,1,534,945,852
16,14,907,18,0,249,304,320
14,13,904,18,3,491,1023,927
13,15,905,18,1,151,194,240
13,12,906,17,4,447,1023,937
15,16,905,16,2,70,85,160
15,13,906,17,3,452,1023,936
11,13,904,15,3,56,0,100
11,13,904,17,5,240,578,529
14,12,906,16,2,364,967,869
12,15,904,17,0,83,266,295
12,15,905,18,2,363,1023,947
10,14,907,16,2,0,0,89
8,12,903,15,3,197,622,547
8,12,906,16,4,346,1010,901
9,13,906,17,4,45,157,208
8,13,907,18,0,379,1023,934
8,12,907,17,1,21,0,128
6,13,903,17,2,99,302,322
8,12,903,19,0,356,1023,945
10,12,903,15,3,0,0,56
11,13,904,17,0,90,301,301
10,15,904,16,3,360,1023,926
9,12,906,16,2,1,33,110
11,15,904,17,6,267,857,701
9,12,906,17,2,232,662,610
12,13,903,18,2,111,350,334
12,12,905,19,0,358,1021,910
14,13,905,17,3,71,229,253
9,12,906,17,2,366,1023,941
10,12,907,19,0,0,0,43
11,17,907,16,2,123,395,372
11,13,904,17,2,350,1017,892
14,16,905,18,2,85,267,271
11,13,904,19,1,370,1023,927
11,11,905,17,0,0,0,77
16,12,904,17,5,202,627,534
13,12,904,15,6,325,938,821
15,15,907,17,1,96,307,300
15,15,906,18,1,363,1023,920
17,13,904,15,3,0,40,111
14,15,904,15,4,327,1023,845
16,12,906,17,0,65,72,197
6,14,911,19,2,203,538,481
11,20,910,17,3,375,1023,908
11,16,907,17,1,66,227,251
11,18,908,16,2,363,1023,932
11,20,907,17,4,0,0,40
11,21,906,18,1,186,581,498
9,23,908,16,2,335,965,842
9,10,917,15,3,46,129,181
7,13,907,17,4,432,1023,929
10,17,908,17,1,23,0,132
10,15,909,16,1,136,449,406
11,19,911,17,3,344,1008,879
10,15,910,19,0,101,309,299
11,16,911,15,1,368,1023,897
10,15,911,18,1,71,200,216
10,15,910,16,2,391,1023,926
10,16,909,19,1,0,0,22
8,16,909,17,4,196,540,464
8,16,910,16,4,380,1023,889
9,15,911,16,2,31,91,141
9,12,909,15,4,368,1023,873
10,15,909,19,0,126,293,350
10,14,908,19,1,253,773,637
10,19,911,16,2,291,796,696
8,16,910,15,3,151,462,409
10,17,910,18,1,362,1023,900
9,16,909,16,4,53,174,200
8,14,910,17,1,373,1023,915
8,15,910,18,0,0,0,89
9,15,911,16,1,15,17,84
9,13,911,17,2,556,856,715
6,14,907,19,1,559,929,844
10,14,904,16,4,233,182,234
8,14,911,16,2,517,1023,937
13,18,911,16,2,83,0,45
9,12,908,15,5,331,703,605
11,13,910,17,2,432,998,886
8,12,910,18,3,126,221,255
35,14,911,19,0,455,1023,955
7,14,909,18,0,54,0,66
9,15,911,16,2,238,569,518
8,12,907,15,3,379,1017,911
12,14,911,16,2,31,118,183
12,14,907,15,3,372,1023,944
10,15,908,15,3,0,0,47
10,12,905,17,2,146,441,415
25,13,910,16,2,389,1014,909
8,14,906,16,3,131,297,324
13,13,908,17,2,375,1023,950
16,13,908,17,0,0,22,126
25,12,908,17,2,322,1023,849
27,13,908,17,2,52,85,222
26,13,908,15,3,168,522,471
22,13,910,14,2,346,994,880
24,12,907,15,1,76,223,256
8,14,908,19,1,416,1023,956
12,14,908,17,2,0,0,58
27,17,909,18,3,117,381,379
8,14,907,19,0,339,1020,906
8,14,907,19,2,28,115,175
9,14,910,17,2,361,1023,921
10,12,909,19,1,8,0,136
11,12,909,18,1,81,261,273
9,14,908,20,1,364,1023,932
9,13,912,17,2,0,0,43
10,17,910,16,1,113,267,283
8,13,907,21,1,352,1023,914
10,13,909,17,2,0,0,80
9,11,909,15,3,193,623,537
8,12,908,15,1,336,1008,887
9,12,909,15,1,44,159,199
10,15,909,16,1,363,1023,918
9,14,910,16,2,0,0,48
9,13,910,15,3,52,168,200
7,21,909,16,2,393,1023,929
10,16,910,19,2,0,0,108
11,13,909,15,4,97,312,309
15,15,911,15,3,363,1023,920
21,13,909,16,1,6,53,123
14,15,910,16,2,336,1023,851
11,13,909,17,0,38,33,172
12,14,908,19,1,177,556,477
10,13,908,17,2,341,976,848
11,13,910,16,2,82,253,257
12,15,910,16,0,373,1023,924
13,13,910,17,2,0,0,61
12,13,910,19,0,201,617,522
12,15,910,16,2,331,941,820
11,13,907,16,2,99,306,295
12,13,908,19,1,367,1023,915
12,14,907,15,3,4,42,109
12,13,908,19,1,337,1023,841
10,12,907,15,4,43,51,182
12,14,908,15,3,176,545,470
11,13,910,17,4,339,981,854
11,12,909,18,1,82,249,255
10,14,907,19,0,394,1023,939
16,17,905,18,2,0,0,70
22,15,907,21,1,188,603,526
17,17,909,16,2,319,945,830
19,15,910,16,2,91,293,291
17,15,909,16,4,366,1023,924
14,11,910,19,0,0,31,103
13,13,909,16,2,332,1023,841
15,12,909,18,1,56,65,194
7,13,908,19,1,197,540,481
9,13,903,16,2,359,1019,905
15,14,909,20,3,21,98,155
19,13,909,18,1,361,1023,910
13,14,906,15,4,0,0,58
17,15,908,18,6,83,253,256
16,17,910,17,0,376,1023,925
14,14,908,20,5,0,0,58
9,13,911,15,3,241,628,535
9,17,904,16,3,411,1014,899
17,13,907,16,1,84,163,201
33,16,909,19,5,402,1023,935
30,14,908,17,1,0,0,30
16,12,907,16,2,180,503,444
17,12,907,17,2,367,999,872
16,14,905,18,2,76,213,234
19,13,907,18,1,386,1023,935
8,14,903,16,1,15,0,49
6,13,903,18,1,225,566,507
11,13,902,18,4,379,1019,905
8,12,905,19,1,80,266,281
13,13,909,19,1,360,1023,935
11,14,907,17,2,0,0,38
11,15,907,17,2,141,457,413
10,13,910,16,2,343,1008,890
8,13,906,15,4,99,319,316
9,12,910,17,2,365,1023,935
11,11,910,17,0,0,0,45
10,12,908,15,4,180,346,337
7,16,906,19,1,507,1023,925
7,17,906,16,2,131,77,166
13,13,906,15,3,444,1023,930
12,12,907,17,2,21,0,88
12,11,907,16,0,144,399,387
15,16,908,17,0,352,1014,901
15,15,907,16,2,86,279,293
16,12,907,16,1,365,1023,939
15,14,910,17,2,0,10,107
16,13,906,18,3,321,1023,837
15,13,906,17,2,50,94,227
16,14,906,19,1,162,519,466
15,14,907,16,2,338,996,877
15,16,906,17,3,67,224,249
15,14,907,16,2,366,1023,939
13,13,904,21,1,0,0,53
13,11,905,17,2,186,583,509
16,12,904,18,5,332,961,849
16,16,906,17,1,87,277,287
14,14,908,17,0,366,1023,940
17,13,907,16,1,0,7,100
13,12,905,17,1,270,834,695
22,14,911,16,1,259,699,647
11,9,905,17,2,224,518,476
10,10,909,17,3,416,1023,922
11,9,907,18,1,97,224,263
13,13,908,17,2,417,1023,951
14,14,910,14,1,0,0,57
11,11,909,17,0,154,393,385
12,14,907,15,6,402,1017,909
14,14,908,17,0,113,272,289
18,18,908,17,2,415,1023,918
19,15,909,18,1,96,167,211
17,12,909,19,1,452,1023,945
20,10,908,15,3,39,0,37
18,10,908,19,1,302,688,589
19,13,910,16,2,392,904,808
18,10,908,17,0,163,371,362
18,12,910,16,1,388,1019,906
17,11,909,18,1,78,259,281
17,8,907,17,2,363,1023,943
20,10,907,17,0,0,0,44
19,11,905,16,2,143,447,416
9,15,909,18,2,367,1010,915
14,19,913,16,3,53,165,226
24,18,909,17,1,363,1023,952
12,22,906,17,3,0,0,41
16,17,905,15,4,160,509,462
16,15,905,19,2,336,996,888
17,21,904,16,2,65,219,250
11,20,909,19,1,370,1023,953
11,23,907,16,1,15,0,70
32,16,906,18,3,257,751,649
18,17,907,16,3,292,826,739
15,15,908,15,5,140,445,419
20,14,907,18,1,348,1011,901
18,12,907,16,2,95,310,321
13,15,907,19,0,380,1023,942
9,20,906,19,0,43,49,156
18,15,911,18,2,372,1023,890
17,12,908,21,1,40,31,199
11,15,907,18,2,181,555,499
10,14,907,18,3,340,976,863
11,14,908,17,2,78,259,281
11,15,909,18,0,367,1023,946
6,19,907,16,4,0,0,106
8,16,913,15,2,219,622,565
9,13,909,17,2,357,1008,920
10,13,906,20,4,49,163,228
14,14,905,16,3,368,1023,953
14,15,907,16,4,0,0,44
11,19,907,18,1,190,507,463
9,13,906,17,2,385,998,886
8,12,904,18,1,44,63,143
8,13,904,19,1,394,1023,878
8,12,906,19,0,182,325,395
8,13,902,19,6,241,573,511
8,13,905,18,2,416,1017,907
7,15,907,16,3,88,128,187
10,17,905,18,2,423,1023,931
8,14,904,19,1,20,0,71
10,14,904,19,6,133,280,294
11,17,907,16,2,396,1023,920
8,12,904,17,0,78,179,225
11,13,907,18,0,430,1023,943
7,12,903,15,3,105,0,79
6,13,905,16,2,272,527,493
12,14,904,15,3,416,1023,925
12,15,905,16,0,85,231,270
10,14,904,17,4,368,1023,956
12,14,902,18,3,0,0,72
13,13,903,16,2,204,599,537
5,14,904,15,1,356,960,871
10,12,908,16,1,39,139,215
10,14,908,19,0,356,1023,958
11,14,908,17,1,0,0,54
13,13,906,16,2,144,477,451
10,13,906,19,0,337,1006,901
13,12,907,18,1,104,338,352
11,15,907,16,2,366,1023,923
7,17,901,18,1,89,235,289
6,14,910,17,2,377,1023,966
7,14,905,17,0,0,0,100
10,14,908,19,0,70,246,285
16,14,906,17,4,357,1023,957
14,14,907,19,0,0,0,91
12,16,905,15,4,193,614,548
11,13,908,19,0,320,940,846
12,14,908,16,2,93,305,326
15,15,907,18,2,361,1023,945
9,12,906,15,6,5,48,142
14,17,909,16,2,277,873,734
10,16,907,16,1,221,621,603
11,12,905,19,1,175,558,507
11,13,904,20,6,337,971,870
13,13,907,19,1,80,263,291
15,15,907,16,2,366,1023,951
11,13,905,15,3,0,0,100
11,13,905,19,1,257,818,695
11,14,906,19,0,256,711,664
13,15,908,16,2,163,507,471
11,15,906,17,2,348,998,891
11,15,905,16,2,68,221,262
10,12,906,15,5,373,1023,951
13,17,907,18,1,0,0,64
14,15,905,16,1,185,581,526
11,13,905,19,3,334,960,863
14,11,905,16,2,84,279,304
14,17,908,19,1,349,1023,961
13,15,904,15,3,1,14,130
15,15,904,19,1,374,1023,862
10,20,907,16,2,85,82,236
9,19,902,19,0,202,530,490
6,19,900,19,3,387,1022,921
10,23,904,17,2,28,91,175
9,23,903,16,2,379,1023,934
8,19,903,16,2,20,0,162
7,22,904,16,2,86,252,282
8,20,901,17,1,380,1023,943
8,21,903,17,0,0,0,75
7,20,903,16,2,34,119,180
9,21,902,17,2,375,1023,925
9,19,903,17,1,11,0,139
10,17,903,16,2,103,276,300
10,16,902,16,2,397,1023,927
13,12,902,15,5,76,171,222
9,16,902,15,6,413,1023,945
8,12,902,15,3,0,0,55
8,13,904,16,2,82,187,220
10,16,902,17,4,400,1023,930
5,14,905,17,2,0,0,55
8,15,905,19,3,73,194,240
11,17,903,16,2,403,1023,943
11,18,903,18,1,0,0,58
16,20,901,17,2,128,359,353
15,18,906,16,0,360,1020,905
15,13,904,19,1,77,249,269
15,13,901,19,6,371,1023,941
14,14,905,16,2,0,0,80
12,12,902,17,3,210,618,540
8,12,906,17,2,349,945,850
8,14,900,18,3,80,164,224
6,15,901,18,1,390,1023,942
9,13,902,19,0,0,0,115
14,15,903,18,1,52,177,218
12,13,903,17,0,366,1023,943
12,14,902,17,2,0,0,41
10,14,903,16,2,168,530,473
12,15,900,19,3,341,989,873
9,15,904,15,6,87,241,271
5,14,901,17,1,375,1023,949
7,18,903,17,0,0,0,86
8,14,900,19,1,24,102,171
9,12,902,17,3,361,1023,921
11,13,902,15,3,5,0,142
8,14,900,18,1,78,267,270
10,14,901,18,3,361,1023,929
10,15,904,16,2,0,0,35
10,17,903,18,2,138,454,414
10,12,903,19,0,340,1012,889
8,14,904,16,2,98,323,320
7,18,910,16,0,332,1023,949
7,14,911,19,1,0,0,60
11,18,907,16,2,75,184,230
20,15,904,17,0,392,1023,944
17,14,901,19,0,0,0,38
13,15,906,16,2,180,539,481
9,12,904,15,6,350,983,866
10,14,904,15,4,27,97,162
12,14,902,18,1,382,1023,916
14,15,903,17,2,0,0,69
13,13,901,19,1,97,263,272
10,12,903,18,1,393,1023,937
12,14,904,19,1,0,0,85
12,14,905,17,0,223,640,551
12,14,902,17,0,343,929,823
12,13,904,18,1,108,328,325
10,14,902,19,1,366,1023,905
11,11,901,16,3,74,225,252
11,12,902,19,1,377,1023,944
11,13,903,15,3,0,0,59
12,14,902,16,2,190,590,518
13,15,904,16,2,337,959,850
10,17,904,18,2,112,292,304
6,14,905,19,2,362,1023,929
8,14,908,17,0,16,20,124
12,14,906,19,0,354,1023,857
18,16,902,17,2,66,75,219
28,14,906,16,1,191,539,484
21,10,904,15,3,353,984,873
21,11,903,16,1,80,245,269
17,11,903,17,0,380,1023,945
15,12,901,18,4,0,0,81
18,14,902,15,3,219,619,544
7,13,903,17,1,346,940,852
7,13,903,17,2,65,164,227
8,15,906,16,1,382,1023,941
8,14,904,19,0,0,0,117
10,15,907,18,3,53,179,220
8,12,903,18,3,368,1023,943
9,12,903,15,3,0,0,52
10,12,903,18,1,58,191,228
9,12,901,19,3,367,1023,939
11,13,903,17,2,0,0,48
8,13,904,15,6,113,361,352
9,14,905,16,4,359,1023,922
8,14,905,17,0,0,0,42
21,13,906,18,2,107,388,375
10,18,906,17,2,333,1019,910
12,13,901,19,0,86,270,292
11,13,903,18,1,373,1023,939
12,13,904,19,0,0,8,101
11,12,900,17,4,266,839,702
14,14,903,16,2,243,683,635
15,15,901,17,1,166,528,475
12,12,901,17,2,340,991,876
14,15,902,18,1,71,236,264
14,17,903,16,0,366,1023,948
13,13,903,18,1,0,0,69
12,14,898,19,3,196,602,533
13,15,906,19,1,358,955,852
19,11,907,18,1,167,296,322
12,14,906,16,2,435,1023,934
8,14,904,17,4,128,197,246
8,16,901,17,4,484,1023,953
11,17,905,17,2,84,0,64
11,15,903,16,2,317,557,505
10,14,902,20,3,491,979,870
9,14,904,19,1,212,266,290
11,15,901,16,2,506,1023,954
9,13,902,17,2,115,0,104
7,18,908,17,1,451,1023,851
7,15,905,16,4,287,391,468
6,13,901,20,5,288,519,489
8,15,905,16,2,464,1023,932
11,15,903,16,3,87,83,168
8,15,903,19,1,432,1023,932
8,15,903,17,0,59,0,176
9,14,902,17,0,105,247,277
8,15,900,15,4,395,1023,950
9,14,900,17,4,0,0,52
10,17,902,18,1,89,263,283
8,13,900,20,5,384,1023,949
7,15,903,16,2,7,0,61
8,12,902,20,5,107,278,306
11,13,901,18,2,365,1023,950
14,15,903,19,0,0,17,116
10,13,900,19,1,322,1023,849
10,12,899,18,0,42,69,214
9,14,900,16,4,170,540,484
9,12,902,19,2,349,1019,910
9,14,900,19,1,24,100,169
10,13,901,20,1,364,1023,925
11,13,900,17,2,0,0,74
10,15,903,16,1,82,267,281
8,12,902,19,2,368,1023,946
10,14,903,17,2,0,0,48
6,15,909,19,0,158,460,441
6,13,904,19,1,374,1023,931
9,18,904,17,4,0,18,121
11,15,905,17,2,273,848,718
11,11,901,17,0,244,656,626
9,13,902,19,1,174,539,488
11,15,901,18,1,358,1020,915
10,15,903,17,4,83,248,278
11,13,903,17,3,383,1023,950
11,16,902,17,4,0,0,87
9,14,900,17,3,210,624,551
10,12,905,18,2,359,1010,908
8,12,902,15,4,127,316,334
9,12,900,15,3,400,1023,952
6,14,903,17,0,0,0,57
8,12,900,19,3,106,328,346
7,13,901,16,2,364,1023,943
8,13,899,19,1,0,0,50
9,12,903,16,2,108,349,354
8,14,904,19,3,361,1023,933
9,12,899,15,5,0,0,49
9,15,901,18,2,117,375,371
8,12,900,19,3,360,1023,930
9,16,903,16,2,0,0,60
8,12,900,18,5,124,398,389
9,14,903,19,0,360,1023,927
8,12,901,15,4,0,0,73
7,14,903,16,4,134,425,406
6,12,901,16,2,358,1023,927
8,11,901,18,2,0,0,94
10,14,903,16,2,141,450,428
6,12,900,19,1,349,1009,904
9,12,901,18,1,51,172,224
8,14,904,17,0,375,1023,940
7,12,903,17,0,0,0,108
11,13,905,17,2,47,193,242
16,12,906,17,1,415,1023,962
12,18,911,16,0,0,0,56
14,15,910,19,0,220,549,504
10,15,910,19,0,390,977,876
16,16,907,15,3,109,260,286
13,14,906,19,3,416,1023,925
14,14,907,16,1,88,165,216
13,13,906,18,2,435,1023,952
14,14,905,18,2,12,0,45
9,12,906,17,2,279,702,605
12,12,906,18,2,396,998,889
12,12,905,16,2,97,228,266
13,15,905,17,2,401,1023,956
12,13,906,19,1,0,0,72
11,15,907,17,1,236,611,544
7,16,910,17,2,370,952,870
10,13,904,19,2,60,149,224
10,14,906,17,2,383,1023,966
10,14,905,19,1,0,0,56
8,13,903,18,1,161,500,467
9,12,902,17,0,355,1023,927
8,14,903,19,0,10,59,151
8,14,905,18,3,345,1023,889
9,12,905,19,1,125,321,398
10,12,905,19,0,184,575,525
10,13,902,17,0,336,963,863
10,13,902,19,1,86,276,302
9,11,902,19,5,368,1023,951
9,10,905,15,3,0,0,52
9,13,904,19,3,94,293,313
10,13,904,19,0,379,1023,953
5,14,905,17,2,0,0,66
7,15,902,18,2,104,308,337
12,12,902,15,3,366,1023,948
11,16,904,16,2,9,58,154
10,11,902,19,1,344,1023,888
8,12,902,17,3,25,14,189
10,13,900,19,2,124,395,392
9,13,903,16,2,351,1016,914
10,12,903,19,2,38,133,199
8,11,902,18,0,371,1023,954
10,11,901,19,0,0,0,70
10,13,901,15,3,93,298,312
10,13,901,15,5,367,1023,942
9,13,901,17,6,3,44,138
9,12,904,13,4,283,872,732
10,14,903,17,0,316,904,819
9,13,901,17,0,138,384,393
10,12,901,15,2,393,1023,945
9,15,905,16,2,53,127,205
8,12,900,18,5,436,1023,941
9,13,901,18,1,69,0,141
11,15,901,18,2,188,292,309
8,14,900,19,0,491,1023,925
8,14,902,19,3,122,38,131
9,15,903,18,2,510,1023,921
8,12,900,17,4,171,50,205
11,11,901,18,1,308,561,501
8,12,901,17,3,481,981,874
6,14,901,21,1,195,122,201
6,13,901,21,0,500,1023,964
8,12,901,15,3,56,0,79
8,14,904,16,4,157,283,304
9,12,900,19,2,422,1023,947
10,12,902,19,2,0,0,49
8,12,902,17,1,175,482,445
9,13,900,17,2,375,1023,923
7,15,902,17,2,41,36,144
6,12,903,19,2,376,1023,885
6,12,900,15,3,140,348,426
7,12,901,15,3,170,553,510
8,12,901,17,4,346,1019,919
7,14,903,17,1,31,117,190
10,15,903,16,2,362,1023,940
8,12,900,18,3,0,0,78
10,15,902,17,1,37,136,202
9,13,901,19,1,380,1023,957
5,12,904,19,1,0,0,84
10,15,906,16,2,51,158,221
8,14,904,19,1,369,1023,952
8,14,903,19,0,0,0,67
9,12,904,17,4,53,172,220
11,13,903,18,2,375,1023,936
9,15,905,16,2,0,0,59
10,13,902,18,1,60,190,228
10,15,903,18,1,376,1023,948
8,14,904,16,2,0,0,47
8,14,905,16,2,120,370,362
7,13,907,19,0,358,1023,937
8,13,905,17,2,0,0,64
8,12,904,17,4,147,389,388
9,15,904,18,2,380,1023,931
7,14,908,16,4,0,0,70
8,13,903,20,0,144,415,401
7,12,902,19,0,374,1023,926
7,13,903,19,2,0,0,85
8,13,904,18,1,150,440,419
8,14,902,18,3,371,1023,924
8,12,903,18,4,0,1,99
8,12,902,18,1,154,461,434
7,12,904,16,1,364,1023,925
8,14,903,17,4,0,20,120
9,12,902,15,3,276,852,719
8,14,904,18,5,326,916,828
6,13,908,19,2,74,199,262
5,12,901,15,3,372,1023,957
7,13,903,18,1,0,0,103
11,16,903,17,1,68,219,262
11,16,903,16,1,375,1023,955
7,17,905,18,1,0,0,64
7,14,905,16,2,135,402,394
5,12,902,18,1,366,1023,931
8,12,902,17,1,0,0,79
10,13,903,18,2,141,430,417
8,15,905,16,2,359,1013,909
8,12,904,19,1,63,163,221
5,11,904,15,3,411,1023,954
6,14,903,17,2,9,0,129
5,12,902,15,3,62,182,233
7,15,903,16,2,368,1023,946
9,11,901,16,0,0,0,103
9,13,901,16,0,64,201,240
8,13,898,16,2,372,1023,941
8,11,900,18,1,0,0,88
8,12,900,17,4,17,69,144
10,15,901,18,2,346,1023,883
11,13,900,19,1,18,2,171
15,19,6,870,606,640,896,731
15,15,7,871,417,459,361,450
15,20,9,870,675,655,935,760
14,18,10,872,513,483,303,408
12,16,6,872,1023,820,1023,915
31,15,9,870,249,256,0,66
25,17,6,870,707,707,1023,831
24,18,7,871,248,275,0,137
24,17,6,870,653,640,894,728
22,18,7,873,473,468,361,454
27,19,5,870,686,660,933,757
25,16,7,869,457,449,302,405
24,16,8,869,735,685,981,794
14,17,6,871,629,458,227,348
12,15,7,873,891,764,1023,832
18,17,6,869,293,325,0,136
24,16,7,871,585,667,892,726
26,17,4,869,408,479,365,452
25,17,6,869,629,663,934,755
26,19,5,869,403,451,306,405
26,16,7,872,659,674,982,791
24,17,5,870,389,414,231,347
26,17,6,870,693,690,1023,827
23,16,6,871,230,266,0,136
14,18,7,871,725,664,891,725
17,17,7,871,585,561,368,455
12,16,8,870,800,711,927,757
20,15,10,869,403,476,315,413
24,18,9,869,658,748,1023,914
23,16,7,871,84,226,0,95
26,17,5,870,399,505,648,561
24,16,6,870,530,601,747,708
23,19,8,870,438,513,692,594
25,16,7,871,499,554,665,652
19,17,7,871,538,558,740,628
14,17,4,870,782,642,590,598
14,16,7,870,708,641,791,665
15,18,9,869,445,543,503,539
14,16,7,869,541,603,844,702
27,17,5,870,325,451,413,481
25,16,5,869,467,579,897,732
24,16,6,870,276,389,352,448
27,17,5,869,503,577,942,765
24,15,7,869,264,355,285,395
10,18,9,869,964,643,990,799
9,18,9,869,392,419,209,333
8,16,7,870,486,607,851,709
8,13,8,869,572,589,714,688
8,15,7,872,463,440,525,482
27,19,5,870,745,689,1003,912
21,16,7,871,391,442,568,517
22,19,8,869,592,620,880,808
17,14,7,871,414,453,620,554
20,16,7,868,571,586,790,750
11,17,6,870,524,490,672,590
9,16,7,868,726,593,700,686
13,16,7,869,354,445,533,497
987,15,6,870,743,645,902,842
946,15,8,869,538,528,770,665
26,17,7,869,377,365,257,384
27,17,5,870,660,624,1014,829
26,16,7,870,219,217,0,155
27,18,9,871,603,569,874,733
26,15,7,870,581,437,375,477
11,17,6,869,830,658,915,756
8,16,6,872,581,468,329,435
12,16,8,869,608,580,773,661
990,18,4,870,499,526,533,570
984,15,6,871,628,656,1010,828
983,13,5,869,142,205,0,93
978,15,9,869,680,671,1023,869
983,13,6,869,154,196,0,88
982,15,9,869,722,690,1023,906
981,16,6,870,140,189,0,85
17,19,9,870,867,735,1023,925
13,16,6,871,412,317,0,107
12,16,7,870,794,721,1023,841
33,18,10,869,283,284,0,152
48,16,6,868,688,694,1023,881
30,15,8,869,203,230,0,130
31,16,8,869,647,627,935,774
33,15,5,870,415,410,290,409
33,18,8,870,674,649,990,812
31,16,7,871,380,376,199,343
17,19,8,870,987,736,1023,857
13,17,6,869,448,395,0,139
17,16,7,870,794,729,905,748
14,16,5,869,437,494,340,443
23,17,6,870,603,653,956,784
18,15,10,871,330,402,262,387
21,18,9,869,742,732,1023,928
22,14,8,868,155,205,0,93
21,15,7,871,590,596,874,731
15,15,8,869,413,437,374,473
12,23,7,871,864,772,921,758
18,19,8,870,593,581,323,424
16,18,5,871,808,743,974,798
16,16,7,868,454,454,233,358
39,17,5,869,676,672,1023,838
39,17,10,870,219,240,0,141
41,19,7,871,728,696,1023,881
39,18,9,869,224,227,0,122
37,16,7,871,664,630,944,773
39,17,6,870,404,410,275,392
7,18,8,869,744,678,999,813
6,16,6,868,723,579,471,523
8,15,9,871,661,592,673,588
13,15,7,870,757,736,931,861
18,15,6,870,475,481,539,497
19,19,6,870,704,684,899,840
26,14,10,871,519,502,593,541
34,16,7,868,576,527,512,556
34,16,6,871,655,610,840,710
35,17,6,869,522,493,423,495
12,16,7,868,717,644,897,741
15,17,8,868,527,497,360,461
17,16,8,868,628,677,939,774
22,18,5,869,424,450,292,406
19,14,7,868,659,669,988,810
18,16,6,870,374,397,203,341
19,17,6,868,699,687,1023,849
18,15,9,871,254,255,0,139
19,15,6,870,665,634,907,748
19,15,10,871,454,446,339,440
8,16,6,870,847,741,1023,914
12,19,5,869,357,293,0,177
14,16,6,869,760,615,820,687
710,14,7,868,693,535,450,506
37,16,6,869,926,745,1023,863
32,17,5,868,448,308,0,126
47,17,5,869,870,705,925,755
33,14,7,871,642,511,314,416
53,15,10,871,883,743,980,794
28,16,6,871,434,364,0,163
16,15,9,868,856,682,842,703
19,17,6,869,678,566,418,483
720,16,6,870,895,726,898,734
49,13,8,868,508,431,43,225
716,16,6,872,857,755,940,763
717,16,7,871,493,407,0,182
49,17,6,869,889,786,999,803
48,16,8,867,593,515,192,319
48,17,6,870,916,823,1023,846
47,15,8,870,410,388,0,129
19,18,8,870,545,757,913,746
13,15,9,871,300,543,329,423
45,15,7,871,499,725,967,783
51,17,6,869,258,466,245,360
50,16,8,868,532,714,1023,826
49,17,7,867,94,281,0,136
49,15,7,870,392,548,697,598
48,14,9,871,444,576,655,645
40,16,7,871,424,556,750,635
7,15,9,869,811,615,573,585
7,15,7,872,479,541,612,539
15,14,10,871,630,713,966,877
21,17,4,869,387,509,669,580
18,16,7,868,517,575,704,685
19,16,10,870,524,523,718,617
19,19,7,869,469,417,331,430
16,16,8,869,710,634,961,783
18,16,6,867,442,395,245,366
22,16,7,868,848,692,1023,829
8,17,5,869,479,360,0,141
11,17,7,872,648,607,696,599
14,18,8,869,578,612,657,647
16,15,7,867,457,561,753,637
16,19,6,870,456,528,561,584
13,14,8,868,518,567,808,676
18,17,6,869,439,480,470,518
16,16,8,868,558,584,866,716
19,17,6,868,434,448,376,468
9,16,7,868,953,787,916,751
13,17,5,871,668,690,613,613
13,17,5,868,577,658,781,658
11,17,8,870,446,569,514,550
33,17,5,869,452,595,838,699
707,16,6,868,250,437,418,484
18,17,7,868,554,645,1023,877
18,17,5,869,64,169,0,114
18,16,7,871,416,486,751,641
17,13,6,868,391,454,557,581
8,16,6,871,759,567,810,681
6,16,6,871,882,760,794,741
8,15,8,870,559,522,488,458
11,16,7,871,865,768,1014,926
14,16,6,870,511,496,538,498
24,16,7,869,731,688,900,838
49,15,10,871,472,484,590,541
18,16,6,868,413,478,510,556
18,16,7,868,491,546,842,709
21,17,5,869,382,418,411,486
18,15,7,869,548,565,901,743
23,16,6,870,360,379,345,449
22,16,8,872,588,581,948,781
27,13,6,868,351,349,267,388
26,16,5,871,625,603,1006,820
26,15,9,869,193,187,0,150
26,16,6,871,562,558,878,731
12,17,6,871,591,477,373,466
20,16,8,869,773,633,922,759
24,17,6,871,525,420,306,417
25,16,5,871,791,658,981,802
26,16,6,870,603,378,212,347
25,16,8,868,919,688,1023,847
26,16,7,867,452,262,0,135
27,17,6,869,854,659,908,745
26,16,6,869,647,481,336,435
27,16,6,868,874,701,958,782
27,19,5,870,592,471,259,375
6,16,10,869,911,794,1022,826
4,18,9,868,448,422,0,145
7,19,6,870,616,661,693,598
29,15,10,869,690,769,923,849
26,19,4,869,473,604,751,641
26,16,7,871,438,567,568,592
26,17,7,871,502,599,809,680
26,16,7,872,431,510,475,526
24,16,8,871,550,609,866,722
28,17,6,868,406,456,381,473
26,17,6,870,583,621,918,753
26,16,7,870,291,433,316,423
9,17,5,869,783,686,974,793
8,15,9,869,534,531,506,549
10,15,7,871,460,514,656,576
20,14,6,868,502,575,718,693
27,15,7,870,448,506,716,619
26,16,7,868,497,521,618,626
22,16,6,868,514,526,772,659
22,17,6,867,477,479,524,560
20,18,6,869,556,551,835,699
27,16,6,868,447,437,424,494
26,18,9,869,587,575,895,735
28,16,5,869,370,396,351,448
20,14,7,868,772,593,941,770
27,16,7,870,529,386,275,390
22,16,8,868,793,642,1000,818
24,16,7,871,372,254,0,150
31,17,6,869,729,607,877,723
30,15,7,871,564,454,371,462
30,15,6,871,763,646,925,756
22,16,7,870,545,444,302,411
25,14,7,868,803,681,981,798
25,15,7,869,520,424,212,341
21,15,7,871,823,720,1023,845
22,18,8,869,341,291,0,130
19,17,7,868,842,667,909,742
34,16,6,868,615,483,328,426
713,16,6,870,867,712,962,784
49,18,9,869,481,343,0,166
48,16,7,871,820,676,840,697
51,16,7,868,695,567,420,484
48,15,9,869,842,718,903,732
51,16,6,868,651,542,350,442
47,19,8,870,868,752,952,772
50,14,9,869,595,528,268,379
20,15,9,869,867,774,1013,814
23,19,5,869,480,380,0,141
66,18,8,869,790,742,890,723
703,14,9,869,623,580,364,451
50,15,7,872,935,853,1023,901
49,15,9,869,406,362,0,96
50,14,7,869,794,722,811,675
51,17,5,869,710,639,466,511
51,16,8,868,839,755,877,718
48,15,7,871,673,600,375,461
50,16,7,868,866,786,930,753
48,14,8,868,606,577,302,404
12,17,8,869,709,794,991,797
12,19,4,869,457,537,202,329
17,15,7,869,681,812,1023,846
718,17,6,868,307,372,0,124
48,16,8,868,855,830,1023,894
47,17,8,869,332,346,0,104
49,15,9,869,797,767,978,791
51,16,6,870,530,509,224,346
48,16,7,869,831,793,1023,839
50,15,9,868,334,362,0,131
12,17,6,869,595,724,910,738
11,17,7,868,522,560,338,429
48,12,8,870,670,749,960,778
54,17,6,871,471,496,249,363
47,15,6,869,791,759,1023,826
48,15,11,869,362,337,0,136
49,15,7,871,857,790,1023,876
50,17,8,869,361,330,0,112
48,16,6,868,804,739,958,775
50,17,4,869,545,505,255,370
49,16,6,870,757,762,1023,822
5,16,6,870,452,383,0,140
6,16,6,871,653,660,700,596
8,14,5,871,729,787,919,840
47,15,9,869,486,497,383,382
48,17,9,869,850,803,990,894
47,15,7,869,520,515,446,432
51,17,4,869,865,789,956,872
51,16,6,868,579,550,508,475
51,17,6,868,854,780,920,855
48,17,7,871,613,577,566,518
46,15,8,869,764,766,881,817
4,19,6,867,736,634,623,562
6,19,8,869,897,848,961,887
6,15,8,869,415,490,310,346
7,18,8,870,765,833,1023,951
15,17,6,868,345,405,203,272
49,13,7,868,908,819,1023,945
48,14,7,868,496,499,424,431
48,16,6,869,858,788,967,897
46,14,7,868,547,531,487,477
47,15,10,869,839,776,930,877
48,16,7,871,690,640,736,649
47,18,7,870,704,640,592,625
47,18,6,869,757,676,798,692
48,16,7,868,701,606,485,553
49,16,8,871,809,713,867,737
46,16,6,871,667,571,379,494
46,16,8,870,852,752,924,773
48,16,6,870,638,548,312,437
48,18,6,869,883,788,987,816
48,16,8,868,617,515,210,357
49,14,6,868,924,827,1023,865
49,14,7,868,442,341,0,147
29,17,5,869,925,885,921,768
12,16,7,872,342,593,322,429
12,17,7,874,576,842,983,813
17,16,8,872,352,518,211,354
44,15,7,874,864,821,1023,864
41,15,9,871,450,350,0,144
40,16,6,871,872,778,923,767
42,15,8,872,643,564,309,424
40,14,6,871,898,814,992,814
41,17,6,872,607,535,199,341
42,15,7,872,930,856,1023,867
40,16,6,871,451,402,0,136
41,17,5,871,870,813,930,767
40,16,7,870,643,600,303,417
41,16,7,872,893,843,994,815
40,17,8,871,603,568,192,336
40,15,9,871,923,877,1023,865
43,17,4,871,440,428,0,135
41,15,7,873,853,823,930,768
16,16,5,873,682,656,298,413
2,20,7,870,914,974,994,813
8,16,6,871,578,669,469,524
37,16,7,869,553,611,683,601
41,18,9,871,681,655,675,668
41,16,6,871,682,628,747,641
30,16,8,868,655,617,568,595
33,14,6,869,648,690,811,687
4,14,7,869,676,691,461,518
6,17,8,869,453,619,682,598
26,16,7,872,690,737,924,859
712,18,8,870,501,528,555,514
710,16,7,873,615,588,564,593
710,14,8,870,711,715,1000,823
4,18,6,871,252,354,0,101
4,16,7,872,715,732,881,736
9,16,8,868,590,637,663,667
722,16,7,870,462,514,560,521
708,17,8,870,590,562,556,589
712,16,7,869,743,694,1007,825
710,14,8,869,157,252,0,98
3,15,9,870,862,760,1023,877
4,17,7,870,276,362,51,240
12,16,6,871,577,584,752,647
713,17,4,869,563,553,556,588
718,15,8,870,767,686,1005,824
710,14,6,871,290,244,0,98
711,14,7,869,788,721,1023,871
8,14,8,869,0,242,0,91
4,16,6,869,361,450,363,382
10,16,6,871,684,736,1023,940
711,14,7,872,252,402,429,432
48,16,7,871,518,594,778,743
50,14,6,868,462,489,683,604
48,14,7,868,548,538,662,665
48,16,7,871,546,518,746,652
48,16,7,871,540,495,556,591
47,17,6,870,608,548,811,697
48,14,8,869,521,456,447,514
50,17,6,869,655,585,880,735
50,17,8,868,482,419,360,462
49,15,8,870,695,618,936,778
50,17,5,869,462,403,273,395
48,16,6,871,737,657,1007,827
51,17,6,870,311,253,0,154
50,19,4,869,695,616,884,735
48,16,7,871,515,450,356,458
49,18,5,868,735,652,939,780
49,15,9,869,493,432,266,389
47,16,6,871,771,692,1012,831
51,17,8,868,338,286,0,149
711,14,7,869,729,658,889,739
712,17,5,870,426,362,41,230
713,13,8,868,868,777,1023,915
712,16,7,872,277,263,0,81
705,16,6,871,815,793,1023,927
8,16,7,871,388,292,0,77
13,16,6,871,806,702,892,742
717,15,5,869,615,518,349,448
51,16,8,869,954,810,1023,923
48,14,6,869,391,308,0,103
50,18,8,869,857,766,1023,842
6,16,7,869,265,371,0,143
6,18,8,869,750,720,713,621
47,15,9,869,760,782,903,843
721,14,5,871,639,575,592,544
49,16,6,872,705,598,497,547
47,17,6,869,786,699,854,721
31,18,9,869,393,580,381,483
7,17,5,870,787,816,916,762
14,15,9,869,537,644,582,607
22,17,8,870,630,651,796,682
42,16,6,871,601,567,475,528
41,16,8,868,725,676,868,731
38,16,6,871,536,536,374,472
7,17,5,870,910,808,928,772
12,14,7,868,603,639,568,597
24,17,6,872,680,647,808,692
39,15,10,871,605,555,450,517
38,16,6,869,842,763,1023,875
28,16,6,870,346,310,0,126
27,16,7,869,706,711,942,780
7,19,4,869,738,639,270,387
10,17,9,870,677,758,824,699
46,18,5,871,323,554,424,493
48,18,7,870,448,671,896,743
50,17,6,870,280,455,338,442
48,16,6,871,540,650,956,791
51,17,6,869,288,396,237,364
47,15,11,870,606,665,1023,843
48,16,7,871,115,198,0,90
50,17,5,869,594,608,909,754
49,14,6,871,396,408,314,423
47,15,11,869,654,632,979,803
49,16,8,869,254,240,0,162
48,15,7,871,613,582,861,720
27,14,7,868,466,435,373,473
29,15,7,871,662,615,919,759
29,18,9,869,443,406,303,411
24,17,7,869,701,642,986,806
27,16,8,868,407,367,190,328
28,13,6,871,709,679,1023,862
9,15,7,871,625,326,0,132
9,16,9,869,786,653,739,636
19,18,7,871,807,726,885,821
21,16,7,870,646,556,615,555
16,16,8,872,840,678,778,738
18,16,7,871,648,571,681,603
18,16,7,871,695,627,664,662
18,15,9,871,609,605,750,646
15,16,6,871,734,717,560,589
9,14,9,869,792,772,814,699
14,19,6,869,751,731,764,731
20,15,9,869,585,600,692,610
21,17,6,868,661,633,651,653
19,16,6,871,685,624,757,654
18,18,7,871,647,597,547,581
16,16,7,871,712,660,825,700
19,16,7,868,601,555,427,499
17,16,6,871,741,698,894,743
17,16,8,868,485,517,346,449
7,19,4,869,762,853,954,787
16,16,7,872,734,746,531,568
28,19,6,868,622,745,837,712
40,18,5,871,358,575,408,491
50,18,6,871,598,688,899,751
49,16,6,868,459,486,331,434
47,15,8,869,737,702,964,798
46,17,7,871,483,450,231,358
49,14,8,868,802,733,1023,847
49,18,5,871,348,305,0,139
51,18,9,869,762,691,908,755
50,19,5,869,547,498,325,424
32,16,8,871,773,722,973,799
10,15,7,871,149,447,211,344
6,19,6,868,829,765,1023,852
15,18,9,869,593,402,84,261
17,17,7,868,865,705,919,757
18,15,11,869,578,499,305,412
7,17,6,869,685,803,1023,921
7,15,9,868,165,323,0,156
10,17,7,871,561,564,678,587
40,15,9,869,820,647,675,663
37,15,9,868,773,615,743,632
35,15,10,869,634,605,568,590
6,17,7,871,646,720,995,811
18,15,6,868,613,554,461,513
20,17,6,871,904,682,875,727
20,15,9,868,655,521,368,460
21,15,7,871,628,704,931,766
6,19,6,869,360,490,284,395
12,16,7,871,647,637,811,683
20,14,5,871,727,549,450,508
22,15,7,868,840,683,882,726
18,18,9,869,582,516,363,453
5,16,7,868,642,718,937,769
8,15,7,870,782,642,548,576
18,18,8,869,816,599,635,561
19,16,7,868,828,714,749,716
13,16,7,868,519,621,699,606
7,20,7,871,595,695,645,640
8,16,6,871,564,575,573,523
18,16,7,871,955,793,980,893
21,17,6,869,581,519,460,444
17,16,7,871,369,748,939,870
6,15,9,869,610,569,527,493
9,15,6,869,947,786,1003,918
16,15,10,871,581,472,403,410
14,16,8,869,816,721,825,772
8,15,7,870,319,577,657,587
19,17,6,868,447,738,934,874
17,15,6,868,352,485,537,509
16,16,7,868,491,674,895,847
15,15,9,869,434,484,601,560
12,14,7,868,688,638,805,769
13,16,7,870,542,519,666,606
10,17,6,870,246,571,687,691
8,17,6,870,572,609,731,650
13,16,8,868,816,643,886,844
12,18,6,871,648,488,612,569
12,18,6,871,690,624,779,757
7,16,8,871,479,610,683,618
11,18,7,870,837,726,920,878
18,17,7,868,754,490,560,535
20,16,9,869,889,696,880,829
21,15,6,868,724,548,628,581
19,16,8,868,843,675,756,745
18,18,5,869,750,598,696,629
18,18,8,870,785,642,641,667
15,15,9,870,787,645,764,673
19,17,6,867,743,612,531,588
17,16,7,868,823,687,834,722
15,15,6,870,696,575,414,505
17,17,5,870,851,729,900,763
17,16,7,871,633,548,339,455
18,16,6,870,825,765,960,810
5,15,6,869,588,767,244,380
9,17,6,869,849,942,845,728
10,19,8,869,702,789,717,711
15,15,9,871,571,672,721,641
18,15,8,870,590,646,607,637
20,17,7,871,658,654,788,687
18,17,7,871,608,593,498,560
19,15,9,870,731,691,858,738
20,14,9,870,594,550,381,493
20,18,8,869,785,723,925,779
21,16,7,869,570,518,304,432
17,16,7,870,820,753,991,827
16,12,8,870,503,478,186,344
14,16,7,871,817,788,1023,883
13,16,6,872,143,332,0,143
4,19,4,870,878,896,939,787
8,15,7,873,752,769,567,608
12,16,5,873,553,661,626,576
8,16,6,873,672,746,767,746
14,19,4,870,338,517,511,493
17,17,6,869,630,724,917,866
12,16,7,868,452,518,569,537
14,16,7,871,676,694,868,817
12,16,7,872,535,540,639,589
13,14,8,869,660,644,743,734
13,15,7,870,584,570,708,632
13,14,7,869,597,595,627,654
19,15,9,870,328,611,774,681
2,20,7,871,785,816,528,581
5,15,9,876,755,678,647,594
9,16,7,870,753,749,942,890
12,18,7,870,151,375,335,379
13,15,7,871,582,656,1004,933
14,19,5,870,360,423,593,558
14,19,9,869,570,582,820,789
12,16,7,870,461,452,662,608
15,17,6,869,563,529,697,709
14,17,6,870,519,487,727,651
15,17,4,869,512,487,586,630
12,18,5,870,414,523,798,699
6,16,7,871,621,685,480,554
11,17,6,877,687,612,675,614
14,18,10,873,679,629,676,691
19,18,7,874,721,660,933,792
21,16,6,874,404,396,277,419
22,15,9,873,643,628,1004,842
20,16,7,872,248,219,0,169
18,14,7,870,683,580,891,754
20,16,8,870,515,411,351,468
19,15,9,870,759,621,953,798
17,15,9,870,526,392,255,394
19,15,9,870,820,668,1023,849
19,16,6,873,385,256,0,160
19,13,6,871,784,639,908,761
20,15,9,873,586,459,334,453
19,19,5,871,818,682,967,805
21,18,8,870,549,436,231,371
19,15,6,870,820,727,1023,860
11,17,7,872,321,504,0,152
21,15,7,874,775,732,906,770
44,16,6,872,533,472,315,433
43,18,7,871,760,703,983,815
39,16,6,870,478,411,196,346
42,18,8,870,768,716,1023,868
38,16,7,869,42,266,0,142
8,15,5,869,711,778,743,647
17,16,6,871,824,748,891,834
693,16,6,872,657,540,624,569
709,15,6,871,635,527,450,523
717,12,6,869,906,736,1023,882
47,15,10,872,384,260,0,98
48,16,8,869,901,788,1023,927
9,15,7,869,410,547,0,121
7,15,10,876,791,711,818,712
16,17,6,869,677,563,435,507
32,18,10,875,810,702,898,758
972,18,5,871,486,358,22,234
37,16,7,872,966,776,1023,926
38,16,6,870,442,285,0,109
37,15,7,873,927,752,1023,852
37,17,4,870,471,338,0,144
38,16,6,871,869,727,914,759
37,15,7,871,645,541,320,431
37,16,7,871,889,770,982,808
37,15,9,869,614,518,212,347
37,13,8,869,924,817,1023,860
38,16,6,870,461,386,0,138
36,16,7,870,870,779,927,765
36,15,9,871,641,574,300,415
37,15,11,870,893,812,998,817
37,13,6,869,476,419,0,159
34,16,7,870,842,770,879,733
37,16,8,872,670,611,368,467
37,16,6,870,873,804,942,774
39,14,8,870,633,584,280,398
37,15,9,871,892,832,1011,824
38,14,7,873,415,424,0,153
11,15,10,871,593,792,890,740
18,16,6,871,495,504,44,235
676,16,6,869,694,798,949,776
714,14,10,872,499,432,0,181
706,14,6,869,1023,892,1023,924
48,16,6,869,421,402,47,155
49,13,6,870,993,912,1023,965
12,19,8,870,252,438,115,201
5,15,9,871,866,905,1023,949
31,17,5,870,263,445,168,239
711,13,6,869,814,858,1023,941
706,16,5,869,549,595,573,526
707,16,5,870,640,632,538,574
704,15,7,871,802,779,1023,838
706,13,6,869,226,323,0,98
4,15,10,872,1005,862,1023,898
3,17,5,870,85,374,0,99
6,16,8,869,328,603,587,544
9,17,6,870,567,797,977,906
9,16,8,868,161,423,287,335
5,14,8,869,659,787,1023,958
9,16,6,869,151,353,186,268
6,16,7,871,726,776,1023,968
4,16,7,870,135,289,83,200
5,18,10,871,743,764,1023,974
10,17,9,871,72,220,0,116
7,17,6,870,646,731,1023,945
23,16,8,872,96,234,0,171
681,16,6,870,372,494,688,617
713,14,5,869,218,381,356,469
712,13,6,872,575,652,1023,930
713,15,9,869,34,137,0,92
712,16,6,873,552,585,1013,846
711,16,5,869,81,136,0,106
711,15,9,872,616,613,1023,898
711,16,4,870,105,132,0,98
711,17,6,870,681,643,1023,938
708,15,9,870,108,130,0,92
708,14,7,869,667,655,1023,945
6,15,9,871,374,144,0,91
6,16,6,871,829,582,900,764
10,15,9,871,732,535,617,649
26,16,6,872,761,560,776,681
714,13,6,869,667,521,512,570
714,14,7,871,886,694,1023,863
714,17,7,870,403,246,0,109
709,15,10,873,1001,784,1023,953
709,13,8,869,518,404,278,333
706,13,7,871,913,753,950,894
707,16,5,869,734,605,707,634
707,15,6,869,553,507,341,464
4,16,7,869,810,783,1023,939
6,17,7,871,364,352,0,192
707,16,6,869,575,588,652,593
48,14,7,869,667,548,402,498
712,15,9,870,865,713,910,764
703,17,6,870,535,394,10,228
703,13,7,870,1001,835,1023,931
701,13,8,870,408,334,1,133
703,13,6,869,1023,868,1023,974
60,14,6,869,453,516,392,411
5,15,9,870,984,848,984,913
9,17,6,870,412,486,282,335
15,17,8,870,650,833,1023,963
34,14,7,869,146,437,334,374
37,16,6,871,629,757,1004,938
34,14,7,869,386,514,590,555
37,15,7,872,584,674,839,800
27,13,8,870,450,529,654,598
36,15,9,871,553,607,718,719
37,18,8,869,485,544,721,647
36,16,7,869,446,547,610,647
